-- MySQL dump 10.13  Distrib 8.0.37, for Linux (x86_64)
--
-- Host: 18.142.251.214    Database: job-nest
-- ------------------------------------------------------
-- Server version	8.0.37-0ubuntu0.22.04.3

/*!40101 SET @OLD_CHARACTER_SET_CLIENT=@@CHARACTER_SET_CLIENT */;
/*!40101 SET @OLD_CHARACTER_SET_RESULTS=@@CHARACTER_SET_RESULTS */;
/*!40101 SET @OLD_COLLATION_CONNECTION=@@COLLATION_CONNECTION */;
/*!50503 SET NAMES utf8mb4 */;
/*!40103 SET @OLD_TIME_ZONE=@@TIME_ZONE */;
/*!40103 SET TIME_ZONE='+00:00' */;
/*!40014 SET @OLD_UNIQUE_CHECKS=@@UNIQUE_CHECKS, UNIQUE_CHECKS=0 */;
/*!40014 SET @OLD_FOREIGN_KEY_CHECKS=@@FOREIGN_KEY_CHECKS, FOREIGN_KEY_CHECKS=0 */;
/*!40101 SET @OLD_SQL_MODE=@@SQL_MODE, SQL_MODE='NO_AUTO_VALUE_ON_ZERO' */;
/*!40111 SET @OLD_SQL_NOTES=@@SQL_NOTES, SQL_NOTES=0 */;

--
-- Table structure for table `_prisma_migrations`
--

DROP TABLE IF EXISTS `_prisma_migrations`;
/*!40101 SET @saved_cs_client     = @@character_set_client */;
/*!50503 SET character_set_client = utf8mb4 */;
CREATE TABLE `_prisma_migrations` (
  `id` varchar(36) COLLATE utf8mb4_unicode_ci NOT NULL,
  `checksum` varchar(64) COLLATE utf8mb4_unicode_ci NOT NULL,
  `finished_at` datetime(3) DEFAULT NULL,
  `migration_name` varchar(255) COLLATE utf8mb4_unicode_ci NOT NULL,
  `logs` text COLLATE utf8mb4_unicode_ci,
  `rolled_back_at` datetime(3) DEFAULT NULL,
  `started_at` datetime(3) NOT NULL DEFAULT CURRENT_TIMESTAMP(3),
  `applied_steps_count` int unsigned NOT NULL DEFAULT '0',
  PRIMARY KEY (`id`)
) ENGINE=InnoDB DEFAULT CHARSET=utf8mb4 COLLATE=utf8mb4_unicode_ci;
/*!40101 SET character_set_client = @saved_cs_client */;

--
-- Dumping data for table `_prisma_migrations`
--

LOCK TABLES `_prisma_migrations` WRITE;
/*!40000 ALTER TABLE `_prisma_migrations` DISABLE KEYS */;
INSERT INTO `_prisma_migrations` VALUES ('17be1b0c-7f88-411b-9424-54f2f5859e69','da2e97b96cc0cc1b793f2b069cb9fa45bd50e124e4ce676f927700fb94dcbef3','2024-06-29 20:33:28.531','20240608150009_',NULL,NULL,'2024-06-29 20:33:28.224',1),('2aaf4bec-ef89-4356-8795-9029dc06b4a1','d3855a00ea0d3267d9bb03a520d3f7831a031e0d8d4b8f7f25ca9b3d068c5bcb','2024-06-29 20:33:26.377','20240530183853_',NULL,NULL,'2024-06-29 20:33:26.288',1),('3f91185c-a5dc-43dd-8833-8f26caafc99d','7e9a513e8567a1fc02d259501d04fc592c906383f8fc2d3c7dabc620f23ff42f','2024-06-29 20:33:27.248','20240608063544_',NULL,NULL,'2024-06-29 20:33:26.905',1),('4697a56b-a6bd-46d2-bd0e-b355ae641e4b','064e10207354cf264179922460c7df7b2a81e483a6aab7e81c415f7117407c97','2024-06-29 20:33:29.272','20240608174340_',NULL,NULL,'2024-06-29 20:33:28.942',1),('5148834f-c2e5-42d0-8e81-65b77d015681','d539df157c5a4d3d1003b99b3bb36e10ade9974c0b3aa6c6cb8d1351d7bd6615','2024-06-29 20:33:26.431','20240603163314_',NULL,NULL,'2024-06-29 20:33:26.384',1),('6c149d3f-33f6-4b26-801a-013d3255543f','c8fce9fb603c9f827c096783ac38e12c9c28696d74253f7c179309449215252f','2024-06-29 20:33:29.332','20240608182329_',NULL,NULL,'2024-06-29 20:33:29.278',1),('878e685b-7ad6-4382-8ef5-0797ce954c71','5902855984fb31bb36a3d22a08cd04c1751103be1f0f4eff696d05b20f1c8cec','2024-06-29 20:33:28.935','20240608160729_',NULL,NULL,'2024-06-29 20:33:28.537',1),('ac99d637-60dd-4c0e-8e47-92d301d4047f','6ceb8fd7b79b4e7d897d5768c84d5dbf29a898789cf792b6be2a31413fbd7b98','2024-06-29 20:33:26.281','20240530174923_init',NULL,NULL,'2024-06-29 20:33:21.226',1),('b0eda1a3-1a12-40a3-9d73-af5a015543b3','1ea87da3fd3c4810159e31babf077701b00823af0e79df8850823b565301575e','2024-06-29 20:33:29.618','20240627145107_',NULL,NULL,'2024-06-29 20:33:29.339',1),('b24889b3-cc9e-434b-b3e3-620ba9d247f5','6b3dd4267d2f20495865402d3fb9d96b63e097220f8f0a74785ca93fd5b504cb','2024-06-29 20:33:27.820','20240608063746_',NULL,NULL,'2024-06-29 20:33:27.254',1),('be0a1670-0489-4b2f-82e9-a9619c3b96a3','9a88daf77d03b9bfe080f15273aaa691ede6b3602c48467eeeff04768bca3cab','2024-06-29 20:33:30.229','20240628141520_',NULL,NULL,'2024-06-29 20:33:29.810',1),('c52d2434-97da-4942-a975-519ad89838f8','741953a1ec2bceee776a8c87529b6c9d58cd4d056f14d1c236b30c136eaff03c','2024-06-29 20:33:26.601','20240603171752_',NULL,NULL,'2024-06-29 20:33:26.555',1),('d88a8b53-2134-44a6-913b-9053e4bd19ef','7e9a513e8567a1fc02d259501d04fc592c906383f8fc2d3c7dabc620f23ff42f','2024-06-29 20:33:28.000','20240608064843_',NULL,NULL,'2024-06-29 20:33:27.826',1),('e261d7d3-e553-4c65-9717-c2b48c60c00e','75e2989165c9dd570c5c8fb14c692515643f5b29244cc6de1f3d468b13ce5694','2024-06-29 20:33:26.548','20240603163846_',NULL,NULL,'2024-06-29 20:33:26.438',1),('ed86dd32-0dcb-452a-902e-0a1ae3f09291','13ea55a24d4fcadf3eaa7399e32e8776006f8dd19764c6be1ac3eb320defb5ff','2024-06-29 20:33:28.216','20240608075937_',NULL,NULL,'2024-06-29 20:33:28.008',1),('f543483d-59f0-4792-83a5-39ed7ab63a28','f4405bf5a1f698894221c4c18c7dd1997d16960f3c6f536670e20176571eff8c','2024-06-29 20:33:26.897','20240604183753_',NULL,NULL,'2024-06-29 20:33:26.607',1),('fd2dd3e0-5a59-4dd5-a637-97b396eeff8f','feed2732d284694b5ce7de84598c4f5df6c09964a078519ae6e3f4c6566d6c30','2024-06-29 20:33:29.803','20240628140956_',NULL,NULL,'2024-06-29 20:33:29.625',1);
/*!40000 ALTER TABLE `_prisma_migrations` ENABLE KEYS */;
UNLOCK TABLES;

--
-- Table structure for table `application`
--

DROP TABLE IF EXISTS `application`;
/*!40101 SET @saved_cs_client     = @@character_set_client */;
/*!50503 SET character_set_client = utf8mb4 */;
CREATE TABLE `application` (
  `id` int NOT NULL AUTO_INCREMENT,
  `user_id` int NOT NULL,
  `job_id` int NOT NULL,
  `status` tinyint NOT NULL DEFAULT '0',
  `interview_schedule` datetime(3) DEFAULT NULL,
  `company_remark` text COLLATE utf8mb4_unicode_ci,
  `candidate_cv` varchar(255) COLLATE utf8mb4_unicode_ci DEFAULT NULL,
  `system_cv` json DEFAULT NULL,
  `candidate_name` varchar(255) COLLATE utf8mb4_unicode_ci NOT NULL,
  `candidate_email` varchar(255) COLLATE utf8mb4_unicode_ci NOT NULL,
  `candidate_phone_number` varchar(255) COLLATE utf8mb4_unicode_ci NOT NULL,
  `cv_type` int DEFAULT NULL,
  `classify` int DEFAULT NULL,
  `version` int NOT NULL DEFAULT '0',
  `create_at` timestamp NULL DEFAULT CURRENT_TIMESTAMP,
  `create_by` int DEFAULT NULL,
  `update_at` timestamp NULL DEFAULT CURRENT_TIMESTAMP,
  `update_by` int DEFAULT NULL,
  PRIMARY KEY (`id`),
  KEY `application_user_id_fkey` (`user_id`),
  KEY `application_job_id_fkey` (`job_id`),
  CONSTRAINT `application_job_id_fkey` FOREIGN KEY (`job_id`) REFERENCES `job` (`id`) ON DELETE RESTRICT ON UPDATE CASCADE,
  CONSTRAINT `application_user_id_fkey` FOREIGN KEY (`user_id`) REFERENCES `user` (`id`) ON DELETE RESTRICT ON UPDATE CASCADE
) ENGINE=InnoDB AUTO_INCREMENT=66 DEFAULT CHARSET=utf8mb4 COLLATE=utf8mb4_unicode_ci;
/*!40101 SET character_set_client = @saved_cs_client */;

--
-- Dumping data for table `application`
--

LOCK TABLES `application` WRITE;
/*!40000 ALTER TABLE `application` DISABLE KEYS */;
INSERT INTO `application` VALUES (2,2,1,1,'2024-07-10 19:00:00.000','<ul><li><p>2</p></li></ul>','','{\"cv\": [{\"url\": \"https://job-nest.s3.amazonaws.com/pdfs/31feeb8f4900bfb32a0cdfd313fafc51ac97c1c0ccdcdbbd9698dee45d31193b8b9c62704c18780a4ba07372079367558e87450961f73bc269b62352e533862d.pdf\", \"title\": \"nguyen-xuan-son\"}], \"id\": 1, \"user\": {\"lastName\": \"Sơn\", \"firstName\": \"Nguyễn\"}, \"status\": 1, \"target\": \"Đi làm kiếm tiền\", \"userId\": 2, \"project\": null, \"createdAt\": \"2024-06-29T20:33:53.000Z\", \"createdBy\": null, \"education\": [{\"end\": \"2023-09-05T00:00:00.000Z\", \"name\": \"Cử nhân\", \"major\": \"Khoa học máy tính\", \"start\": \"2019-09-05T00:00:00.000Z\", \"description\": \"Description\", \"organization\": \"Trường CNTT&TT, Đại học Bách Khoa Hà Nội\"}, {\"end\": \"2024-09-05T00:00:00.000Z\", \"name\": \"Kỹ Sư\", \"major\": \"Khoa học máy tính\", \"start\": \"2023-09-05T00:00:00.000Z\", \"description\": \"Description\", \"organization\": \"Trường CNTT&TT, Đại học Bách Khoa Hà Nội\"}], \"updatedAt\": \"2024-06-30T11:00:29.000Z\", \"updatedBy\": null, \"certificate\": [{\"end\": \"2024-09-05T00:00:00.000Z\", \"name\": \"Linux\", \"major\": \"Công nghệ thông tin\", \"start\": \"2023-09-05T00:00:00.000Z\", \"description\": \"Description\", \"organization\": \"Organization\"}, {\"end\": \"2024-09-05T00:00:00.000Z\", \"name\": \"Kafka\", \"major\": \"Công nghệ thông tin\", \"start\": \"2023-09-05T00:00:00.000Z\", \"description\": \"Description\", \"organization\": \"Organization\"}], \"publicCvType\": 1, \"advancedSkill\": [{\"name\": \"NodeJS\", \"level\": 50}, {\"name\": \"VueJS\", \"level\": 40}, {\"name\": \"SQL\", \"level\": 30}, {\"name\": \"Java\", \"level\": 60}], \"desiredCityId\": 4, \"desiredSalary\": 100000000, \"languageSkill\": [{\"name\": \"Anh\", \"level\": 30}, {\"name\": \"Việt\", \"level\": 90}], \"desiredJobMode\": 1, \"workExperience\": [{\"end\": \"2023-09-30T19:36:59.680Z\", \"start\": \"2023-07-27T19:36:59.680Z\", \"position\": \"Thực tập\", \"companyName\": \"Openway\", \"description\": \"Description\"}, {\"end\": \"\", \"start\": \"2023-10-27T19:36:59.680Z\", \"position\": \"Thực tập\", \"companyName\": \"WanoSoft\", \"description\": \"Description\"}], \"yearExperience\": 4, \"desiredJobLevel\": 1, \"desiredJobCategory\": {\"id\": 1, \"name\": \"Quản lý cửa hàng\"}, \"publicAttachmentCv\": null, \"desiredJobCategoryId\": 1}','Nguyễn Sơn','user@gmail.com','0987654321',1,1,0,'2024-06-30 11:02:40',NULL,'2024-07-06 19:53:43',NULL),(4,2,5,0,NULL,NULL,'','{\"cv\": [{\"url\": \"https://job-nest.s3.amazonaws.com/pdfs/31feeb8f4900bfb32a0cdfd313fafc51ac97c1c0ccdcdbbd9698dee45d31193b8b9c62704c18780a4ba07372079367558e87450961f73bc269b62352e533862d.pdf\", \"title\": \"nguyen-xuan-son\"}], \"id\": 1, \"user\": {\"lastName\": \"Sơn\", \"firstName\": \"Nguyễn\"}, \"status\": 1, \"target\": \"Đi làm kiếm tiền\", \"userId\": 2, \"project\": null, \"createdAt\": \"2024-06-29T20:33:53.000Z\", \"createdBy\": null, \"education\": [{\"end\": \"2023-09-05T00:00:00.000Z\", \"name\": \"Cử nhân\", \"major\": \"Khoa học máy tính\", \"start\": \"2019-09-05T00:00:00.000Z\", \"description\": \"Description\", \"organization\": \"Trường CNTT&TT, Đại học Bách Khoa Hà Nội\"}, {\"end\": \"2024-09-05T00:00:00.000Z\", \"name\": \"Kỹ Sư\", \"major\": \"Khoa học máy tính\", \"start\": \"2023-09-05T00:00:00.000Z\", \"description\": \"Description\", \"organization\": \"Trường CNTT&TT, Đại học Bách Khoa Hà Nội\"}], \"updatedAt\": \"2024-06-30T11:00:29.000Z\", \"updatedBy\": null, \"certificate\": [{\"end\": \"2024-09-05T00:00:00.000Z\", \"name\": \"Linux\", \"major\": \"Công nghệ thông tin\", \"start\": \"2023-09-05T00:00:00.000Z\", \"description\": \"Description\", \"organization\": \"Organization\"}, {\"end\": \"2024-09-05T00:00:00.000Z\", \"name\": \"Kafka\", \"major\": \"Công nghệ thông tin\", \"start\": \"2023-09-05T00:00:00.000Z\", \"description\": \"Description\", \"organization\": \"Organization\"}], \"publicCvType\": 1, \"advancedSkill\": [{\"name\": \"NodeJS\", \"level\": 50}, {\"name\": \"VueJS\", \"level\": 40}, {\"name\": \"SQL\", \"level\": 30}, {\"name\": \"Java\", \"level\": 60}], \"desiredCityId\": 4, \"desiredSalary\": 100000000, \"languageSkill\": [{\"name\": \"Anh\", \"level\": 30}, {\"name\": \"Việt\", \"level\": 90}], \"desiredJobMode\": 1, \"workExperience\": [{\"end\": \"2023-09-30T19:36:59.680Z\", \"start\": \"2023-07-27T19:36:59.680Z\", \"position\": \"Thực tập\", \"companyName\": \"Openway\", \"description\": \"Description\"}, {\"end\": \"\", \"start\": \"2023-10-27T19:36:59.680Z\", \"position\": \"Thực tập\", \"companyName\": \"WanoSoft\", \"description\": \"Description\"}], \"yearExperience\": 4, \"desiredJobLevel\": 1, \"desiredJobCategory\": {\"id\": 1, \"name\": \"Quản lý cửa hàng\"}, \"publicAttachmentCv\": null, \"desiredJobCategoryId\": 1}','Nguyễn Sơn','user@gmail.com','0987654321',1,NULL,0,'2024-07-01 12:41:30',NULL,'2024-07-01 12:41:30',NULL),(5,8,5,0,NULL,NULL,'','{\"cv\": [], \"id\": 5, \"user\": {\"lastName\": \"Tuấn\", \"firstName\": \"Nguyễn Minh\"}, \"status\": 0, \"target\": null, \"userId\": 8, \"project\": [], \"createdAt\": \"2024-07-02T01:44:38.000Z\", \"createdBy\": null, \"education\": [], \"updatedAt\": \"2024-07-02T01:50:28.000Z\", \"updatedBy\": null, \"certificate\": [], \"publicCvType\": 1, \"advancedSkill\": [], \"desiredCityId\": null, \"desiredSalary\": null, \"languageSkill\": [{\"name\": \"Tiếng Anh\", \"level\": 70}], \"desiredJobMode\": null, \"workExperience\": [{\"end\": \"2024-09-21T17:00:00.000Z\", \"start\": \"2023-05-04T17:00:00.000Z\", \"position\": \"Backend Developer\", \"companyName\": \"Comartek\", \"description\": \"<p>Collaborate with front-end developers to ensure website functionality</p>\"}], \"yearExperience\": null, \"desiredJobLevel\": null, \"desiredJobCategory\": null, \"publicAttachmentCv\": null, \"desiredJobCategoryId\": null}','Nguyễn Minh Tuấn','minhtuan09.dev@gmail.com','0355347788',1,NULL,0,'2024-07-02 01:55:28',NULL,'2024-07-02 01:55:28',NULL),(7,9,1,2,NULL,'<ul><li><p>1</p></li></ul>','','{\"cv\": [], \"id\": 6, \"user\": {\"lastName\": \"ádf\", \"firstName\": \"dsaf\"}, \"status\": 0, \"target\": null, \"userId\": 9, \"project\": [], \"createdAt\": \"2024-07-02T16:53:38.000Z\", \"createdBy\": null, \"education\": [], \"updatedAt\": \"2024-07-02T16:53:38.000Z\", \"updatedBy\": null, \"certificate\": [], \"publicCvType\": 0, \"advancedSkill\": [], \"desiredCityId\": null, \"desiredSalary\": null, \"languageSkill\": [], \"desiredJobMode\": null, \"workExperience\": [], \"yearExperience\": null, \"desiredJobLevel\": null, \"desiredJobCategory\": null, \"publicAttachmentCv\": null, \"desiredJobCategoryId\": null}','dsaf ádf','zcx@gmail.com','0912345678',1,2,0,'2024-07-02 17:02:51',NULL,'2024-07-08 17:23:09',NULL),(8,12,5,0,NULL,NULL,'','{\"cv\": [], \"id\": 8, \"user\": {\"lastName\": \"Long\", \"firstName\": \"Lang\"}, \"status\": 0, \"target\": null, \"userId\": 12, \"project\": [], \"createdAt\": \"2024-07-03T11:06:45.000Z\", \"createdBy\": null, \"education\": [], \"updatedAt\": \"2024-07-03T11:06:45.000Z\", \"updatedBy\": null, \"certificate\": [], \"publicCvType\": 0, \"advancedSkill\": [], \"desiredCityId\": null, \"desiredSalary\": null, \"languageSkill\": [], \"desiredJobMode\": null, \"workExperience\": [], \"yearExperience\": null, \"desiredJobLevel\": null, \"desiredJobCategory\": null, \"publicAttachmentCv\": null, \"desiredJobCategoryId\": null}','Lang Long','boomonline59@gmail.com','0988337443',1,NULL,0,'2024-07-03 11:11:26',NULL,'2024-07-03 11:11:26',NULL),(9,8,7,3,NULL,NULL,'','{\"cv\": [], \"id\": 5, \"user\": {\"lastName\": \"Tuấn\", \"firstName\": \"Nguyễn Minh\"}, \"status\": 0, \"target\": null, \"userId\": 8, \"project\": [], \"createdAt\": \"2024-07-02T01:44:38.000Z\", \"createdBy\": null, \"education\": [], \"updatedAt\": \"2024-07-02T01:50:28.000Z\", \"updatedBy\": null, \"certificate\": [], \"publicCvType\": 1, \"advancedSkill\": [], \"desiredCityId\": null, \"desiredSalary\": null, \"languageSkill\": [{\"name\": \"Tiếng Anh\", \"level\": 70}], \"desiredJobMode\": null, \"workExperience\": [{\"end\": \"2024-09-21T17:00:00.000Z\", \"start\": \"2023-05-04T17:00:00.000Z\", \"position\": \"Backend Developer\", \"companyName\": \"Comartek\", \"description\": \"<p>Collaborate with front-end developers to ensure website functionality</p>\"}], \"yearExperience\": null, \"desiredJobLevel\": null, \"desiredJobCategory\": null, \"publicAttachmentCv\": null, \"desiredJobCategoryId\": null}','Nguyễn Minh Tuấn','minhtuan09.dev@gmail.com','0355347788',1,NULL,0,'2024-07-04 02:53:57',NULL,'2024-07-04 02:54:45',NULL),(12,23,87,1,'2024-07-18 00:00:00.000',NULL,'','{\"cv\": [], \"id\": 9, \"user\": {\"lastName\": \"Vương\", \"firstName\": \"Nguyễn Anh\"}, \"status\": 0, \"target\": null, \"userId\": 23, \"project\": [], \"createdAt\": \"2024-07-07T20:17:27.000Z\", \"createdBy\": null, \"education\": [], \"updatedAt\": \"2024-07-07T20:17:27.000Z\", \"updatedBy\": null, \"certificate\": [], \"publicCvType\": 0, \"advancedSkill\": [], \"desiredCityId\": null, \"desiredSalary\": null, \"languageSkill\": [], \"desiredJobMode\": null, \"workExperience\": [], \"yearExperience\": null, \"desiredJobLevel\": null, \"desiredJobCategory\": null, \"publicAttachmentCv\": null, \"desiredJobCategoryId\": null}','Nguyễn Anh Vương','vuongben@gmail.com','0987654324',1,NULL,0,'2024-07-07 20:20:19',NULL,'2024-07-08 18:38:05',NULL),(13,23,84,0,NULL,NULL,'','{\"cv\": [], \"id\": 9, \"user\": {\"lastName\": \"Vương\", \"firstName\": \"Nguyễn Anh\"}, \"status\": 0, \"target\": null, \"userId\": 23, \"project\": [], \"createdAt\": \"2024-07-07T20:17:27.000Z\", \"createdBy\": null, \"education\": [], \"updatedAt\": \"2024-07-07T20:17:27.000Z\", \"updatedBy\": null, \"certificate\": [], \"publicCvType\": 0, \"advancedSkill\": [], \"desiredCityId\": null, \"desiredSalary\": null, \"languageSkill\": [], \"desiredJobMode\": null, \"workExperience\": [], \"yearExperience\": null, \"desiredJobLevel\": null, \"desiredJobCategory\": null, \"publicAttachmentCv\": null, \"desiredJobCategoryId\": null}','Nguyễn Anh Vương','vuongben@gmail.com','0987654324',1,NULL,0,'2024-07-07 20:20:28',NULL,'2024-07-07 20:20:28',NULL),(14,23,1,4,NULL,NULL,'','{\"cv\": [], \"id\": 9, \"user\": {\"lastName\": \"Vương\", \"firstName\": \"Nguyễn Anh\"}, \"status\": 0, \"target\": null, \"userId\": 23, \"project\": [], \"createdAt\": \"2024-07-07T20:17:27.000Z\", \"createdBy\": null, \"education\": [], \"updatedAt\": \"2024-07-07T20:17:27.000Z\", \"updatedBy\": null, \"certificate\": [], \"publicCvType\": 0, \"advancedSkill\": [], \"desiredCityId\": null, \"desiredSalary\": null, \"languageSkill\": [], \"desiredJobMode\": null, \"workExperience\": [], \"yearExperience\": null, \"desiredJobLevel\": null, \"desiredJobCategory\": null, \"publicAttachmentCv\": null, \"desiredJobCategoryId\": null}','Nguyễn Anh Vương','vuongben@gmail.com','0987654324',1,2,3,'2024-07-07 20:21:29',NULL,'2024-07-08 18:30:14',NULL),(15,23,9,1,NULL,NULL,'','{\"cv\": [], \"id\": 9, \"user\": {\"lastName\": \"Vương\", \"firstName\": \"Nguyễn Anh\"}, \"status\": 0, \"target\": null, \"userId\": 23, \"project\": [], \"createdAt\": \"2024-07-07T20:17:27.000Z\", \"createdBy\": null, \"education\": [], \"updatedAt\": \"2024-07-07T20:17:27.000Z\", \"updatedBy\": null, \"certificate\": [], \"publicCvType\": 0, \"advancedSkill\": [], \"desiredCityId\": null, \"desiredSalary\": null, \"languageSkill\": [], \"desiredJobMode\": null, \"workExperience\": [], \"yearExperience\": null, \"desiredJobLevel\": null, \"desiredJobCategory\": null, \"publicAttachmentCv\": null, \"desiredJobCategoryId\": null}','Nguyễn Anh Vương','vuongben@gmail.com','0987654324',1,2,0,'2024-07-07 20:21:32',NULL,'2024-07-08 18:30:10',NULL),(17,24,82,0,NULL,NULL,'','{\"cv\": [], \"id\": 10, \"user\": {\"lastName\": \"Tuấn\", \"firstName\": \"Nguyễn Minh\"}, \"status\": 0, \"target\": null, \"userId\": 24, \"project\": [], \"createdAt\": \"2024-07-07T20:22:26.000Z\", \"createdBy\": null, \"education\": [], \"updatedAt\": \"2024-07-07T20:22:26.000Z\", \"updatedBy\": null, \"certificate\": [], \"publicCvType\": 0, \"advancedSkill\": [], \"desiredCityId\": null, \"desiredSalary\": null, \"languageSkill\": [], \"desiredJobMode\": null, \"workExperience\": [], \"yearExperience\": null, \"desiredJobLevel\": null, \"desiredJobCategory\": null, \"publicAttachmentCv\": null, \"desiredJobCategoryId\": null}','Nguyễn Minh Tuấn','user2@gmail.com','0946375834',1,NULL,0,'2024-07-07 20:23:41',NULL,'2024-07-07 20:23:41',NULL),(18,24,81,0,NULL,NULL,'','{\"cv\": [], \"id\": 10, \"user\": {\"lastName\": \"Tuấn\", \"firstName\": \"Nguyễn Minh\"}, \"status\": 0, \"target\": null, \"userId\": 24, \"project\": [], \"createdAt\": \"2024-07-07T20:22:26.000Z\", \"createdBy\": null, \"education\": [], \"updatedAt\": \"2024-07-07T20:22:26.000Z\", \"updatedBy\": null, \"certificate\": [], \"publicCvType\": 0, \"advancedSkill\": [], \"desiredCityId\": null, \"desiredSalary\": null, \"languageSkill\": [], \"desiredJobMode\": null, \"workExperience\": [], \"yearExperience\": null, \"desiredJobLevel\": null, \"desiredJobCategory\": null, \"publicAttachmentCv\": null, \"desiredJobCategoryId\": null}','Nguyễn Minh Tuấn','user2@gmail.com','0946375834',1,NULL,0,'2024-07-07 20:24:51',NULL,'2024-07-07 20:24:51',NULL),(20,24,7,0,NULL,NULL,'','{\"cv\": [], \"id\": 10, \"user\": {\"lastName\": \"Tuấn\", \"firstName\": \"Nguyễn Minh\"}, \"status\": 0, \"target\": null, \"userId\": 24, \"project\": [], \"createdAt\": \"2024-07-07T20:22:26.000Z\", \"createdBy\": null, \"education\": [], \"updatedAt\": \"2024-07-07T20:22:26.000Z\", \"updatedBy\": null, \"certificate\": [], \"publicCvType\": 0, \"advancedSkill\": [], \"desiredCityId\": null, \"desiredSalary\": null, \"languageSkill\": [], \"desiredJobMode\": null, \"workExperience\": [], \"yearExperience\": null, \"desiredJobLevel\": null, \"desiredJobCategory\": null, \"publicAttachmentCv\": null, \"desiredJobCategoryId\": null}','Nguyễn Minh Tuấn','user2@gmail.com','0946375834',1,NULL,0,'2024-07-07 20:25:36',NULL,'2024-07-07 20:25:36',NULL),(21,25,83,0,NULL,NULL,'','{\"cv\": [], \"id\": 11, \"user\": {\"lastName\": \"Tiến\", \"firstName\": \"Chu Mạnh \"}, \"status\": 0, \"target\": null, \"userId\": 25, \"project\": [], \"createdAt\": \"2024-07-07T20:27:16.000Z\", \"createdBy\": null, \"education\": [], \"updatedAt\": \"2024-07-07T20:27:16.000Z\", \"updatedBy\": null, \"certificate\": [], \"publicCvType\": 0, \"advancedSkill\": [], \"desiredCityId\": null, \"desiredSalary\": null, \"languageSkill\": [], \"desiredJobMode\": null, \"workExperience\": [], \"yearExperience\": null, \"desiredJobLevel\": null, \"desiredJobCategory\": null, \"publicAttachmentCv\": null, \"desiredJobCategoryId\": null}','Chu Mạnh  Tiến','user3@gmail.com','0936471883',1,NULL,0,'2024-07-07 20:28:26',NULL,'2024-07-07 20:28:26',NULL),(22,25,87,0,NULL,NULL,'','{\"cv\": [], \"id\": 11, \"user\": {\"lastName\": \"Tiến\", \"firstName\": \"Chu Mạnh \"}, \"status\": 0, \"target\": null, \"userId\": 25, \"project\": [], \"createdAt\": \"2024-07-07T20:27:16.000Z\", \"createdBy\": null, \"education\": [], \"updatedAt\": \"2024-07-07T20:27:16.000Z\", \"updatedBy\": null, \"certificate\": [], \"publicCvType\": 0, \"advancedSkill\": [], \"desiredCityId\": null, \"desiredSalary\": null, \"languageSkill\": [], \"desiredJobMode\": null, \"workExperience\": [], \"yearExperience\": null, \"desiredJobLevel\": null, \"desiredJobCategory\": null, \"publicAttachmentCv\": null, \"desiredJobCategoryId\": null}','Chu Mạnh  Tiến','user3@gmail.com','0936471883',1,NULL,0,'2024-07-07 20:29:08',NULL,'2024-07-07 20:29:08',NULL),(23,25,5,0,NULL,NULL,'','{\"cv\": [], \"id\": 11, \"user\": {\"lastName\": \"Tiến\", \"firstName\": \"Chu Mạnh \"}, \"status\": 0, \"target\": null, \"userId\": 25, \"project\": [], \"createdAt\": \"2024-07-07T20:27:16.000Z\", \"createdBy\": null, \"education\": [], \"updatedAt\": \"2024-07-07T20:27:16.000Z\", \"updatedBy\": null, \"certificate\": [], \"publicCvType\": 0, \"advancedSkill\": [], \"desiredCityId\": null, \"desiredSalary\": null, \"languageSkill\": [], \"desiredJobMode\": null, \"workExperience\": [], \"yearExperience\": null, \"desiredJobLevel\": null, \"desiredJobCategory\": null, \"publicAttachmentCv\": null, \"desiredJobCategoryId\": null}','Chu Mạnh  Tiến','user3@gmail.com','0936471883',1,NULL,0,'2024-07-07 20:29:46',NULL,'2024-07-07 20:29:46',NULL),(25,27,87,1,'2024-07-12 08:00:00.000',NULL,'','{\"cv\": [], \"id\": 13, \"user\": {\"lastName\": \"Long\", \"firstName\": \"Trần Văn\"}, \"status\": 0, \"target\": \"Tương lai gần trở thành frontend developer\", \"userId\": 27, \"project\": [{\"end\": \"2022-09-14T17:00:00.000Z\", \"name\": \"Website bán sách\", \"start\": \"2022-07-13T17:00:00.000Z\", \"description\": \"<ul><li><p>Dự án cá nhân</p></li><li><p>Tạo ra một website bán sách đơn giản</p></li><li><p>Công nghệ sử dung: ReactJS, NodeJS (ExpressJS) và MySQL</p></li><li><p>Chức năng: Đăng nhập, đăng kí, xác thực, CRUD Book, CRUD author, nhóm chức năng liên quan đến</p><p>Cart</p></li></ul>\"}], \"createdAt\": \"2024-07-08T12:14:44.000Z\", \"createdBy\": null, \"education\": [{\"end\": \"2024-09-04T17:00:00.000Z\", \"name\": \"Cử nhân\", \"major\": \"Khoa học máy tính\", \"start\": \"2019-09-04T17:00:00.000Z\", \"description\": \"\", \"organization\": \"Đại học Bách Khoa Hà Nội\"}], \"updatedAt\": \"2024-07-08T12:23:20.000Z\", \"updatedBy\": null, \"certificate\": [{\"end\": \"2024-07-16T17:00:00.000Z\", \"name\": \"AWS\", \"start\": \"2023-07-11T17:00:00.000Z\", \"description\": \"\", \"organization\": \"AWS\"}], \"publicCvType\": 1, \"advancedSkill\": [{\"name\": \"ReactJS\", \"level\": 60}, {\"name\": \"NestJS\", \"level\": 70}], \"desiredCityId\": null, \"desiredSalary\": 15000000, \"languageSkill\": [{\"name\": \"Tiếng Anh\", \"level\": 40}], \"desiredJobMode\": 0, \"workExperience\": [{\"end\": \"2024-07-23T17:00:00.000Z\", \"start\": \"2022-07-04T17:00:00.000Z\", \"position\": \"Thực tập sinh React\", \"companyName\": \"BitSoft\", \"description\": \"<ul><li><p>Tìm hiểu HTML, CSS, JS</p></li><li><p>TÌm hiểu ReactJS</p></li><li><p>Làm dự án internal</p></li></ul>\"}], \"yearExperience\": 1, \"desiredJobLevel\": 1, \"desiredJobCategory\": {\"id\": 25, \"name\": \"Phần phềm máy tính\"}, \"publicAttachmentCv\": null, \"desiredJobCategoryId\": 25}','Trần Văn Long','user5@gmail.com','0374819354',1,2,0,'2024-07-08 12:23:54',NULL,'2024-07-08 18:39:36',NULL),(26,27,84,0,NULL,NULL,'','{\"cv\": [], \"id\": 13, \"user\": {\"lastName\": \"Long\", \"firstName\": \"Trần Văn\"}, \"status\": 0, \"target\": \"Tương lai gần trở thành frontend developer\", \"userId\": 27, \"project\": [{\"end\": \"2022-09-14T17:00:00.000Z\", \"name\": \"Website bán sách\", \"start\": \"2022-07-13T17:00:00.000Z\", \"description\": \"<ul><li><p>Dự án cá nhân</p></li><li><p>Tạo ra một website bán sách đơn giản</p></li><li><p>Công nghệ sử dung: ReactJS, NodeJS (ExpressJS) và MySQL</p></li><li><p>Chức năng: Đăng nhập, đăng kí, xác thực, CRUD Book, CRUD author, nhóm chức năng liên quan đến</p><p>Cart</p></li></ul>\"}], \"createdAt\": \"2024-07-08T12:14:44.000Z\", \"createdBy\": null, \"education\": [{\"end\": \"2024-09-04T17:00:00.000Z\", \"name\": \"Cử nhân\", \"major\": \"Khoa học máy tính\", \"start\": \"2019-09-04T17:00:00.000Z\", \"description\": \"\", \"organization\": \"Đại học Bách Khoa Hà Nội\"}], \"updatedAt\": \"2024-07-08T12:23:20.000Z\", \"updatedBy\": null, \"certificate\": [{\"end\": \"2024-07-16T17:00:00.000Z\", \"name\": \"AWS\", \"start\": \"2023-07-11T17:00:00.000Z\", \"description\": \"\", \"organization\": \"AWS\"}], \"publicCvType\": 1, \"advancedSkill\": [{\"name\": \"ReactJS\", \"level\": 60}, {\"name\": \"NestJS\", \"level\": 70}], \"desiredCityId\": null, \"desiredSalary\": 15000000, \"languageSkill\": [{\"name\": \"Tiếng Anh\", \"level\": 40}], \"desiredJobMode\": 0, \"workExperience\": [{\"end\": \"2024-07-23T17:00:00.000Z\", \"start\": \"2022-07-04T17:00:00.000Z\", \"position\": \"Thực tập sinh React\", \"companyName\": \"BitSoft\", \"description\": \"<ul><li><p>Tìm hiểu HTML, CSS, JS</p></li><li><p>TÌm hiểu ReactJS</p></li><li><p>Làm dự án internal</p></li></ul>\"}], \"yearExperience\": 1, \"desiredJobLevel\": 1, \"desiredJobCategory\": {\"id\": 25, \"name\": \"Phần phềm máy tính\"}, \"publicAttachmentCv\": null, \"desiredJobCategoryId\": 25}','Trần Văn Long','user5@gmail.com','0374819354',1,NULL,0,'2024-07-08 12:24:06',NULL,'2024-07-08 12:24:06',NULL),(27,27,81,0,NULL,NULL,'','{\"cv\": [], \"id\": 13, \"user\": {\"lastName\": \"Long\", \"firstName\": \"Trần Văn\"}, \"status\": 0, \"target\": \"Tương lai gần trở thành frontend developer\", \"userId\": 27, \"project\": [{\"end\": \"2022-09-14T17:00:00.000Z\", \"name\": \"Website bán sách\", \"start\": \"2022-07-13T17:00:00.000Z\", \"description\": \"<ul><li><p>Dự án cá nhân</p></li><li><p>Tạo ra một website bán sách đơn giản</p></li><li><p>Công nghệ sử dung: ReactJS, NodeJS (ExpressJS) và MySQL</p></li><li><p>Chức năng: Đăng nhập, đăng kí, xác thực, CRUD Book, CRUD author, nhóm chức năng liên quan đến</p><p>Cart</p></li></ul>\"}], \"createdAt\": \"2024-07-08T12:14:44.000Z\", \"createdBy\": null, \"education\": [{\"end\": \"2024-09-04T17:00:00.000Z\", \"name\": \"Cử nhân\", \"major\": \"Khoa học máy tính\", \"start\": \"2019-09-04T17:00:00.000Z\", \"description\": \"\", \"organization\": \"Đại học Bách Khoa Hà Nội\"}], \"updatedAt\": \"2024-07-08T12:23:20.000Z\", \"updatedBy\": null, \"certificate\": [{\"end\": \"2024-07-16T17:00:00.000Z\", \"name\": \"AWS\", \"start\": \"2023-07-11T17:00:00.000Z\", \"description\": \"\", \"organization\": \"AWS\"}], \"publicCvType\": 1, \"advancedSkill\": [{\"name\": \"ReactJS\", \"level\": 60}, {\"name\": \"NestJS\", \"level\": 70}], \"desiredCityId\": null, \"desiredSalary\": 15000000, \"languageSkill\": [{\"name\": \"Tiếng Anh\", \"level\": 40}], \"desiredJobMode\": 0, \"workExperience\": [{\"end\": \"2024-07-23T17:00:00.000Z\", \"start\": \"2022-07-04T17:00:00.000Z\", \"position\": \"Thực tập sinh React\", \"companyName\": \"BitSoft\", \"description\": \"<ul><li><p>Tìm hiểu HTML, CSS, JS</p></li><li><p>TÌm hiểu ReactJS</p></li><li><p>Làm dự án internal</p></li></ul>\"}], \"yearExperience\": 1, \"desiredJobLevel\": 1, \"desiredJobCategory\": {\"id\": 25, \"name\": \"Phần phềm máy tính\"}, \"publicAttachmentCv\": null, \"desiredJobCategoryId\": 25}','Trần Văn Long','user5@gmail.com','0374819354',1,NULL,0,'2024-07-08 12:24:42',NULL,'2024-07-08 12:24:42',NULL),(28,26,87,0,NULL,'<p><em> fa</em></p><p><em>ád f</em></p><p><em>ádf </em></p><p><em>ád</em></p><p><em>f </em></p>','','{\"cv\": [], \"id\": 12, \"user\": {\"lastName\": \"Hùng\", \"firstName\": \"Nguyễn Duy \"}, \"status\": 0, \"target\": \"vị trí Cto\", \"userId\": 26, \"project\": [{\"end\": \"2024-07-25T17:00:00.000Z\", \"name\": \"Shopify - Tiktok app\", \"start\": \"2023-07-11T17:00:00.000Z\", \"description\": \"<ul><li><p>Tìm hiểu về thương mại điện tử (shopify). Tạo ứng dụng giúp người bán hàng trên shopify có thể theo dõi các hoạt động của khách hàng trên website bán hàng của họ thông qua nền tảng Tiktok.</p></li><li><p>Số thành viên: 3</p></li><li><p>Công nghệ sử dụng: NodeJS, ReactJS</p></li></ul>\"}], \"createdAt\": \"2024-07-08T12:06:19.000Z\", \"createdBy\": null, \"education\": [{\"end\": \"2024-07-25T17:00:00.000Z\", \"name\": \"Cử nhân\", \"major\": \"Khoa học máy tính\", \"start\": \"2019-07-24T17:00:00.000Z\", \"description\": \"\", \"organization\": \"Đại học Bách Khoa Hà Nội\"}], \"updatedAt\": \"2024-07-08T12:13:00.000Z\", \"updatedBy\": null, \"certificate\": [{\"end\": \"2024-08-01T17:00:00.000Z\", \"name\": \"Kafka\", \"start\": \"2023-07-26T17:00:00.000Z\", \"description\": \"\", \"organization\": \"Kafka\"}], \"publicCvType\": 1, \"advancedSkill\": [{\"name\": \"NodeJS\", \"level\": 50}], \"desiredCityId\": null, \"desiredSalary\": 100000000, \"languageSkill\": [{\"name\": \"Tiếng Anh\", \"level\": 80}], \"desiredJobMode\": 0, \"workExperience\": [{\"end\": \"\", \"start\": \"2022-07-06T17:00:00.000Z\", \"position\": \"Thực tập sinh\", \"companyName\": \"Wanosoft\", \"description\": \"<p>• Công nghệ: NestJS, GraphQL, Prisma, MySQL</p><p>• Công việc: Tìm hiểu dự án công ty, maintain dự án external, code thêm tính năng cho dự án internal</p>\"}], \"yearExperience\": 7, \"desiredJobLevel\": 7, \"desiredJobCategory\": {\"id\": 28, \"name\": \"Quản lý dự án công nghệ\"}, \"publicAttachmentCv\": null, \"desiredJobCategoryId\": 28}','Nguyễn Duy  Hùng','user4@gmail.com','0947328944',1,1,0,'2024-07-08 12:25:15',NULL,'2024-07-08 18:40:25',NULL),(29,26,81,0,NULL,NULL,'','{\"cv\": [], \"id\": 12, \"user\": {\"lastName\": \"Hùng\", \"firstName\": \"Nguyễn Duy \"}, \"status\": 0, \"target\": \"vị trí Cto\", \"userId\": 26, \"project\": [{\"end\": \"2024-07-25T17:00:00.000Z\", \"name\": \"Shopify - Tiktok app\", \"start\": \"2023-07-11T17:00:00.000Z\", \"description\": \"<ul><li><p>Tìm hiểu về thương mại điện tử (shopify). Tạo ứng dụng giúp người bán hàng trên shopify có thể theo dõi các hoạt động của khách hàng trên website bán hàng của họ thông qua nền tảng Tiktok.</p></li><li><p>Số thành viên: 3</p></li><li><p>Công nghệ sử dụng: NodeJS, ReactJS</p></li></ul>\"}], \"createdAt\": \"2024-07-08T12:06:19.000Z\", \"createdBy\": null, \"education\": [{\"end\": \"2024-07-25T17:00:00.000Z\", \"name\": \"Cử nhân\", \"major\": \"Khoa học máy tính\", \"start\": \"2019-07-24T17:00:00.000Z\", \"description\": \"\", \"organization\": \"Đại học Bách Khoa Hà Nội\"}], \"updatedAt\": \"2024-07-08T12:13:00.000Z\", \"updatedBy\": null, \"certificate\": [{\"end\": \"2024-08-01T17:00:00.000Z\", \"name\": \"Kafka\", \"start\": \"2023-07-26T17:00:00.000Z\", \"description\": \"\", \"organization\": \"Kafka\"}], \"publicCvType\": 1, \"advancedSkill\": [{\"name\": \"NodeJS\", \"level\": 50}], \"desiredCityId\": null, \"desiredSalary\": 100000000, \"languageSkill\": [{\"name\": \"Tiếng Anh\", \"level\": 80}], \"desiredJobMode\": 0, \"workExperience\": [{\"end\": \"\", \"start\": \"2022-07-06T17:00:00.000Z\", \"position\": \"Thực tập sinh\", \"companyName\": \"Wanosoft\", \"description\": \"<p>• Công nghệ: NestJS, GraphQL, Prisma, MySQL</p><p>• Công việc: Tìm hiểu dự án công ty, maintain dự án external, code thêm tính năng cho dự án internal</p>\"}], \"yearExperience\": 7, \"desiredJobLevel\": 7, \"desiredJobCategory\": {\"id\": 28, \"name\": \"Quản lý dự án công nghệ\"}, \"publicAttachmentCv\": null, \"desiredJobCategoryId\": 28}','Nguyễn Duy  Hùng','user4@gmail.com','0947328944',1,NULL,0,'2024-07-08 12:25:37',NULL,'2024-07-08 12:25:37',NULL),(30,26,9,1,NULL,NULL,'','{\"cv\": [], \"id\": 12, \"user\": {\"lastName\": \"Hùng\", \"firstName\": \"Nguyễn Duy \"}, \"status\": 0, \"target\": \"vị trí Cto\", \"userId\": 26, \"project\": [{\"end\": \"2024-07-25T17:00:00.000Z\", \"name\": \"Shopify - Tiktok app\", \"start\": \"2023-07-11T17:00:00.000Z\", \"description\": \"<ul><li><p>Tìm hiểu về thương mại điện tử (shopify). Tạo ứng dụng giúp người bán hàng trên shopify có thể theo dõi các hoạt động của khách hàng trên website bán hàng của họ thông qua nền tảng Tiktok.</p></li><li><p>Số thành viên: 3</p></li><li><p>Công nghệ sử dụng: NodeJS, ReactJS</p></li></ul>\"}], \"createdAt\": \"2024-07-08T12:06:19.000Z\", \"createdBy\": null, \"education\": [{\"end\": \"2024-07-25T17:00:00.000Z\", \"name\": \"Cử nhân\", \"major\": \"Khoa học máy tính\", \"start\": \"2019-07-24T17:00:00.000Z\", \"description\": \"\", \"organization\": \"Đại học Bách Khoa Hà Nội\"}], \"updatedAt\": \"2024-07-08T12:13:00.000Z\", \"updatedBy\": null, \"certificate\": [{\"end\": \"2024-08-01T17:00:00.000Z\", \"name\": \"Kafka\", \"start\": \"2023-07-26T17:00:00.000Z\", \"description\": \"\", \"organization\": \"Kafka\"}], \"publicCvType\": 1, \"advancedSkill\": [{\"name\": \"NodeJS\", \"level\": 50}], \"desiredCityId\": null, \"desiredSalary\": 100000000, \"languageSkill\": [{\"name\": \"Tiếng Anh\", \"level\": 80}], \"desiredJobMode\": 0, \"workExperience\": [{\"end\": \"\", \"start\": \"2022-07-06T17:00:00.000Z\", \"position\": \"Thực tập sinh\", \"companyName\": \"Wanosoft\", \"description\": \"<p>• Công nghệ: NestJS, GraphQL, Prisma, MySQL</p><p>• Công việc: Tìm hiểu dự án công ty, maintain dự án external, code thêm tính năng cho dự án internal</p>\"}], \"yearExperience\": 7, \"desiredJobLevel\": 7, \"desiredJobCategory\": {\"id\": 28, \"name\": \"Quản lý dự án công nghệ\"}, \"publicAttachmentCv\": null, \"desiredJobCategoryId\": 28}','Nguyễn Duy  Hùng','user4@gmail.com','0947328944',1,NULL,0,'2024-07-08 12:26:06',NULL,'2024-07-08 17:23:00',NULL),(32,24,87,4,NULL,NULL,'','{\"cv\": [], \"id\": 10, \"user\": {\"lastName\": \"Tuấn\", \"firstName\": \"Nguyễn Minh\"}, \"status\": 0, \"target\": \"Cto Software\", \"userId\": 24, \"project\": [{\"end\": \"2024-07-09T17:00:00.000Z\", \"name\": \"Quản lý nhà thuốc\", \"start\": \"2023-06-26T17:00:00.000Z\", \"description\": \"<ul><li><p>Công nghệ sử dụng: NodeJS, ReactJS</p></li><li><p>Chức năng: fj àdhák dhfaksfdjhkà</p></li></ul>\"}], \"createdAt\": \"2024-07-07T20:22:26.000Z\", \"createdBy\": null, \"education\": [], \"updatedAt\": \"2024-07-08T14:59:59.000Z\", \"updatedBy\": null, \"certificate\": [{\"end\": \"2024-07-31T17:00:00.000Z\", \"name\": \"Linux\", \"start\": \"2024-06-30T17:00:00.000Z\", \"description\": \"\", \"organization\": \"Linux\"}], \"publicCvType\": 1, \"advancedSkill\": [{\"name\": \"Express\", \"level\": 60}, {\"name\": \"ReactJS\", \"level\": 40}], \"desiredCityId\": null, \"desiredSalary\": 200000000, \"languageSkill\": [{\"name\": \"Tiếng Anh\", \"level\": 70}], \"desiredJobMode\": 0, \"workExperience\": [{\"end\": \"2024-07-16T17:00:00.000Z\", \"start\": \"2023-09-05T17:00:00.000Z\", \"position\": \"Fresher Fullstack\", \"companyName\": \"Komatek\", \"description\": \"<ul><li><p>e nu qewf qwlf q</p></li><li><p>ef qw iqkhfn lqwe</p></li><li><p> rfrke rh</p></li><li><p>g roh eorghoeir</p></li></ul>\"}], \"yearExperience\": 3, \"desiredJobLevel\": 7, \"desiredJobCategory\": {\"id\": 25, \"name\": \"Phần phềm máy tính\"}, \"publicAttachmentCv\": null, \"desiredJobCategoryId\": 25}','Nguyễn Minh Tuấn','user2@gmail.com','0946375834',1,NULL,0,'2024-07-08 15:09:22',NULL,'2024-07-08 17:22:45',NULL),(33,25,17,3,NULL,NULL,'','{\"cv\": [], \"id\": 11, \"user\": {\"lastName\": \"Tiến\", \"firstName\": \"Chu Mạnh \"}, \"status\": 0, \"target\": \"Mobile Developer\", \"userId\": 25, \"project\": [{\"end\": \"2024-07-25T17:00:00.000Z\", \"name\": \"Quản lý phòng trọ\", \"start\": \"2024-05-13T17:00:00.000Z\", \"description\": \"<ul><li><p>adshja lsdf â</p></li><li><p>ádf</p></li><li><p>ád fàdà</p></li><li><p>ádfư eygẻ</p></li><li><p>hẻyetje ẹt ẹt et e</p></li><li><p>ety jety jêttjẹtt etỵ ẹt</p></li></ul>\"}], \"createdAt\": \"2024-07-07T20:27:16.000Z\", \"createdBy\": null, \"education\": [{\"end\": \"2024-07-18T17:00:00.000Z\", \"name\": \"Kỹ Sư\", \"major\": \"Khoa học máy tính\", \"start\": \"2023-07-03T17:00:00.000Z\", \"description\": \"dsa àdjkl qwèuh fjek qwjèh okjfewq\", \"organization\": \"Đại học Bách Khoa Hà Nội\"}], \"updatedAt\": \"2024-07-08T15:41:04.000Z\", \"updatedBy\": null, \"certificate\": [{\"end\": \"\", \"name\": \"Kafka\", \"start\": \"2024-07-02T17:00:00.000Z\", \"description\": \"adsfa fdà á fá fádf \", \"organization\": \"Kafka\"}], \"publicCvType\": 1, \"advancedSkill\": [{\"name\": \"ReactJS\", \"level\": 70}, {\"name\": \"NextJS\", \"level\": 70}], \"desiredCityId\": null, \"desiredSalary\": 50000000, \"languageSkill\": [{\"name\": \"Tiếng Anh\", \"level\": 70}, {\"name\": \"Tiếng Nhật\", \"level\": 30}], \"desiredJobMode\": 0, \"workExperience\": [{\"end\": \"2024-07-08T17:00:00.000Z\", \"start\": \"2023-05-11T17:00:00.000Z\", \"position\": \"Thực tập sinh ReactJS (NextJS)\", \"companyName\": \"RbSoft\", \"description\": \"<ol><li><p>fadsjhf ádf</p></li><li><p> á</p></li><li><p>df á</p></li><li><p>áfá ád</p></li><li><p> fà àd </p></li><li><p>ádf àdkjàd</p></li><li><p>fa adfsadf </p></li><li><p>sfa sdfà</p></li><li><p> af dá afè rggf </p></li><li><p>s f sdfgsgdf sgd sd</p></li><li><p></p></li></ol>\"}], \"yearExperience\": 2, \"desiredJobLevel\": 1, \"desiredJobCategory\": {\"id\": 25, \"name\": \"Phần phềm máy tính\"}, \"publicAttachmentCv\": null, \"desiredJobCategoryId\": 25}','Chu Mạnh  Tiến','user3@gmail.com','0936471883',1,NULL,0,'2024-07-08 15:41:21',NULL,'2024-07-08 17:22:43',NULL),(34,25,69,0,NULL,NULL,'','{\"cv\": [], \"id\": 11, \"user\": {\"lastName\": \"Tiến\", \"firstName\": \"Chu Mạnh \"}, \"status\": 0, \"target\": \"Mobile Developer\", \"userId\": 25, \"project\": [{\"end\": \"2024-07-25T17:00:00.000Z\", \"name\": \"Quản lý phòng trọ\", \"start\": \"2024-05-13T17:00:00.000Z\", \"description\": \"<ul><li><p>adshja lsdf â</p></li><li><p>ádf</p></li><li><p>ád fàdà</p></li><li><p>ádfư eygẻ</p></li><li><p>hẻyetje ẹt ẹt et e</p></li><li><p>ety jety jêttjẹtt etỵ ẹt</p></li></ul>\"}], \"createdAt\": \"2024-07-07T20:27:16.000Z\", \"createdBy\": null, \"education\": [{\"end\": \"2024-07-18T17:00:00.000Z\", \"name\": \"Kỹ Sư\", \"major\": \"Khoa học máy tính\", \"start\": \"2023-07-03T17:00:00.000Z\", \"description\": \"dsa àdjkl qwèuh fjek qwjèh okjfewq\", \"organization\": \"Đại học Bách Khoa Hà Nội\"}], \"updatedAt\": \"2024-07-08T15:41:04.000Z\", \"updatedBy\": null, \"certificate\": [{\"end\": \"\", \"name\": \"Kafka\", \"start\": \"2024-07-02T17:00:00.000Z\", \"description\": \"adsfa fdà á fá fádf \", \"organization\": \"Kafka\"}], \"publicCvType\": 1, \"advancedSkill\": [{\"name\": \"ReactJS\", \"level\": 70}, {\"name\": \"NextJS\", \"level\": 70}], \"desiredCityId\": null, \"desiredSalary\": 50000000, \"languageSkill\": [{\"name\": \"Tiếng Anh\", \"level\": 70}, {\"name\": \"Tiếng Nhật\", \"level\": 30}], \"desiredJobMode\": 0, \"workExperience\": [{\"end\": \"2024-07-08T17:00:00.000Z\", \"start\": \"2023-05-11T17:00:00.000Z\", \"position\": \"Thực tập sinh ReactJS (NextJS)\", \"companyName\": \"RbSoft\", \"description\": \"<ol><li><p>fadsjhf ádf</p></li><li><p> á</p></li><li><p>df á</p></li><li><p>áfá ád</p></li><li><p> fà àd </p></li><li><p>ádf àdkjàd</p></li><li><p>fa adfsadf </p></li><li><p>sfa sdfà</p></li><li><p> af dá afè rggf </p></li><li><p>s f sdfgsgdf sgd sd</p></li><li><p></p></li></ol>\"}], \"yearExperience\": 2, \"desiredJobLevel\": 1, \"desiredJobCategory\": {\"id\": 25, \"name\": \"Phần phềm máy tính\"}, \"publicAttachmentCv\": null, \"desiredJobCategoryId\": 25}','Chu Mạnh  Tiến','user3@gmail.com','0936471883',1,NULL,0,'2024-07-08 15:41:35',NULL,'2024-07-08 15:41:35',NULL),(35,28,69,0,NULL,NULL,'','{\"cv\": [], \"id\": 14, \"user\": {\"lastName\": \"Phương\", \"firstName\": \"Đỗ Đặng\"}, \"status\": 0, \"target\": \"Leader\", \"userId\": 28, \"project\": [{\"end\": \"2023-08-04T17:00:00.000Z\", \"name\": \"Quản lý cho thuê cloud\", \"start\": \"2023-07-03T17:00:00.000Z\", \"description\": \"<ul><li><p>fdsa adsf á</p></li><li><p>adfwqèho qf</p></li><li><p>qfw uohqwu qwfuigqì</p></li><li><p>qfweohùqwh oqwòeh</p></li><li><p>fqweiuq</p></li></ul>\"}], \"createdAt\": \"2024-07-08T12:27:32.000Z\", \"createdBy\": null, \"education\": [{\"end\": \"2023-08-16T17:00:00.000Z\", \"name\": \"Cử nhân\", \"major\": \"Khoa học máy tính\", \"start\": \"2019-07-02T17:00:00.000Z\", \"description\": \"\", \"organization\": \"Đại học Bách Khoa Hà Nội\"}], \"updatedAt\": \"2024-07-08T16:24:12.000Z\", \"updatedBy\": null, \"certificate\": [{\"end\": \"2024-08-09T17:00:00.000Z\", \"name\": \"K8S\", \"start\": \"2024-07-15T17:00:00.000Z\", \"description\": \"\", \"organization\": \"K8S\"}], \"publicCvType\": 0, \"advancedSkill\": [{\"name\": \"C#\", \"level\": 70}, {\"name\": \"VueJS\", \"level\": 40}], \"desiredCityId\": null, \"desiredSalary\": 100000000, \"languageSkill\": [{\"name\": \"Tiếng Anh\", \"level\": 70}], \"desiredJobMode\": 0, \"workExperience\": [{\"end\": \"2024-06-30T17:00:00.000Z\", \"start\": \"2023-07-05T17:00:00.000Z\", \"position\": \"Junior\", \"companyName\": \"Misa\", \"description\": \"<p><strong><em><u>ádffạ ạdf hjfhsạ fhwqufqwi fjqbfiu q</u></em></strong></p><ul><li><p><em>few hqwiòehqìoe hqwio hfioqhwèoi qwhfe qwihe ff</em></p></li><li><p><em>qfwe hpqwìh iwoqè hiohqwf oiqf hoiqwfh ioqhf     kahf p wqehf ưeqf ffq e </em></p></li></ul>\"}], \"yearExperience\": 5, \"desiredJobLevel\": 2, \"desiredJobCategory\": {\"id\": 25, \"name\": \"Phần phềm máy tính\"}, \"publicAttachmentCv\": null, \"desiredJobCategoryId\": 25}','Đỗ Đặng Phương','user6@gmail.com','0364859183',1,NULL,0,'2024-07-08 16:24:30',NULL,'2024-07-08 16:24:30',NULL),(36,28,5,0,NULL,NULL,'','{\"cv\": [], \"id\": 14, \"user\": {\"lastName\": \"Phương\", \"firstName\": \"Đỗ Đặng\"}, \"status\": 0, \"target\": \"Leader\", \"userId\": 28, \"project\": [{\"end\": \"2023-08-04T17:00:00.000Z\", \"name\": \"Quản lý cho thuê cloud\", \"start\": \"2023-07-03T17:00:00.000Z\", \"description\": \"<ul><li><p>fdsa adsf á</p></li><li><p>adfwqèho qf</p></li><li><p>qfw uohqwu qwfuigqì</p></li><li><p>qfweohùqwh oqwòeh</p></li><li><p>fqweiuq</p></li></ul>\"}], \"createdAt\": \"2024-07-08T12:27:32.000Z\", \"createdBy\": null, \"education\": [{\"end\": \"2023-08-16T17:00:00.000Z\", \"name\": \"Cử nhân\", \"major\": \"Khoa học máy tính\", \"start\": \"2019-07-02T17:00:00.000Z\", \"description\": \"\", \"organization\": \"Đại học Bách Khoa Hà Nội\"}], \"updatedAt\": \"2024-07-08T16:24:12.000Z\", \"updatedBy\": null, \"certificate\": [{\"end\": \"2024-08-09T17:00:00.000Z\", \"name\": \"K8S\", \"start\": \"2024-07-15T17:00:00.000Z\", \"description\": \"\", \"organization\": \"K8S\"}], \"publicCvType\": 0, \"advancedSkill\": [{\"name\": \"C#\", \"level\": 70}, {\"name\": \"VueJS\", \"level\": 40}], \"desiredCityId\": null, \"desiredSalary\": 100000000, \"languageSkill\": [{\"name\": \"Tiếng Anh\", \"level\": 70}], \"desiredJobMode\": 0, \"workExperience\": [{\"end\": \"2024-06-30T17:00:00.000Z\", \"start\": \"2023-07-05T17:00:00.000Z\", \"position\": \"Junior\", \"companyName\": \"Misa\", \"description\": \"<p><strong><em><u>ádffạ ạdf hjfhsạ fhwqufqwi fjqbfiu q</u></em></strong></p><ul><li><p><em>few hqwiòehqìoe hqwio hfioqhwèoi qwhfe qwihe ff</em></p></li><li><p><em>qfwe hpqwìh iwoqè hiohqwf oiqf hoiqwfh ioqhf     kahf p wqehf ưeqf ffq e </em></p></li></ul>\"}], \"yearExperience\": 5, \"desiredJobLevel\": 2, \"desiredJobCategory\": {\"id\": 25, \"name\": \"Phần phềm máy tính\"}, \"publicAttachmentCv\": null, \"desiredJobCategoryId\": 25}','Đỗ Đặng Phương','user6@gmail.com','0364859183',1,NULL,0,'2024-07-08 16:24:54',NULL,'2024-07-08 16:24:54',NULL),(37,28,17,4,NULL,NULL,'','{\"cv\": [], \"id\": 14, \"user\": {\"lastName\": \"Phương\", \"firstName\": \"Đỗ Đặng\"}, \"status\": 0, \"target\": \"Leader\", \"userId\": 28, \"project\": [{\"end\": \"2023-08-04T17:00:00.000Z\", \"name\": \"Quản lý cho thuê cloud\", \"start\": \"2023-07-03T17:00:00.000Z\", \"description\": \"<ul><li><p>fdsa adsf á</p></li><li><p>adfwqèho qf</p></li><li><p>qfw uohqwu qwfuigqì</p></li><li><p>qfweohùqwh oqwòeh</p></li><li><p>fqweiuq</p></li></ul>\"}], \"createdAt\": \"2024-07-08T12:27:32.000Z\", \"createdBy\": null, \"education\": [{\"end\": \"2023-08-16T17:00:00.000Z\", \"name\": \"Cử nhân\", \"major\": \"Khoa học máy tính\", \"start\": \"2019-07-02T17:00:00.000Z\", \"description\": \"\", \"organization\": \"Đại học Bách Khoa Hà Nội\"}], \"updatedAt\": \"2024-07-08T16:24:12.000Z\", \"updatedBy\": null, \"certificate\": [{\"end\": \"2024-08-09T17:00:00.000Z\", \"name\": \"K8S\", \"start\": \"2024-07-15T17:00:00.000Z\", \"description\": \"\", \"organization\": \"K8S\"}], \"publicCvType\": 0, \"advancedSkill\": [{\"name\": \"C#\", \"level\": 70}, {\"name\": \"VueJS\", \"level\": 40}], \"desiredCityId\": null, \"desiredSalary\": 100000000, \"languageSkill\": [{\"name\": \"Tiếng Anh\", \"level\": 70}], \"desiredJobMode\": 0, \"workExperience\": [{\"end\": \"2024-06-30T17:00:00.000Z\", \"start\": \"2023-07-05T17:00:00.000Z\", \"position\": \"Junior\", \"companyName\": \"Misa\", \"description\": \"<p><strong><em><u>ádffạ ạdf hjfhsạ fhwqufqwi fjqbfiu q</u></em></strong></p><ul><li><p><em>few hqwiòehqìoe hqwio hfioqhwèoi qwhfe qwihe ff</em></p></li><li><p><em>qfwe hpqwìh iwoqè hiohqwf oiqf hoiqwfh ioqhf     kahf p wqehf ưeqf ffq e </em></p></li></ul>\"}], \"yearExperience\": 5, \"desiredJobLevel\": 2, \"desiredJobCategory\": {\"id\": 25, \"name\": \"Phần phềm máy tính\"}, \"publicAttachmentCv\": null, \"desiredJobCategoryId\": 25}','Đỗ Đặng Phương','user6@gmail.com','0364859183',1,1,0,'2024-07-08 16:25:43',NULL,'2024-07-08 18:30:03',NULL),(38,28,86,3,NULL,NULL,'','{\"cv\": [], \"id\": 14, \"user\": {\"lastName\": \"Phương\", \"firstName\": \"Đỗ Đặng\"}, \"status\": 0, \"target\": \"Leader\", \"userId\": 28, \"project\": [{\"end\": \"2023-08-04T17:00:00.000Z\", \"name\": \"Quản lý cho thuê cloud\", \"start\": \"2023-07-03T17:00:00.000Z\", \"description\": \"<ul><li><p>fdsa adsf á</p></li><li><p>adfwqèho qf</p></li><li><p>qfw uohqwu qwfuigqì</p></li><li><p>qfweohùqwh oqwòeh</p></li><li><p>fqweiuq</p></li></ul>\"}], \"createdAt\": \"2024-07-08T12:27:32.000Z\", \"createdBy\": null, \"education\": [{\"end\": \"2023-08-16T17:00:00.000Z\", \"name\": \"Cử nhân\", \"major\": \"Khoa học máy tính\", \"start\": \"2019-07-02T17:00:00.000Z\", \"description\": \"\", \"organization\": \"Đại học Bách Khoa Hà Nội\"}], \"updatedAt\": \"2024-07-08T16:24:12.000Z\", \"updatedBy\": null, \"certificate\": [{\"end\": \"2024-08-09T17:00:00.000Z\", \"name\": \"K8S\", \"start\": \"2024-07-15T17:00:00.000Z\", \"description\": \"\", \"organization\": \"K8S\"}], \"publicCvType\": 0, \"advancedSkill\": [{\"name\": \"C#\", \"level\": 70}, {\"name\": \"VueJS\", \"level\": 40}], \"desiredCityId\": null, \"desiredSalary\": 100000000, \"languageSkill\": [{\"name\": \"Tiếng Anh\", \"level\": 70}], \"desiredJobMode\": 0, \"workExperience\": [{\"end\": \"2024-06-30T17:00:00.000Z\", \"start\": \"2023-07-05T17:00:00.000Z\", \"position\": \"Junior\", \"companyName\": \"Misa\", \"description\": \"<p><strong><em><u>ádffạ ạdf hjfhsạ fhwqufqwi fjqbfiu q</u></em></strong></p><ul><li><p><em>few hqwiòehqìoe hqwio hfioqhwèoi qwhfe qwihe ff</em></p></li><li><p><em>qfwe hpqwìh iwoqè hiohqwf oiqf hoiqwfh ioqhf     kahf p wqehf ưeqf ffq e </em></p></li></ul>\"}], \"yearExperience\": 5, \"desiredJobLevel\": 2, \"desiredJobCategory\": {\"id\": 25, \"name\": \"Phần phềm máy tính\"}, \"publicAttachmentCv\": null, \"desiredJobCategoryId\": 25}','Đỗ Đặng Phương','user6@gmail.com','0364859183',1,NULL,0,'2024-07-08 16:25:48',NULL,'2024-07-08 17:22:38',NULL),(39,29,75,0,NULL,NULL,'','{\"cv\": [{\"url\": \"https://job-nest.s3.amazonaws.com/pdfs/6ec958e27ffed8ba1ed1a03fcbcd26d2358843e23986aabc98bfbea13fc023eefd77299835a6103609d2b09b97814805abb16c28a706b33c2d859541abf3b38d.pdf\", \"title\": \"Christine_Alice\"}], \"id\": 15, \"user\": {\"lastName\": \"Ánh\", \"firstName\": \"Nguyễn Thị Ngọc\"}, \"status\": 0, \"target\": \"Không có\", \"userId\": 29, \"project\": [], \"createdAt\": \"2024-07-08T14:38:48.000Z\", \"createdBy\": null, \"education\": [], \"updatedAt\": \"2024-07-08T16:40:45.000Z\", \"updatedBy\": null, \"certificate\": [], \"publicCvType\": 0, \"advancedSkill\": [], \"desiredCityId\": null, \"desiredSalary\": 20000000, \"languageSkill\": [], \"desiredJobMode\": 0, \"workExperience\": [], \"yearExperience\": 3, \"desiredJobLevel\": 1, \"desiredJobCategory\": {\"id\": 38, \"name\": \"Phiên dịch viên\"}, \"publicAttachmentCv\": null, \"desiredJobCategoryId\": 38}','Nguyễn Thị Ngọc Ánh','user7@gmail.com','0935275839',1,NULL,0,'2024-07-08 16:41:01',NULL,'2024-07-08 16:41:01',NULL),(40,30,14,0,NULL,NULL,'https://job-nest.s3.amazonaws.com/pdfs/12c8ce4b630d5ce9e44fa79276dbf489936d75e2309d536e4a098b9354765dfe568bd49462b53cb03749d6c106869578d8c60147aee99589c9ad82f04c129f2f.pdf',NULL,'Lê Thị Thùy Dương','user8@gmail.com','0375839583',2,NULL,0,'2024-07-08 16:53:53',NULL,'2024-07-08 16:53:53',NULL),(41,31,14,0,NULL,NULL,'','{\"cv\": [{\"url\": \"https://job-nest.s3.amazonaws.com/pdfs/09dd0428e94d3b350bc4f0c726dbaead037dd5a9fa012e57abafb313fed9dc980029675508c0f8242edb5479c27ebeebc03459ff957aa5ee623e3ae9852f68c6.pdf\", \"title\": \"Christine_Smith\"}], \"id\": 17, \"user\": {\"lastName\": \"Trinh\", \"firstName\": \"Nguyễn Thị Kiều\"}, \"status\": 0, \"target\": \"Kiếm thật nhiều tiền\", \"userId\": 31, \"project\": [], \"createdAt\": \"2024-07-08T14:39:58.000Z\", \"createdBy\": null, \"education\": [], \"updatedAt\": \"2024-07-08T16:56:59.000Z\", \"updatedBy\": null, \"certificate\": [], \"publicCvType\": 2, \"advancedSkill\": [], \"desiredCityId\": null, \"desiredSalary\": 50000000, \"languageSkill\": [], \"desiredJobMode\": 0, \"workExperience\": [], \"yearExperience\": 4, \"desiredJobLevel\": 2, \"desiredJobCategory\": {\"id\": 4, \"name\": \"Trợ lý bán lẻ\"}, \"publicAttachmentCv\": \"https://job-nest.s3.amazonaws.com/pdfs/09dd0428e94d3b350bc4f0c726dbaead037dd5a9fa012e57abafb313fed9dc980029675508c0f8242edb5479c27ebeebc03459ff957aa5ee623e3ae9852f68c6.pdf\", \"desiredJobCategoryId\": 4}','Nguyễn Thị Kiều Trinh','user9@gmail.com','0374819264',1,NULL,0,'2024-07-08 16:58:33',NULL,'2024-07-08 16:58:33',NULL),(42,32,1,3,NULL,NULL,'https://job-nest.s3.amazonaws.com/pdfs/1ca5c66e765b849ef602192309adf43af56a31036b0bf7e92d0c2d429463d801d1b28fef11623c348c0410d6fc342fb6d47451bfa52942607fc93f5c8230f200.pdf',NULL,'Đàm Quân Sơn','user10@gmail.com','0374618493',2,3,3,'2024-07-08 17:03:32',NULL,'2024-07-08 18:30:05',NULL),(43,32,87,2,'2024-07-10 01:00:00.000','<p>ádf àd </p><p>á fda</p><p> sdf</p><p></p>','','{\"cv\": [{\"url\": \"https://job-nest.s3.amazonaws.com/pdfs/9705e174d54184b49207eec0df809aca9700ae53b2f6a9ed6271cb1790aac341fac8df11873cd8af05cda3d7dcd414c54575a650a233ebf2679065ecd4fd6911.pdf\", \"title\": \"David_Richardson\"}, {\"url\": \"https://job-nest.s3.amazonaws.com/pdfs/1ca5c66e765b849ef602192309adf43af56a31036b0bf7e92d0c2d429463d801d1b28fef11623c348c0410d6fc342fb6d47451bfa52942607fc93f5c8230f200.pdf\", \"title\": \"Christine_Smith\"}], \"id\": 18, \"user\": {\"lastName\": \"Sơn\", \"firstName\": \"Đàm Quân\"}, \"status\": 0, \"target\": \"Leader Backend\", \"userId\": 32, \"project\": [], \"createdAt\": \"2024-07-08T14:40:45.000Z\", \"createdBy\": null, \"education\": [], \"updatedAt\": \"2024-07-08T17:02:53.000Z\", \"updatedBy\": null, \"certificate\": [], \"publicCvType\": 2, \"advancedSkill\": [], \"desiredCityId\": null, \"desiredSalary\": 30000000, \"languageSkill\": [], \"desiredJobMode\": 0, \"workExperience\": [], \"yearExperience\": 3, \"desiredJobLevel\": 2, \"desiredJobCategory\": {\"id\": 25, \"name\": \"Phần phềm máy tính\"}, \"publicAttachmentCv\": \"https://job-nest.s3.amazonaws.com/pdfs/9705e174d54184b49207eec0df809aca9700ae53b2f6a9ed6271cb1790aac341fac8df11873cd8af05cda3d7dcd414c54575a650a233ebf2679065ecd4fd6911.pdf\", \"desiredJobCategoryId\": 25}','Đàm Quân Sơn','user10@gmail.com','0374618493',1,NULL,0,'2024-07-08 17:03:40',NULL,'2024-07-08 18:40:17',NULL),(44,32,5,0,NULL,NULL,'https://job-nest.s3.amazonaws.com/pdfs/9705e174d54184b49207eec0df809aca9700ae53b2f6a9ed6271cb1790aac341fac8df11873cd8af05cda3d7dcd414c54575a650a233ebf2679065ecd4fd6911.pdf',NULL,'Đàm Quân Sơn','user10@gmail.com','0374618493',2,NULL,0,'2024-07-08 17:03:57',NULL,'2024-07-08 17:03:57',NULL),(45,33,87,2,'2024-07-09 14:30:48.000','<ul><li><p>a adj adsfád</p></li><li><p>fádf fdálf</p></li><li><p>sadf álkdf ádflád</p></li><li><p>fá df ádf rgwe</p></li></ul>','https://job-nest.s3.amazonaws.com/pdfs/809f3919c580010a6f9f3a279510a575876b207d9d99aeb3dc99bbb9f9fbaa8191d33c12c267a4fe41f4430e539563f7f8a09ec08a8ea32d12a47e3ba1a7fc20.pdf',NULL,'Nguyễn Minh Thắng','user11@gmail.com','0987656412',2,2,0,'2024-07-08 17:09:32',NULL,'2024-07-08 18:39:04',NULL),(46,33,83,0,NULL,NULL,'','{\"cv\": [{\"url\": \"https://job-nest.s3.amazonaws.com/pdfs/809f3919c580010a6f9f3a279510a575876b207d9d99aeb3dc99bbb9f9fbaa8191d33c12c267a4fe41f4430e539563f7f8a09ec08a8ea32d12a47e3ba1a7fc20.pdf\", \"title\": \"Erik\"}, {\"url\": \"https://job-nest.s3.amazonaws.com/pdfs/fa0c4fc8acf2a3567182e9c73a56c684769fa682d2602c41f1ae3415488325eaf7e046317088a76c15f7f218534bce73d20c9e473e09a280843808dc6ccba79f.pdf\", \"title\": \"Christine_Smith\"}], \"id\": 19, \"user\": {\"lastName\": \"Thắng\", \"firstName\": \"Nguyễn Minh\"}, \"status\": 0, \"target\": \"Product management\", \"userId\": 33, \"project\": [], \"createdAt\": \"2024-07-08T14:41:14.000Z\", \"createdBy\": null, \"education\": [], \"updatedAt\": \"2024-07-08T17:08:41.000Z\", \"updatedBy\": null, \"certificate\": [], \"publicCvType\": 2, \"advancedSkill\": [], \"desiredCityId\": null, \"desiredSalary\": 50000000, \"languageSkill\": [], \"desiredJobMode\": 0, \"workExperience\": [], \"yearExperience\": 4, \"desiredJobLevel\": 4, \"desiredJobCategory\": {\"id\": 28, \"name\": \"Quản lý dự án công nghệ\"}, \"publicAttachmentCv\": \"https://job-nest.s3.amazonaws.com/pdfs/809f3919c580010a6f9f3a279510a575876b207d9d99aeb3dc99bbb9f9fbaa8191d33c12c267a4fe41f4430e539563f7f8a09ec08a8ea32d12a47e3ba1a7fc20.pdf\", \"desiredJobCategoryId\": 28}','Nguyễn Minh Thắng','user11@gmail.com','0987656412',1,NULL,0,'2024-07-08 17:09:51',NULL,'2024-07-08 17:09:51',NULL),(47,33,69,0,NULL,NULL,'https://job-nest.s3.amazonaws.com/pdfs/fa0c4fc8acf2a3567182e9c73a56c684769fa682d2602c41f1ae3415488325eaf7e046317088a76c15f7f218534bce73d20c9e473e09a280843808dc6ccba79f.pdf',NULL,'Nguyễn Minh Thắng','user11@gmail.com','0987656412',2,NULL,0,'2024-07-08 17:10:14',NULL,'2024-07-08 17:10:14',NULL),(48,33,5,0,NULL,NULL,'https://job-nest.s3.amazonaws.com/pdfs/fa0c4fc8acf2a3567182e9c73a56c684769fa682d2602c41f1ae3415488325eaf7e046317088a76c15f7f218534bce73d20c9e473e09a280843808dc6ccba79f.pdf',NULL,'Nguyễn Minh Thắng','user11@gmail.com','0987656412',2,NULL,0,'2024-07-08 17:10:23',NULL,'2024-07-08 17:10:23',NULL),(49,34,87,1,'2024-07-10 03:00:00.000','<ul><li><p><em><u>hs g dsfg dgwẻg wh</u></em></p></li></ul>','https://job-nest.s3.amazonaws.com/pdfs/601404ef570f63325f9e3cb548ed1336c95edcffcade25c5cab39eb47b978143bc247d83ad192126dbf61e172e0faadf26f5494a02497da7cdd1ffd4f9514eda.pdf',NULL,'Nguyễn Hồng Sơn','user12@gmail.com','0583629479',2,NULL,0,'2024-07-08 17:12:35',NULL,'2024-07-08 18:40:06',NULL),(50,35,67,0,NULL,NULL,'https://job-nest.s3.amazonaws.com/pdfs/47786b98a27ad11d5d2d6a5eabbdae51587024a07c59109341178a522166aa6bc7044db33d41bfa423614bde78afb3a01881ef36726e4d9ac1f69ee52dfd2110.pdf',NULL,'Bùi Thị Kim Dung','user13@gmail.com','0726385934',2,NULL,0,'2024-07-08 17:18:19',NULL,'2024-07-08 17:18:19',NULL),(51,36,46,0,NULL,NULL,'','{\"cv\": [{\"url\": \"https://job-nest.s3.amazonaws.com/pdfs/742e4d141a14c53eec24cd762712e71af192a5fdd29d4dc307b3b89895a8be47f7844faf4ce5355f01eb2b02c2d78025dfd4486203165e94fb13c44b73058502.pdf\", \"title\": \"Erik\"}], \"id\": 22, \"user\": {\"lastName\": \"Khanh\", \"firstName\": \"Nguyễn Việt\"}, \"status\": 0, \"target\": \"Đi làm kiếm tiền\", \"userId\": 36, \"project\": [], \"createdAt\": \"2024-07-08T14:44:11.000Z\", \"createdBy\": null, \"education\": [], \"updatedAt\": \"2024-07-08T17:20:37.000Z\", \"updatedBy\": null, \"certificate\": [], \"publicCvType\": 2, \"advancedSkill\": [], \"desiredCityId\": null, \"desiredSalary\": 10000000, \"languageSkill\": [], \"desiredJobMode\": 0, \"workExperience\": [], \"yearExperience\": 1, \"desiredJobLevel\": 0, \"desiredJobCategory\": {\"id\": 9, \"name\": \"Cho thuê và quản lý căn hộ\"}, \"publicAttachmentCv\": \"https://job-nest.s3.amazonaws.com/pdfs/742e4d141a14c53eec24cd762712e71af192a5fdd29d4dc307b3b89895a8be47f7844faf4ce5355f01eb2b02c2d78025dfd4486203165e94fb13c44b73058502.pdf\", \"desiredJobCategoryId\": 9}','Nguyễn Việt Khanh','user14@gmail.com','0527483918',1,NULL,0,'2024-07-08 17:21:05',NULL,'2024-07-08 17:21:05',NULL),(52,36,45,0,NULL,NULL,'https://job-nest.s3.amazonaws.com/pdfs/742e4d141a14c53eec24cd762712e71af192a5fdd29d4dc307b3b89895a8be47f7844faf4ce5355f01eb2b02c2d78025dfd4486203165e94fb13c44b73058502.pdf',NULL,'Nguyễn Việt Khanh','user14@gmail.com','0527483918',2,NULL,0,'2024-07-08 17:21:31',NULL,'2024-07-08 17:21:31',NULL),(53,37,79,0,NULL,NULL,'https://job-nest.s3.amazonaws.com/pdfs/0997bff656be1e927226c832ce5d3c9db2d50882c714599701b77e90be1219ec7c472c37596a445baca11cde4597e698ea95135479ef648507511fa89c3f2f96.pdf',NULL,'Nguyễn Thị Hòa','user15@gmail.com','0365849593',2,NULL,0,'2024-07-08 17:28:08',NULL,'2024-07-08 17:28:08',NULL),(54,37,71,0,NULL,NULL,'','{\"cv\": [{\"url\": \"https://job-nest.s3.amazonaws.com/pdfs/70939cfc67c8cc912f5711a28f93105fc8b818f398dfcdd83e1b4657a6fb0158e73eb56d556ec48bfdf1ef5b413004876db4c79bdba990afc8959c7fde6932d3.pdf\", \"title\": \"sample1\"}, {\"url\": \"https://job-nest.s3.amazonaws.com/pdfs/0997bff656be1e927226c832ce5d3c9db2d50882c714599701b77e90be1219ec7c472c37596a445baca11cde4597e698ea95135479ef648507511fa89c3f2f96.pdf\", \"title\": \"Christine_Alice\"}], \"id\": 23, \"user\": {\"lastName\": \"Hòa\", \"firstName\": \"Nguyễn Thị\"}, \"status\": 0, \"target\": \"Trưởng nhóm Tester\", \"userId\": 37, \"project\": [], \"createdAt\": \"2024-07-08T14:44:33.000Z\", \"createdBy\": null, \"education\": [], \"updatedAt\": \"2024-07-08T17:27:36.000Z\", \"updatedBy\": null, \"certificate\": [], \"publicCvType\": 2, \"advancedSkill\": [], \"desiredCityId\": null, \"desiredSalary\": 18000000, \"languageSkill\": [], \"desiredJobMode\": 0, \"workExperience\": [], \"yearExperience\": 3, \"desiredJobLevel\": 2, \"desiredJobCategory\": {\"id\": 26, \"name\": \"QA/QC/Software Testing\"}, \"publicAttachmentCv\": \"https://job-nest.s3.amazonaws.com/pdfs/0997bff656be1e927226c832ce5d3c9db2d50882c714599701b77e90be1219ec7c472c37596a445baca11cde4597e698ea95135479ef648507511fa89c3f2f96.pdf\", \"desiredJobCategoryId\": 26}','Nguyễn Thị Hòa','user15@gmail.com','0365849593',1,NULL,0,'2024-07-08 17:28:19',NULL,'2024-07-08 17:28:19',NULL),(55,37,26,0,NULL,NULL,'','{\"cv\": [{\"url\": \"https://job-nest.s3.amazonaws.com/pdfs/70939cfc67c8cc912f5711a28f93105fc8b818f398dfcdd83e1b4657a6fb0158e73eb56d556ec48bfdf1ef5b413004876db4c79bdba990afc8959c7fde6932d3.pdf\", \"title\": \"sample1\"}, {\"url\": \"https://job-nest.s3.amazonaws.com/pdfs/0997bff656be1e927226c832ce5d3c9db2d50882c714599701b77e90be1219ec7c472c37596a445baca11cde4597e698ea95135479ef648507511fa89c3f2f96.pdf\", \"title\": \"Christine_Alice\"}], \"id\": 23, \"user\": {\"lastName\": \"Hòa\", \"firstName\": \"Nguyễn Thị\"}, \"status\": 0, \"target\": \"Trưởng nhóm Tester\", \"userId\": 37, \"project\": [], \"createdAt\": \"2024-07-08T14:44:33.000Z\", \"createdBy\": null, \"education\": [], \"updatedAt\": \"2024-07-08T17:27:36.000Z\", \"updatedBy\": null, \"certificate\": [], \"publicCvType\": 2, \"advancedSkill\": [], \"desiredCityId\": null, \"desiredSalary\": 18000000, \"languageSkill\": [], \"desiredJobMode\": 0, \"workExperience\": [], \"yearExperience\": 3, \"desiredJobLevel\": 2, \"desiredJobCategory\": {\"id\": 26, \"name\": \"QA/QC/Software Testing\"}, \"publicAttachmentCv\": \"https://job-nest.s3.amazonaws.com/pdfs/0997bff656be1e927226c832ce5d3c9db2d50882c714599701b77e90be1219ec7c472c37596a445baca11cde4597e698ea95135479ef648507511fa89c3f2f96.pdf\", \"desiredJobCategoryId\": 26}','Nguyễn Thị Hòa','user15@gmail.com','0365849593',1,3,0,'2024-07-08 17:28:51',NULL,'2024-07-08 18:30:00',NULL),(56,38,51,0,NULL,NULL,'https://job-nest.s3.amazonaws.com/pdfs/f9e4c3d24665a807a988254f8e0dc1ba9619699c2b6446cb2fc3b3aad323d334023ac47077c871a71953e6afe4dcc965582ae37920007f53a08df3a9e43f91ee.pdf',NULL,'Nguyễn Ngọc Tuyết','user16@gmail.com','0384658395',2,NULL,0,'2024-07-08 17:31:13',NULL,'2024-07-08 17:31:13',NULL),(57,38,48,0,NULL,NULL,'','{\"cv\": [{\"url\": \"https://job-nest.s3.amazonaws.com/pdfs/f9e4c3d24665a807a988254f8e0dc1ba9619699c2b6446cb2fc3b3aad323d334023ac47077c871a71953e6afe4dcc965582ae37920007f53a08df3a9e43f91ee.pdf\", \"title\": \"Robert_Richardson\"}], \"id\": 24, \"user\": {\"lastName\": \"Tuyết\", \"firstName\": \"Nguyễn Ngọc\"}, \"status\": 0, \"target\": \"Đi làm kiếm tiền\", \"userId\": 38, \"project\": [], \"createdAt\": \"2024-07-08T14:45:11.000Z\", \"createdBy\": null, \"education\": [], \"updatedAt\": \"2024-07-08T17:30:24.000Z\", \"updatedBy\": null, \"certificate\": [], \"publicCvType\": 0, \"advancedSkill\": [], \"desiredCityId\": null, \"desiredSalary\": 20000000, \"languageSkill\": [], \"desiredJobMode\": 0, \"workExperience\": [], \"yearExperience\": 2, \"desiredJobLevel\": 1, \"desiredJobCategory\": {\"id\": 43, \"name\": \"Kiểm soát viên tài chính\"}, \"publicAttachmentCv\": null, \"desiredJobCategoryId\": 43}','Nguyễn Ngọc Tuyết','user16@gmail.com','0384658395',1,NULL,0,'2024-07-08 17:31:27',NULL,'2024-07-08 17:31:27',NULL),(58,39,60,0,NULL,NULL,'','{\"cv\": [{\"url\": \"https://job-nest.s3.amazonaws.com/pdfs/912252618100e9d7e05dc2adde48c9364a5d7f5ec1f321156aaf6df68cb64c399dfa3472c33157e361181f77870633973273740997fa02197ccea878e4865fcf.pdf\", \"title\": \"Bob\"}], \"id\": 25, \"user\": {\"lastName\": \"Mai\", \"firstName\": \"Nguyễn Ngọc\"}, \"status\": 0, \"target\": \"Trờ thành leader trong tương lai gần\", \"userId\": 39, \"project\": [], \"createdAt\": \"2024-07-08T14:45:32.000Z\", \"createdBy\": null, \"education\": [], \"updatedAt\": \"2024-07-08T17:34:30.000Z\", \"updatedBy\": null, \"certificate\": [], \"publicCvType\": 2, \"advancedSkill\": [], \"desiredCityId\": null, \"desiredSalary\": 22000000, \"languageSkill\": [], \"desiredJobMode\": 0, \"workExperience\": [], \"yearExperience\": 3, \"desiredJobLevel\": 1, \"desiredJobCategory\": {\"id\": 59, \"name\": \"Giảng dạy/Đào tạo\"}, \"publicAttachmentCv\": \"https://job-nest.s3.amazonaws.com/pdfs/912252618100e9d7e05dc2adde48c9364a5d7f5ec1f321156aaf6df68cb64c399dfa3472c33157e361181f77870633973273740997fa02197ccea878e4865fcf.pdf\", \"desiredJobCategoryId\": 59}','Nguyễn Ngọc Mai','user17@gmail.com','0573649163',1,NULL,0,'2024-07-08 17:35:26',NULL,'2024-07-08 17:35:26',NULL),(59,39,64,0,NULL,NULL,'https://job-nest.s3.amazonaws.com/pdfs/912252618100e9d7e05dc2adde48c9364a5d7f5ec1f321156aaf6df68cb64c399dfa3472c33157e361181f77870633973273740997fa02197ccea878e4865fcf.pdf',NULL,'Nguyễn Ngọc Mai','user17@gmail.com','0573649163',2,NULL,0,'2024-07-08 17:35:35',NULL,'2024-07-08 17:35:35',NULL),(61,41,17,0,NULL,'<ul><li><p><u>d ád</u></p></li><li><p><u> ád</u></p></li><li><p><u>ádf </u></p></li><li><p><u>f a</u></p></li><li><p><u>sdf</u></p><p></p></li></ul>','','{\"cv\": [{\"url\": \"https://job-nest.s3.amazonaws.com/pdfs/60dea858546017610908597bf06783e7a422661bb29dfa87ba031e083d89cbecc02873f37328c2f1d1fdae96557acde1887796839e26a508b2c11058f37d6617.pdf\", \"title\": \"Erik\"}, {\"url\": \"https://job-nest.s3.amazonaws.com/pdfs/b5fef657752efc5c478a1b0a878ef2418db066d069362fa0592b931891384227d13d768b1547b704440496a458317dfc5360ace5f5238bdcb18c9ff3bc533c8d.pdf\", \"title\": \"Diana_Richardson\"}], \"id\": 27, \"user\": {\"lastName\": \"Hà\", \"firstName\": \"Nguyễn Xuân\"}, \"status\": 0, \"target\": \"Leader\", \"userId\": 41, \"project\": [{\"end\": \"2024-07-18T17:00:00.000Z\", \"name\": \"Website tuyển dụng\", \"start\": \"2024-05-06T17:00:00.000Z\", \"description\": \"<p>fdsa ádf ádf</p>\"}], \"createdAt\": \"2024-07-08T18:15:52.000Z\", \"createdBy\": null, \"education\": [{\"end\": \"\", \"name\": \"Cử nhân\", \"major\": \"Khoa học máy tính\", \"start\": \"2020-08-05T17:00:00.000Z\", \"description\": \"dj sadf ádf\", \"organization\": \"ĐHBK Hà Nội\"}], \"updatedAt\": \"2024-07-08T18:22:40.000Z\", \"updatedBy\": null, \"certificate\": [{\"end\": \"2024-07-17T17:00:00.000Z\", \"name\": \"Kafka\", \"start\": \"2024-07-07T17:00:00.000Z\", \"description\": \"\", \"organization\": \"Kafka\"}], \"publicCvType\": 2, \"advancedSkill\": [{\"name\": \"NodeJS\", \"level\": 60}, {\"name\": \"Java\", \"level\": 70}], \"desiredCityId\": null, \"desiredSalary\": 10000000, \"languageSkill\": [{\"name\": \"Tiếng Anh\", \"level\": 70}], \"desiredJobMode\": 0, \"workExperience\": [{\"end\": \"\", \"start\": \"2024-07-06T17:00:00.000Z\", \"position\": \"Thực tập sinh Java\", \"companyName\": \"AkonSoft\", \"description\": \"<ul><li><p>ad adsf adsf </p></li><li><p>adsfa sdf ads</p></li><li><p>adfs á</p></li><li><p>dfá</p></li></ul>\"}, {\"end\": \"2024-07-07T17:00:00.000Z\", \"start\": \"2023-07-01T17:00:00.000Z\", \"position\": \"fdsấ \", \"companyName\": \"fadsf \", \"description\": \"<p>sd fádf</p>\"}], \"yearExperience\": 1, \"desiredJobLevel\": 1, \"desiredJobCategory\": {\"id\": 28, \"name\": \"Quản lý dự án công nghệ\"}, \"publicAttachmentCv\": \"https://job-nest.s3.amazonaws.com/pdfs/60dea858546017610908597bf06783e7a422661bb29dfa87ba031e083d89cbecc02873f37328c2f1d1fdae96557acde1887796839e26a508b2c11058f37d6617.pdf\", \"desiredJobCategoryId\": 28}','Nguyễn Xuân Hà','sonxzys@gmail.com','0987654321',1,1,0,'2024-07-08 18:23:29',NULL,'2024-07-08 18:31:41',NULL),(62,2,17,1,NULL,'<ul><li><p>u ggjk k gkg kg kg</p></li></ul>','https://job-nest.s3.amazonaws.com/pdfs/31feeb8f4900bfb32a0cdfd313fafc51ac97c1c0ccdcdbbd9698dee45d31193b8b9c62704c18780a4ba07372079367558e87450961f73bc269b62352e533862d.pdf',NULL,'Nguyễn Sơn','user@gmail.com','0987654321',2,2,0,'2024-07-09 15:25:10',NULL,'2024-07-09 15:27:40',NULL),(63,42,89,0,NULL,NULL,'','{\"cv\": [], \"id\": 28, \"user\": {\"lastName\": \"sa\", \"firstName\": \"as\"}, \"status\": 0, \"target\": null, \"userId\": 42, \"project\": [], \"createdAt\": \"2024-07-16T10:09:18.000Z\", \"createdBy\": null, \"education\": [], \"updatedAt\": \"2024-07-16T10:09:18.000Z\", \"updatedBy\": null, \"certificate\": [], \"publicCvType\": 0, \"advancedSkill\": [], \"desiredCityId\": null, \"desiredSalary\": null, \"languageSkill\": [], \"desiredJobMode\": null, \"workExperience\": [], \"yearExperience\": null, \"desiredJobLevel\": null, \"desiredJobCategory\": null, \"publicAttachmentCv\": null, \"desiredJobCategoryId\": null}','as sa','team28.oop@gmail.com','0332243456',1,NULL,0,'2024-07-16 10:10:54',NULL,'2024-07-16 10:10:54',NULL),(65,2,89,0,NULL,NULL,'','{\"cv\": [{\"url\": \"https://job-nest.s3.amazonaws.com/pdfs/31feeb8f4900bfb32a0cdfd313fafc51ac97c1c0ccdcdbbd9698dee45d31193b8b9c62704c18780a4ba07372079367558e87450961f73bc269b62352e533862d.pdf\", \"title\": \"nguyen-xuan-son\"}, {\"url\": \"https://job-nest.s3.amazonaws.com/pdfs/98ceb6b54f24578ca0e1d9b52db6539d9a16eebc2ce51997268a019e3e27b2dbe89e3e3ffe7dad5ff21280c80540862794271409642bcf3e5c8911a33fe83f47.pdf\", \"title\": \"Bob\"}], \"id\": 1, \"user\": {\"lastName\": \"Sơn\", \"firstName\": \"Nguyễn\"}, \"status\": 1, \"target\": \"Đi làm kiếm tiền\", \"userId\": 2, \"project\": [{\"end\": \"2024-07-19T17:00:00.000Z\", \"name\": \"Job Nest\", \"start\": \"2024-06-03T17:00:00.000Z\", \"description\": \"<p><u>fdá ád</u></p><p><u>ádf </u></p><p><u> ádf</u></p><p><em><u>a sdf</u></em></p><p><em><u> adfs</u></em></p>\"}], \"createdAt\": \"2024-06-29T20:33:53.000Z\", \"createdBy\": null, \"education\": [{\"end\": \"2023-09-05T00:00:00.000Z\", \"name\": \"Cử nhân\", \"major\": \"Khoa học máy tính\", \"start\": \"2019-09-05T00:00:00.000Z\", \"description\": \"Description\", \"organization\": \"Trường CNTT&TT, Đại học Bách Khoa Hà Nội\"}, {\"end\": \"2024-09-05T00:00:00.000Z\", \"name\": \"Kỹ Sư\", \"major\": \"Khoa học máy tính\", \"start\": \"2023-09-05T00:00:00.000Z\", \"description\": \"Description\", \"organization\": \"Trường CNTT&TT, Đại học Bách Khoa Hà Nội\"}], \"updatedAt\": \"2024-07-09T15:31:27.000Z\", \"updatedBy\": null, \"certificate\": [{\"end\": \"2024-09-05T00:00:00.000Z\", \"name\": \"Linux\", \"major\": \"Công nghệ thông tin\", \"start\": \"2023-09-05T00:00:00.000Z\", \"description\": \"Description\", \"organization\": \"Organization\"}, {\"end\": \"2024-09-05T00:00:00.000Z\", \"name\": \"Kafka\", \"major\": \"Công nghệ thông tin\", \"start\": \"2023-09-05T00:00:00.000Z\", \"description\": \"Description\", \"organization\": \"Organization\"}], \"publicCvType\": 2, \"advancedSkill\": [{\"name\": \"VueJS\", \"level\": 40}, {\"name\": \"Java\", \"level\": 60}, {\"name\": \"AWS\", \"level\": 80}], \"desiredCityId\": 4, \"desiredSalary\": 100000000, \"languageSkill\": [{\"name\": \"Anh\", \"level\": 30}, {\"name\": \"Việt\", \"level\": 90}], \"desiredJobMode\": 0, \"workExperience\": [{\"end\": \"\", \"start\": \"2024-07-07T17:00:00.000Z\", \"position\": \"Thực tập sinh\", \"companyName\": \"Wanosoft\", \"description\": \"<p>ds adsf ads</p>\"}, {\"end\": \"\", \"start\": \"2023-10-27T19:36:59.680Z\", \"position\": \"Thực tập\", \"companyName\": \"WanoSoft\", \"description\": \"Description\"}, {\"end\": \"2023-09-30T19:36:59.680Z\", \"start\": \"2023-07-27T19:36:59.680Z\", \"position\": \"Thực tập\", \"companyName\": \"Openway\", \"description\": \"Description\"}], \"yearExperience\": 7, \"desiredJobLevel\": 2, \"desiredJobCategory\": {\"id\": 1, \"name\": \"Quản lý cửa hàng\"}, \"publicAttachmentCv\": \"https://job-nest.s3.amazonaws.com/pdfs/31feeb8f4900bfb32a0cdfd313fafc51ac97c1c0ccdcdbbd9698dee45d31193b8b9c62704c18780a4ba07372079367558e87450961f73bc269b62352e533862d.pdf\", \"desiredJobCategoryId\": 1}','Nguyễn Sơn','user@gmail.com','0987654321',1,NULL,0,'2024-07-16 18:46:08',NULL,'2024-07-16 18:46:08',NULL);
/*!40000 ALTER TABLE `application` ENABLE KEYS */;
UNLOCK TABLES;

--
-- Table structure for table `blog`
--

DROP TABLE IF EXISTS `blog`;
/*!40101 SET @saved_cs_client     = @@character_set_client */;
/*!50503 SET character_set_client = utf8mb4 */;
CREATE TABLE `blog` (
  `id` int NOT NULL AUTO_INCREMENT,
  `creator_id` int NOT NULL,
  `title` varchar(255) COLLATE utf8mb4_unicode_ci NOT NULL,
  `content` text COLLATE utf8mb4_unicode_ci NOT NULL,
  `status` tinyint NOT NULL DEFAULT '1',
  `create_at` timestamp NULL DEFAULT CURRENT_TIMESTAMP,
  `create_by` int DEFAULT NULL,
  `update_at` timestamp NULL DEFAULT CURRENT_TIMESTAMP,
  `update_by` int DEFAULT NULL,
  `image` varchar(255) COLLATE utf8mb4_unicode_ci NOT NULL,
  `total_views` int DEFAULT '0',
  PRIMARY KEY (`id`),
  KEY `blog_creator_id_fkey` (`creator_id`),
  FULLTEXT KEY `blog_title_content_idx` (`title`,`content`),
  CONSTRAINT `blog_creator_id_fkey` FOREIGN KEY (`creator_id`) REFERENCES `user` (`id`) ON DELETE RESTRICT ON UPDATE CASCADE
) ENGINE=InnoDB AUTO_INCREMENT=5 DEFAULT CHARSET=utf8mb4 COLLATE=utf8mb4_unicode_ci;
/*!40101 SET character_set_client = @saved_cs_client */;

--
-- Dumping data for table `blog`
--

LOCK TABLES `blog` WRITE;
/*!40000 ALTER TABLE `blog` DISABLE KEYS */;
INSERT INTO `blog` VALUES (1,6,'Nhân viên hành chính nhân sự là gì? Mô tả công việc và kỹ năng cần có','<p>Nhân viên hành chính nhân sự là gì? Công việc cụ thể của bộ phận hành chính nhân sự là làm gì? Trong bài viết hôm nay, <strong>TopCV </strong>sẽ giúp bạn giải đáp một số <strong>thông tin xoay quanh bộ phận hành chính nhân sự </strong>và mô tả chi tiết công việc hành chính nhân sự.</p><h2><strong>Hành chính nhân sự là gì? Nhân viên hành chính nhân sự là gì?</strong></h2><p>Hành chính nhân sự - HCNS là bộ phận chịu trách nhiệm về các công việc có liên quan đến các thủ tục hành chính, các công việc liên quan đến lưu trữ văn thư, lưu trữ thông tin cá nhân của nhân sự công ty.</p><p>Nhân viên<strong> </strong>Hành chính nhân sự hay còn gọi là HR Staff<strong> </strong>có chức năng, vai trò duy trì, phát triển và đảm nhiệm các nhiệm vụ liên quan đến 2 khía cạnh bao gồm “Nhân sự” và “Hành chính”. Ngoài ra, mô tả việc làm hành chính nhân sự cũng sẽ bao gồm các công việc khác như quản lý, giám sát các sự kiện nội bộ của công ty như du lịch, tổng kết năm, tổng kết tháng, v.vv.. Khi doanh nghiệp có mặt hạn chế về nhân sự, bộ phận HCNS cũng sẽ hỗ trợ <strong>bộ phận kế toán</strong>.</p>',1,'2024-06-30 18:44:49',NULL,'2024-07-11 06:33:06',NULL,'https://job-nest.s3.amazonaws.com/images/09eef0bd06185a2c533825e4f9b0682ae7030b55da35264464537bf89f3c79fed9609e9e5a9426b737b389bae320b76165977fbf43842a2da01f5c3f50de3ba8.jpg',10),(2,3,'WEBINAR: EXPECT THE UNEXPECTED – Thực chiến tìm việc thần tốc sau Tết','<h3><strong>Giữa bão cạnh tranh – Sạc thế nào để nhanh có việc?</strong></h3><p><strong>Tại trạm đầu tiên này, bạn sẽ đi sâu vào từng góc nhìn chuyên môn cho đến những tình huống thực tế, giúp bạn vững tin hơn khi ứng tuyển tìm việc với các nội dung chính sau</strong>:</p><p><strong>Phần 1</strong>: Bức tranh tìm việc 2024 – Hiểu để “Có việc”.</p><p><strong>Phần 2</strong>: Từ A-Z lộ trình tìm việc &amp; bí quyết deal lương giữ “bão biến động”. [Hot]</p><p><strong>Phần 3</strong>: Trọn bộ bí kíp tìm việc trên VietnamWorks để “cấp tốc” có việc.</p><p>Mỗi chuyên đề, mỗi bài học thực chiến sẽ giúp bạn “SẠC CẤP TỐC” để nhanh chóng tìm được một công việc đúng với chuyên môn &amp; hạnh phúc trong một sự nghiệp mới. </p><p>Đồng hành cùng chuyên gia – Lộ trình tìm việc từ A – Z</p><p>Nếu bạn đang tìm kiếm hệ quy chiếu cho sự nghiệp của mình, chủ đề “Expect the unexpected”: Thực chiến tìm việc thần tốc sau Tết, dưới sự đồng hành của các diễn giả đã có dày dặn kinh nghiệm trong quá “vượt bão” suy thoái sẽ giúp bạn chắt lọc bài học “thực tiễn” từ câu chuyện “Người thật – việc thật”.</p><p>Chị Mai Nguyễn – General Director tại Groove Technology, người chị với sự dày dặn trong kiến thức chuyên môn và kinh nghiệm ở nhiều lĩnh vực như: Quản lý và tư vấn kinh doanh, kiểm soát P&amp;L, tuyển dụng, các vấn đề khác liên quan đến nhân sự, phát triển con người bao gồm đào tạo (các kỹ năng liên quan đến kinh doanh, kỹ năng mềm), huấn luyện, cố vấn.</p><p>Đối với chị Mai, suy thoái kinh tế là 1 điều bắt buộc xảy ra trong chu kỳ kinh tế? Làm thế nào để chấp nhận và ứng biến linh hoạt với suy thoái trong tìm việc &amp; phát triển sự nghiệp? Khi và chỉ khi bạn hiểu rõ về sự bắt buộc này, hành trình tìm việc của bạn đỡ vất vã &amp; gian nan hơn?</p><p>Với anh Hưng Nguyễn – Quản Lý Nhân Sự Cấp Cao tại Acecook Việt Nam. Từng là diễn giả trong các chương trình hội thảo về hướng nghiệp &amp; huấn luyện nhân sự, có thể nói anh NGUYỄN THÀNH HƯNG là cái tên không quá xa lạ đối với cộng đồng phát triển sự nghiệp trước nay. Ngoài vị trí diễn giả, anh Hưng còn là Quản Lý Nhân Sự Cấp Cao tại Acecook Việt Nam – công ty dẫn đầu trong ngành thực phẩm ăn liền với 6 chi nhánh và hơn 6000 nhân sự trên cả nước.</p><p>Với kinh nghiệm dày dặn trong quá trình đón đầu nguồn ứng viên chất lượng cho doanh nghiệp, anh Hưng sẽ giúp bạn xây dựng lộ trình từ A-Z giữa bão biến động. Thấu hiểu rằng, ai cũng muốn tìm một công việc mới để tốt hơn mà thật trớ trêu khi mùa tuyển dụng năm nay, offer mới lại thấp hơn mức lương cũ? Tại phần 2: Từ A-Z lộ trình lương giữ “bão biến động” sẽ giúp bạn định giá bản thân với mức lương như ý?</p><img src=\"https://job-nest.s3.amazonaws.com/images/c40fd1530a1ae4e612e6358a450762e103bbbe3ab18eb6985bacd52a84874dcb54ac05d51460a2070e7420252be9e46f1df37951fe08c234652cf4c69cf3d696.png\"><h3><strong>Độc quyền chia sẻ ứng dụng công nghệ tạo lợi thế tại Webinar</strong></h3><p>Tại trạm sạc cấp tốc – Có việc thần tốc sau Tết! Bạn hãy yên tâm vì đã có VietnamWorks kề vai, chia sẻ thực chiến bí quyết “cấp cứu” tình trạng mãi vẫn chưa có việc của ứng viên dưới sự đồng hành của Anh Nhân Nguyễn – Product Owner tại VietnamWorks qua các nội dung chính<strong>:</strong></p><p><strong>–&nbsp; &nbsp;Trước khi tìm việc: </strong>Hướng dẫn “cấp cứu” trường hợp mãi vẫn chưa có việc?</p><p><strong>–&nbsp; &nbsp;Trong khi tìm việc: </strong>Bí quyết tăng tỉ lệ đậu phỏng vấn khi ứng dụng công nghệ.</p><p><strong>–&nbsp; &nbsp;Sau khi tìm việc: </strong>Xây dựng kết nối và theo sát quá trình kết quả với nhà tuyển dụng.</p><p>Đừng bỏ lỡ cơ hội chỉ có 1-0-2 này, cơ hội nhận quà bằng một lần đăng ký, tham gia sự kiện [HOT] nhất năm tại VietnamWorks ngay bằng cách đăng ký: https://bom.so/6ztS5h</p><p>Sự nghiệp là hành trình dài và mang nhiều tâm tư khó nói, thế nhưng tại Trạm sạc Empower Growth – bạn sẽ cảm thấy chính mình không lạc lõng khi tìm việc vì đã có sự đồng hành cùng VietnamWorks dõi theo bạn trên hành trình “chinh phục công việc mới”.</p>',1,'2024-07-06 18:20:52',NULL,'2024-07-09 15:32:08',NULL,'https://job-nest.s3.amazonaws.com/images/b1dc7ec14de3cb13300ea6ab76697c97f47568348ecbafde5bdfecb1089dd0ad7d969207475b27a5a749f1aa72e476e05aa6dcabc563c9a54b536d3b21b9dcd2.png',7),(3,3,'Phân biệt để hiểu rõ ngành dịch vụ khách hàng','<p>Dịch vụ khách hàng đóng vai trò cốt yếu trong việc làm hài lòng khách hàng và cũng là yếu tố tạo nên vị thế cạnh tranh tuyệt đối của doanh nghiệp trên thị trường.</p><p>Vậy nên hiểu rõ những giai đoạn và hình thức của ngành dịch vụ khách hàng là nền tảng cơ bản để doanh nghiệp, và cụ thể hơn là nhân viên dịch vụ khách hàng có thể tạo ra được nhiều giá trị cho khách hàng trong việc xây dựng mối quan hệ lâu dài. Xem ngay bài viết dưới đây để hiểu rõ quy trình của ngành <strong>dịch vụ khách hàng</strong> này nhé.</p><h2><strong>Các giai đoạn của dịch vụ khách hàng</strong></h2><p>Dựa theo hành vi và quá trình mua hàng của khách hàng, dịch vụ khách hàng được chia làm 3 giai đoạn chính là trước, trong và sau khi mua hàng. Cách phân loại này thường thích hợp với các doanh nghiệp thương mại, nơi mà quá trình mua bán là hoạt động chính yếu của loại hình này.&nbsp;</p><h3><strong>Dịch vụ khách hàng trước khi bán hàng</strong></h3><p>Giai đoạn trước khi mua hàng là thời điểm quan trọng ảnh hưởng đến quyết định mua hàng khi khách hàng có nhu cầu được tiếp nhận nhiều luồng thông tin về sản phẩm và thực hiện so sánh, lựa chọn giữa nhiều sản phẩm khác nhau. Vậy nên dịch vụ khách hàng ở giai đoạn này chú trọng thứ nhất về thông tin, giới thiệu, quảng cáo chào hàng, tiếp theo là chuẩn bị hàng hoá, bao bì, đóng gói hàng hoá theo yêu cầu của khách hàng, nhận đặt hàng trước, ký kết các hợp đồng mua bán hàng hoá, triển lãm trưng bày… các hoạt động này tạo điều kiện để quá trình mua bán sản phẩm thuận lợi.</p><h3><strong>Dịch vụ khách hàng trong khi bán hàng</strong></h3><p>Giai đoạn trong khi mua hàng, dịch vụ khách hàng đóng vai trò quyết định mức độ hài lòng của khách hàng đối với sản phẩm. Trong đó nhân viên dịch vụ khách hàng sẽ tác động trực tiếp tới quá trình trao đổi sản phẩm với khách hàng như giới thiệu tư vấn, hướng dẫn khách hàng lựa chọn hàng hoá, thanh toán tiền hàng, đóng gói hàng hoá, vận chuyển và giao nhận hàng hoá,…, Những hoạt động này nhằm đảm bảo sự phù hợp giữa khách hàng và hàng hoá, đảm bảo quyền lợi khách hàng và khai thác tối ưu chức năng của sản phẩm.</p><h1><strong>Dịch vụ khách hàng sau khi bán hàng</strong></h1><p>Giai đoạn sau khi bán hàng là một trong những bước không thể thiếu trong các chiến dịch Marketing của các doanh nghiệp. Lúc này, dịch vụ khách hàng sau bán hàng được gọi là dịch vụ hậu mãi giúp đảm bảo sự hài lòng tuyệt đối của khách hàng đối với sản phẩm và dịch vụ mà doanh nghiệp cung cấp nhằm nâng cao tỉ lệ tái mua hàng. Dịch vụ bao gồm hỗ trợ sản phẩm như lắp đặt hàng hoá tại nơi hàng hoá yêu cầu, hướng dẫn sử dụng thiết bị, vận hành máy móc, tư vấn các giải pháp về sử dụng hàng hoá, bảo dưỡng.&nbsp;</p><h2><strong>Phân biệt các loại hình dịch vụ khách hàng</strong></h2><h3><strong>Dịch vụ khách hàng trực tiếp</strong></h3><p>Hỗ trợ trực tiếp là dịch vụ được cung cấp tại các địa điểm kinh doanh như cửa hàng, văn phòng hay tại nhà của khách hàng, trong đó nhân viên sẽ trực tiếp tương tác với khách hàng. Dịch vụ khách hàng này liên quan đến việc cung cấp dịch vụ sửa chữa, khắc phục sự cố cho khách hàng có vấn đề về công nghệ hoặc hỗ trợ trả lời câu hỏi và giải quyết vấn đề, thắc mắc trong thời gian thực.&nbsp;</p><p>Việc cung cấp dịch vụ hỗ trợ trực tiếp có ưu điểm là cho phép các doanh nghiệp được tương tác tới khách hàng dựa trên cơ sở cá nhân và tạo được sự kết nối cảm xúc dễ dàng hơn.&nbsp;</p><h3><strong>Dịch vụ khách hàng qua điện thoại</strong></h3><p>Loại dịch vụ khách hàng này liên quan đến việc cung cấp hỗ trợ qua điện thoại khi khách hàng gọi điện cho người bán. Dịch vụ này có thể bao gồm trả lời câu hỏi của khách hàng, giải quyết các vấn đề kỹ thuật hoặc khiếu nại hoặc cung cấp thông tin sản phẩm.&nbsp;</p><p>Hình thức hỗ trợ này cho phép khách hàng mô tả tình huống phức tạp một cách nhanh chóng và dễ dàng hơn và cho phép doanh nghiệp đánh giá tốt hơn giọng điệu và cảm xúc của khách hàng để đưa ra hình thức giải quyết phù hợp.&nbsp;</p><p></p><p></p>',1,'2024-07-06 18:24:27',NULL,'2024-07-08 18:33:41',NULL,'https://job-nest.s3.amazonaws.com/images/f0fc8bf95f98587873cc54d171dc920eae928215af76cc8b492f89e3c9033a251d39ccb12d68f0eb3227fd946b75f63294eeaa283a6277e2efb898157fa59e28.jpg',8);
/*!40000 ALTER TABLE `blog` ENABLE KEYS */;
UNLOCK TABLES;

--
-- Table structure for table `candidate_information`
--

DROP TABLE IF EXISTS `candidate_information`;
/*!40101 SET @saved_cs_client     = @@character_set_client */;
/*!50503 SET character_set_client = utf8mb4 */;
CREATE TABLE `candidate_information` (
  `id` int NOT NULL AUTO_INCREMENT,
  `user_id` int NOT NULL,
  `desired_job_category_id` int DEFAULT NULL,
  `desired_city_id` int DEFAULT NULL,
  `target` varchar(255) COLLATE utf8mb4_unicode_ci DEFAULT NULL,
  `cv` json DEFAULT NULL,
  `year_experience` double DEFAULT NULL,
  `work_experience` json DEFAULT NULL,
  `project` json DEFAULT NULL,
  `education` json DEFAULT NULL,
  `certificate` json DEFAULT NULL,
  `advanced_skill` json DEFAULT NULL,
  `language_skill` json DEFAULT NULL,
  `desired_salary` int DEFAULT NULL,
  `desired_job_level` int DEFAULT NULL,
  `desired_job_mode` int DEFAULT NULL,
  `public_cv_type` int NOT NULL DEFAULT '0',
  `public_attachment_cv` varchar(255) COLLATE utf8mb4_unicode_ci DEFAULT NULL,
  `status` tinyint NOT NULL DEFAULT '0',
  `create_at` timestamp NULL DEFAULT CURRENT_TIMESTAMP,
  `create_by` int DEFAULT NULL,
  `update_at` timestamp NULL DEFAULT CURRENT_TIMESTAMP,
  `update_by` int DEFAULT NULL,
  PRIMARY KEY (`id`),
  UNIQUE KEY `candidate_information_user_id_key` (`user_id`),
  KEY `candidate_information_desired_job_category_id_fkey` (`desired_job_category_id`),
  KEY `candidate_information_desired_city_id_fkey` (`desired_city_id`),
  CONSTRAINT `candidate_information_desired_city_id_fkey` FOREIGN KEY (`desired_city_id`) REFERENCES `city` (`id`) ON DELETE SET NULL ON UPDATE CASCADE,
  CONSTRAINT `candidate_information_desired_job_category_id_fkey` FOREIGN KEY (`desired_job_category_id`) REFERENCES `job_category` (`id`) ON DELETE SET NULL ON UPDATE CASCADE,
  CONSTRAINT `candidate_information_user_id_fkey` FOREIGN KEY (`user_id`) REFERENCES `user` (`id`) ON DELETE RESTRICT ON UPDATE CASCADE
) ENGINE=InnoDB AUTO_INCREMENT=29 DEFAULT CHARSET=utf8mb4 COLLATE=utf8mb4_unicode_ci;
/*!40101 SET character_set_client = @saved_cs_client */;

--
-- Dumping data for table `candidate_information`
--

LOCK TABLES `candidate_information` WRITE;
/*!40000 ALTER TABLE `candidate_information` DISABLE KEYS */;
INSERT INTO `candidate_information` VALUES (1,2,1,4,'Đi làm kiếm tiền','[{\"url\": \"https://job-nest.s3.amazonaws.com/pdfs/31feeb8f4900bfb32a0cdfd313fafc51ac97c1c0ccdcdbbd9698dee45d31193b8b9c62704c18780a4ba07372079367558e87450961f73bc269b62352e533862d.pdf\", \"title\": \"nguyen-xuan-son\"}, {\"url\": \"https://job-nest.s3.amazonaws.com/pdfs/98ceb6b54f24578ca0e1d9b52db6539d9a16eebc2ce51997268a019e3e27b2dbe89e3e3ffe7dad5ff21280c80540862794271409642bcf3e5c8911a33fe83f47.pdf\", \"title\": \"Bob\"}]',7,'[{\"end\": \"\", \"start\": \"2024-07-07T17:00:00.000Z\", \"position\": \"Thực tập sinh\", \"companyName\": \"Wanosoft\", \"description\": \"<p>ds adsf ads</p>\"}, {\"end\": \"\", \"start\": \"2023-10-27T19:36:59.680Z\", \"position\": \"Thực tập\", \"companyName\": \"WanoSoft\", \"description\": \"Description\"}, {\"end\": \"2023-09-30T19:36:59.680Z\", \"start\": \"2023-07-27T19:36:59.680Z\", \"position\": \"Thực tập\", \"companyName\": \"Openway\", \"description\": \"Description\"}]','[{\"end\": \"2024-07-19T17:00:00.000Z\", \"name\": \"Job Nest\", \"start\": \"2024-06-03T17:00:00.000Z\", \"description\": \"<p><u>fdá ád</u></p><p><u>ádf </u></p><p><u> ádf</u></p><p><em><u>a sdf</u></em></p><p><em><u> adfs</u></em></p>\"}]','[{\"end\": \"2023-09-05T00:00:00.000Z\", \"name\": \"Cử nhân\", \"major\": \"Khoa học máy tính\", \"start\": \"2019-09-05T00:00:00.000Z\", \"description\": \"Description\", \"organization\": \"Trường CNTT&TT, Đại học Bách Khoa Hà Nội\"}, {\"end\": \"2024-09-05T00:00:00.000Z\", \"name\": \"Kỹ Sư\", \"major\": \"Khoa học máy tính\", \"start\": \"2023-09-05T00:00:00.000Z\", \"description\": \"Description\", \"organization\": \"Trường CNTT&TT, Đại học Bách Khoa Hà Nội\"}]','[{\"end\": \"2024-09-05T00:00:00.000Z\", \"name\": \"Linux\", \"major\": \"Công nghệ thông tin\", \"start\": \"2023-09-05T00:00:00.000Z\", \"description\": \"Description\", \"organization\": \"Organization\"}, {\"end\": \"2024-09-05T00:00:00.000Z\", \"name\": \"Kafka\", \"major\": \"Công nghệ thông tin\", \"start\": \"2023-09-05T00:00:00.000Z\", \"description\": \"Description\", \"organization\": \"Organization\"}]','[{\"name\": \"VueJS\", \"level\": 40}, {\"name\": \"Java\", \"level\": 60}, {\"name\": \"AWS\", \"level\": 80}]','[{\"name\": \"Anh\", \"level\": 30}, {\"name\": \"Việt\", \"level\": 90}]',100000000,2,0,2,'https://job-nest.s3.amazonaws.com/pdfs/31feeb8f4900bfb32a0cdfd313fafc51ac97c1c0ccdcdbbd9698dee45d31193b8b9c62704c18780a4ba07372079367558e87450961f73bc269b62352e533862d.pdf',1,'2024-06-29 20:33:53',NULL,'2024-07-09 15:31:27',NULL),(2,4,NULL,NULL,NULL,'[]',NULL,'[]','[]','[]','[]','[]','[]',NULL,NULL,NULL,0,NULL,0,'2024-06-30 09:46:44',NULL,'2024-06-30 09:46:44',NULL),(3,5,NULL,NULL,NULL,'[]',NULL,'[]','[]','[]','[]','[]','[]',NULL,NULL,NULL,0,NULL,0,'2024-06-30 11:28:59',NULL,'2024-06-30 11:28:59',NULL),(4,7,NULL,NULL,NULL,'[{\"url\": \"https://job-nest.s3.amazonaws.com/pdfs/4583b4d749801a677d3e9374590f1386258dbefb7c369962d0bf0e38bddeb65e73cdc2abbb49a662b081ec2482fbe7016e64c418d5d4145bef27b2cc877b893a.pdf\", \"title\": \"download\"}]',NULL,'[]','[]','[]','[]','[]','[]',NULL,NULL,NULL,0,NULL,0,'2024-06-30 15:13:59',NULL,'2024-06-30 15:42:18',NULL),(5,8,NULL,NULL,NULL,'[]',NULL,'[{\"end\": \"2024-09-21T17:00:00.000Z\", \"start\": \"2023-05-04T17:00:00.000Z\", \"position\": \"Backend Developer\", \"companyName\": \"Comartek\", \"description\": \"<p>Collaborate with front-end developers to ensure website functionality</p>\"}]','[]','[]','[]','[]','[{\"name\": \"Tiếng Anh\", \"level\": 70}]',NULL,NULL,NULL,1,NULL,0,'2024-07-02 01:44:38',NULL,'2024-07-02 01:50:28',NULL),(6,9,NULL,NULL,NULL,'[]',NULL,'[]','[]','[]','[]','[]','[]',NULL,NULL,NULL,0,NULL,0,'2024-07-02 16:53:38',NULL,'2024-07-02 16:53:38',NULL),(7,10,NULL,NULL,NULL,'[]',NULL,'[]','[]','[]','[]','[]','[]',NULL,NULL,NULL,0,NULL,0,'2024-07-02 17:16:07',NULL,'2024-07-02 17:16:07',NULL),(8,12,NULL,NULL,NULL,'[]',NULL,'[]','[]','[]','[]','[]','[]',NULL,NULL,NULL,0,NULL,0,'2024-07-03 11:06:45',NULL,'2024-07-03 11:06:45',NULL),(9,23,NULL,NULL,NULL,'[]',NULL,'[]','[]','[]','[]','[]','[]',NULL,NULL,NULL,1,NULL,0,'2024-07-07 20:17:27',NULL,'2024-07-07 20:31:26',NULL),(10,24,25,NULL,'Cto Software','[]',3,'[{\"end\": \"2024-07-16T17:00:00.000Z\", \"start\": \"2023-09-05T17:00:00.000Z\", \"position\": \"Fresher Fullstack\", \"companyName\": \"Komatek\", \"description\": \"<ul><li><p>e nu qewf qwlf q</p></li><li><p>ef qw iqkhfn lqwe</p></li><li><p> rfrke rh</p></li><li><p>g roh eorghoeir</p></li></ul>\"}]','[{\"end\": \"2024-07-09T17:00:00.000Z\", \"name\": \"Quản lý nhà thuốc\", \"start\": \"2023-06-26T17:00:00.000Z\", \"description\": \"<ul><li><p>Công nghệ sử dụng: NodeJS, ReactJS</p></li><li><p>Chức năng: fj àdhák dhfaksfdjhkà</p></li></ul>\"}]','[]','[{\"end\": \"2024-07-31T17:00:00.000Z\", \"name\": \"Linux\", \"start\": \"2024-06-30T17:00:00.000Z\", \"description\": \"\", \"organization\": \"Linux\"}]','[{\"name\": \"Express\", \"level\": 60}, {\"name\": \"ReactJS\", \"level\": 40}]','[{\"name\": \"Tiếng Anh\", \"level\": 70}]',200000000,7,0,1,NULL,0,'2024-07-07 20:22:26',NULL,'2024-07-08 14:59:59',NULL),(11,25,25,NULL,'Mobile Developer','[]',2,'[{\"end\": \"2024-07-08T17:00:00.000Z\", \"start\": \"2023-05-11T17:00:00.000Z\", \"position\": \"Thực tập sinh ReactJS (NextJS)\", \"companyName\": \"RbSoft\", \"description\": \"<ol><li><p>fadsjhf ádf</p></li><li><p> á</p></li><li><p>df á</p></li><li><p>áfá ád</p></li><li><p> fà àd </p></li><li><p>ádf àdkjàd</p></li><li><p>fa adfsadf </p></li><li><p>sfa sdfà</p></li><li><p> af dá afè rggf </p></li><li><p>s f sdfgsgdf sgd sd</p></li><li><p></p></li></ol>\"}]','[{\"end\": \"2024-07-25T17:00:00.000Z\", \"name\": \"Quản lý phòng trọ\", \"start\": \"2024-05-13T17:00:00.000Z\", \"description\": \"<ul><li><p>adshja lsdf â</p></li><li><p>ádf</p></li><li><p>ád fàdà</p></li><li><p>ádfư eygẻ</p></li><li><p>hẻyetje ẹt ẹt et e</p></li><li><p>ety jety jêttjẹtt etỵ ẹt</p></li></ul>\"}]','[{\"end\": \"2024-07-18T17:00:00.000Z\", \"name\": \"Kỹ Sư\", \"major\": \"Khoa học máy tính\", \"start\": \"2023-07-03T17:00:00.000Z\", \"description\": \"dsa àdjkl qwèuh fjek qwjèh okjfewq\", \"organization\": \"Đại học Bách Khoa Hà Nội\"}]','[{\"end\": \"\", \"name\": \"Kafka\", \"start\": \"2024-07-02T17:00:00.000Z\", \"description\": \"adsfa fdà á fá fádf \", \"organization\": \"Kafka\"}]','[{\"name\": \"ReactJS\", \"level\": 70}, {\"name\": \"NextJS\", \"level\": 70}]','[{\"name\": \"Tiếng Anh\", \"level\": 70}, {\"name\": \"Tiếng Nhật\", \"level\": 30}]',50000000,1,0,1,NULL,0,'2024-07-07 20:27:16',NULL,'2024-07-08 15:41:04',NULL),(12,26,28,NULL,'vị trí Cto','[]',7,'[{\"end\": \"\", \"start\": \"2022-07-06T17:00:00.000Z\", \"position\": \"Thực tập sinh\", \"companyName\": \"Wanosoft\", \"description\": \"<p>• Công nghệ: NestJS, GraphQL, Prisma, MySQL</p><p>• Công việc: Tìm hiểu dự án công ty, maintain dự án external, code thêm tính năng cho dự án internal</p>\"}]','[{\"end\": \"2024-07-25T17:00:00.000Z\", \"name\": \"Shopify - Tiktok app\", \"start\": \"2023-07-11T17:00:00.000Z\", \"description\": \"<ul><li><p>Tìm hiểu về thương mại điện tử (shopify). Tạo ứng dụng giúp người bán hàng trên shopify có thể theo dõi các hoạt động của khách hàng trên website bán hàng của họ thông qua nền tảng Tiktok.</p></li><li><p>Số thành viên: 3</p></li><li><p>Công nghệ sử dụng: NodeJS, ReactJS</p></li></ul>\"}]','[{\"end\": \"2024-07-25T17:00:00.000Z\", \"name\": \"Cử nhân\", \"major\": \"Khoa học máy tính\", \"start\": \"2019-07-24T17:00:00.000Z\", \"description\": \"\", \"organization\": \"Đại học Bách Khoa Hà Nội\"}]','[{\"end\": \"2024-08-01T17:00:00.000Z\", \"name\": \"Kafka\", \"start\": \"2023-07-26T17:00:00.000Z\", \"description\": \"\", \"organization\": \"Kafka\"}]','[{\"name\": \"NodeJS\", \"level\": 50}]','[{\"name\": \"Tiếng Anh\", \"level\": 80}]',100000000,7,0,1,NULL,0,'2024-07-08 12:06:19',NULL,'2024-07-08 12:13:00',NULL),(13,27,25,NULL,'Tương lai gần trở thành frontend developer','[]',1,'[{\"end\": \"2024-07-23T17:00:00.000Z\", \"start\": \"2022-07-04T17:00:00.000Z\", \"position\": \"Thực tập sinh React\", \"companyName\": \"BitSoft\", \"description\": \"<ul><li><p>Tìm hiểu HTML, CSS, JS</p></li><li><p>TÌm hiểu ReactJS</p></li><li><p>Làm dự án internal</p></li></ul>\"}]','[{\"end\": \"2022-09-14T17:00:00.000Z\", \"name\": \"Website bán sách\", \"start\": \"2022-07-13T17:00:00.000Z\", \"description\": \"<ul><li><p>Dự án cá nhân</p></li><li><p>Tạo ra một website bán sách đơn giản</p></li><li><p>Công nghệ sử dung: ReactJS, NodeJS (ExpressJS) và MySQL</p></li><li><p>Chức năng: Đăng nhập, đăng kí, xác thực, CRUD Book, CRUD author, nhóm chức năng liên quan đến</p><p>Cart</p></li></ul>\"}]','[{\"end\": \"2024-09-04T17:00:00.000Z\", \"name\": \"Cử nhân\", \"major\": \"Khoa học máy tính\", \"start\": \"2019-09-04T17:00:00.000Z\", \"description\": \"\", \"organization\": \"Đại học Bách Khoa Hà Nội\"}]','[{\"end\": \"2024-07-16T17:00:00.000Z\", \"name\": \"AWS\", \"start\": \"2023-07-11T17:00:00.000Z\", \"description\": \"\", \"organization\": \"AWS\"}]','[{\"name\": \"ReactJS\", \"level\": 60}, {\"name\": \"NestJS\", \"level\": 70}]','[{\"name\": \"Tiếng Anh\", \"level\": 40}]',15000000,1,0,1,NULL,0,'2024-07-08 12:14:44',NULL,'2024-07-08 12:23:20',NULL),(14,28,25,NULL,'Leader','[{\"url\": \"https://job-nest.s3.amazonaws.com/pdfs/b78b978ae8951d1b84b230f186a25bdb9c4c9e2662ce6b1e2277731547478aeb2f29df8c216bae4c4e0c99ac81f940320f5845c37512c1334df6c6601f0d40a9.pdf\", \"title\": \"Anthony_Eliot\"}]',5,'[{\"end\": \"2024-06-30T17:00:00.000Z\", \"start\": \"2023-07-05T17:00:00.000Z\", \"position\": \"Junior\", \"companyName\": \"Misa\", \"description\": \"<p><strong><em><u>ádffạ ạdf hjfhsạ fhwqufqwi fjqbfiu q</u></em></strong></p><ul><li><p><em>few hqwiòehqìoe hqwio hfioqhwèoi qwhfe qwihe ff</em></p></li><li><p><em>qfwe hpqwìh iwoqè hiohqwf oiqf hoiqwfh ioqhf     kahf p wqehf ưeqf ffq e </em></p></li></ul>\"}]','[{\"end\": \"2023-08-04T17:00:00.000Z\", \"name\": \"Quản lý cho thuê cloud\", \"start\": \"2023-07-03T17:00:00.000Z\", \"description\": \"<ul><li><p>fdsa adsf á</p></li><li><p>adfwqèho qf</p></li><li><p>qfw uohqwu qwfuigqì</p></li><li><p>qfweohùqwh oqwòeh</p></li><li><p>fqweiuq</p></li></ul>\"}]','[{\"end\": \"2023-08-16T17:00:00.000Z\", \"name\": \"Cử nhân\", \"major\": \"Khoa học máy tính\", \"start\": \"2019-07-02T17:00:00.000Z\", \"description\": \"\", \"organization\": \"Đại học Bách Khoa Hà Nội\"}]','[{\"end\": \"2024-08-09T17:00:00.000Z\", \"name\": \"K8S\", \"start\": \"2024-07-15T17:00:00.000Z\", \"description\": \"\", \"organization\": \"K8S\"}]','[{\"name\": \"C#\", \"level\": 70}, {\"name\": \"VueJS\", \"level\": 40}]','[{\"name\": \"Tiếng Anh\", \"level\": 70}]',100000000,2,0,2,'https://job-nest.s3.amazonaws.com/pdfs/b78b978ae8951d1b84b230f186a25bdb9c4c9e2662ce6b1e2277731547478aeb2f29df8c216bae4c4e0c99ac81f940320f5845c37512c1334df6c6601f0d40a9.pdf',0,'2024-07-08 12:27:32',NULL,'2024-07-08 16:27:37',NULL),(15,29,38,NULL,'Không có','[{\"url\": \"https://job-nest.s3.amazonaws.com/pdfs/6ec958e27ffed8ba1ed1a03fcbcd26d2358843e23986aabc98bfbea13fc023eefd77299835a6103609d2b09b97814805abb16c28a706b33c2d859541abf3b38d.pdf\", \"title\": \"Christine_Alice\"}]',3,'[]','[]','[]','[]','[]','[]',20000000,1,0,2,'https://job-nest.s3.amazonaws.com/pdfs/6ec958e27ffed8ba1ed1a03fcbcd26d2358843e23986aabc98bfbea13fc023eefd77299835a6103609d2b09b97814805abb16c28a706b33c2d859541abf3b38d.pdf',0,'2024-07-08 14:38:48',NULL,'2024-07-08 16:42:07',NULL),(16,30,1,NULL,'Kiếm nhiều tiền','[{\"url\": \"https://job-nest.s3.amazonaws.com/pdfs/12c8ce4b630d5ce9e44fa79276dbf489936d75e2309d536e4a098b9354765dfe568bd49462b53cb03749d6c106869578d8c60147aee99589c9ad82f04c129f2f.pdf\", \"title\": \"Bob\"}]',6,'[]','[]','[]','[]','[]','[]',35000000,2,0,2,'https://job-nest.s3.amazonaws.com/pdfs/12c8ce4b630d5ce9e44fa79276dbf489936d75e2309d536e4a098b9354765dfe568bd49462b53cb03749d6c106869578d8c60147aee99589c9ad82f04c129f2f.pdf',0,'2024-07-08 14:39:21',NULL,'2024-07-08 16:52:53',NULL),(17,31,4,NULL,'Kiếm thật nhiều tiền','[{\"url\": \"https://job-nest.s3.amazonaws.com/pdfs/09dd0428e94d3b350bc4f0c726dbaead037dd5a9fa012e57abafb313fed9dc980029675508c0f8242edb5479c27ebeebc03459ff957aa5ee623e3ae9852f68c6.pdf\", \"title\": \"Christine_Smith\"}]',4,'[]','[]','[]','[]','[]','[]',50000000,2,0,2,'https://job-nest.s3.amazonaws.com/pdfs/09dd0428e94d3b350bc4f0c726dbaead037dd5a9fa012e57abafb313fed9dc980029675508c0f8242edb5479c27ebeebc03459ff957aa5ee623e3ae9852f68c6.pdf',0,'2024-07-08 14:39:58',NULL,'2024-07-08 16:56:59',NULL),(18,32,25,NULL,'Leader Backend','[{\"url\": \"https://job-nest.s3.amazonaws.com/pdfs/9705e174d54184b49207eec0df809aca9700ae53b2f6a9ed6271cb1790aac341fac8df11873cd8af05cda3d7dcd414c54575a650a233ebf2679065ecd4fd6911.pdf\", \"title\": \"David_Richardson\"}, {\"url\": \"https://job-nest.s3.amazonaws.com/pdfs/1ca5c66e765b849ef602192309adf43af56a31036b0bf7e92d0c2d429463d801d1b28fef11623c348c0410d6fc342fb6d47451bfa52942607fc93f5c8230f200.pdf\", \"title\": \"Christine_Smith\"}]',3,'[]','[]','[]','[]','[]','[]',30000000,2,0,2,'https://job-nest.s3.amazonaws.com/pdfs/9705e174d54184b49207eec0df809aca9700ae53b2f6a9ed6271cb1790aac341fac8df11873cd8af05cda3d7dcd414c54575a650a233ebf2679065ecd4fd6911.pdf',0,'2024-07-08 14:40:45',NULL,'2024-07-08 17:02:53',NULL),(19,33,28,NULL,'Product management','[{\"url\": \"https://job-nest.s3.amazonaws.com/pdfs/809f3919c580010a6f9f3a279510a575876b207d9d99aeb3dc99bbb9f9fbaa8191d33c12c267a4fe41f4430e539563f7f8a09ec08a8ea32d12a47e3ba1a7fc20.pdf\", \"title\": \"Erik\"}, {\"url\": \"https://job-nest.s3.amazonaws.com/pdfs/fa0c4fc8acf2a3567182e9c73a56c684769fa682d2602c41f1ae3415488325eaf7e046317088a76c15f7f218534bce73d20c9e473e09a280843808dc6ccba79f.pdf\", \"title\": \"Christine_Smith\"}]',4,'[]','[]','[]','[]','[]','[]',50000000,4,0,2,'https://job-nest.s3.amazonaws.com/pdfs/809f3919c580010a6f9f3a279510a575876b207d9d99aeb3dc99bbb9f9fbaa8191d33c12c267a4fe41f4430e539563f7f8a09ec08a8ea32d12a47e3ba1a7fc20.pdf',0,'2024-07-08 14:41:14',NULL,'2024-07-08 17:08:41',NULL),(20,34,28,NULL,'Project Manager','[{\"url\": \"https://job-nest.s3.amazonaws.com/pdfs/2581b03d62e6dd910757e26a451d936b12e672f51f65759ce5577adbe22a18eb6fa38696726278d8be4945cd5c3d44efe5e2e5ec6d5338b7d1c72ac724ee1297.pdf\", \"title\": \"Diana_Richardson\"}, {\"url\": \"https://job-nest.s3.amazonaws.com/pdfs/601404ef570f63325f9e3cb548ed1336c95edcffcade25c5cab39eb47b978143bc247d83ad192126dbf61e172e0faadf26f5494a02497da7cdd1ffd4f9514eda.pdf\", \"title\": \"David_Richardson\"}]',3,'[]','[]','[]','[]','[]','[]',45000000,2,0,2,'https://job-nest.s3.amazonaws.com/pdfs/601404ef570f63325f9e3cb548ed1336c95edcffcade25c5cab39eb47b978143bc247d83ad192126dbf61e172e0faadf26f5494a02497da7cdd1ffd4f9514eda.pdf',0,'2024-07-08 14:41:39',NULL,'2024-07-08 17:15:40',NULL),(21,35,57,NULL,'Kiếm thật nhiều tiền','[{\"url\": \"https://job-nest.s3.amazonaws.com/pdfs/47786b98a27ad11d5d2d6a5eabbdae51587024a07c59109341178a522166aa6bc7044db33d41bfa423614bde78afb3a01881ef36726e4d9ac1f69ee52dfd2110.pdf\", \"title\": \"Elizabeth_Holmes\"}]',3,'[]','[]','[]','[]','[]','[]',25000000,2,0,2,'https://job-nest.s3.amazonaws.com/pdfs/47786b98a27ad11d5d2d6a5eabbdae51587024a07c59109341178a522166aa6bc7044db33d41bfa423614bde78afb3a01881ef36726e4d9ac1f69ee52dfd2110.pdf',0,'2024-07-08 14:42:22',NULL,'2024-07-08 17:17:45',NULL),(22,36,9,NULL,'Đi làm kiếm tiền','[{\"url\": \"https://job-nest.s3.amazonaws.com/pdfs/742e4d141a14c53eec24cd762712e71af192a5fdd29d4dc307b3b89895a8be47f7844faf4ce5355f01eb2b02c2d78025dfd4486203165e94fb13c44b73058502.pdf\", \"title\": \"Erik\"}]',1,'[]','[]','[]','[]','[]','[]',10000000,0,0,2,'https://job-nest.s3.amazonaws.com/pdfs/742e4d141a14c53eec24cd762712e71af192a5fdd29d4dc307b3b89895a8be47f7844faf4ce5355f01eb2b02c2d78025dfd4486203165e94fb13c44b73058502.pdf',0,'2024-07-08 14:44:11',NULL,'2024-07-08 17:20:37',NULL),(23,37,26,NULL,'Trưởng nhóm Tester','[{\"url\": \"https://job-nest.s3.amazonaws.com/pdfs/70939cfc67c8cc912f5711a28f93105fc8b818f398dfcdd83e1b4657a6fb0158e73eb56d556ec48bfdf1ef5b413004876db4c79bdba990afc8959c7fde6932d3.pdf\", \"title\": \"sample1\"}, {\"url\": \"https://job-nest.s3.amazonaws.com/pdfs/0997bff656be1e927226c832ce5d3c9db2d50882c714599701b77e90be1219ec7c472c37596a445baca11cde4597e698ea95135479ef648507511fa89c3f2f96.pdf\", \"title\": \"Christine_Alice\"}]',3,'[]','[]','[]','[]','[]','[]',18000000,2,0,2,'https://job-nest.s3.amazonaws.com/pdfs/0997bff656be1e927226c832ce5d3c9db2d50882c714599701b77e90be1219ec7c472c37596a445baca11cde4597e698ea95135479ef648507511fa89c3f2f96.pdf',0,'2024-07-08 14:44:33',NULL,'2024-07-08 17:27:36',NULL),(24,38,43,NULL,'Đi làm kiếm tiền','[{\"url\": \"https://job-nest.s3.amazonaws.com/pdfs/f9e4c3d24665a807a988254f8e0dc1ba9619699c2b6446cb2fc3b3aad323d334023ac47077c871a71953e6afe4dcc965582ae37920007f53a08df3a9e43f91ee.pdf\", \"title\": \"Robert_Richardson\"}]',2,'[]','[]','[]','[]','[]','[]',20000000,1,0,2,'https://job-nest.s3.amazonaws.com/pdfs/f9e4c3d24665a807a988254f8e0dc1ba9619699c2b6446cb2fc3b3aad323d334023ac47077c871a71953e6afe4dcc965582ae37920007f53a08df3a9e43f91ee.pdf',0,'2024-07-08 14:45:11',NULL,'2024-07-08 17:31:49',NULL),(25,39,59,NULL,'Trờ thành leader trong tương lai gần','[{\"url\": \"https://job-nest.s3.amazonaws.com/pdfs/912252618100e9d7e05dc2adde48c9364a5d7f5ec1f321156aaf6df68cb64c399dfa3472c33157e361181f77870633973273740997fa02197ccea878e4865fcf.pdf\", \"title\": \"Bob\"}]',3,'[]','[]','[]','[]','[]','[]',22000000,1,0,2,'https://job-nest.s3.amazonaws.com/pdfs/912252618100e9d7e05dc2adde48c9364a5d7f5ec1f321156aaf6df68cb64c399dfa3472c33157e361181f77870633973273740997fa02197ccea878e4865fcf.pdf',0,'2024-07-08 14:45:32',NULL,'2024-07-08 17:34:30',NULL),(26,40,81,NULL,'Đi làm kiếm tiền','[{\"url\": \"https://job-nest.s3.amazonaws.com/pdfs/6a9e50eb6560b019245332ba1722a8420301deb746b64e4e347f28dca0cc3c4ac4fdb46cdbe4c80127414086fc8f3e3efda590010251a154b4e6d7ed641c7f78.pdf\", \"title\": \"Matthew_Eliot\"}]',4,'[]','[]','[]','[]','[]','[]',22000000,1,0,2,'https://job-nest.s3.amazonaws.com/pdfs/6a9e50eb6560b019245332ba1722a8420301deb746b64e4e347f28dca0cc3c4ac4fdb46cdbe4c80127414086fc8f3e3efda590010251a154b4e6d7ed641c7f78.pdf',0,'2024-07-08 14:46:12',NULL,'2024-07-08 17:42:10',NULL),(27,41,28,NULL,'Leader','[{\"url\": \"https://job-nest.s3.amazonaws.com/pdfs/60dea858546017610908597bf06783e7a422661bb29dfa87ba031e083d89cbecc02873f37328c2f1d1fdae96557acde1887796839e26a508b2c11058f37d6617.pdf\", \"title\": \"Erik\"}, {\"url\": \"https://job-nest.s3.amazonaws.com/pdfs/b5fef657752efc5c478a1b0a878ef2418db066d069362fa0592b931891384227d13d768b1547b704440496a458317dfc5360ace5f5238bdcb18c9ff3bc533c8d.pdf\", \"title\": \"Diana_Richardson\"}]',1,'[{\"end\": \"\", \"start\": \"2024-07-06T17:00:00.000Z\", \"position\": \"Thực tập sinh Java\", \"companyName\": \"AkonSoft\", \"description\": \"<ul><li><p>ad adsf adsf </p></li><li><p>adsfa sdf ads</p></li><li><p>adfs á</p></li><li><p>dfá</p></li></ul>\"}, {\"end\": \"2024-07-07T17:00:00.000Z\", \"start\": \"2023-07-01T17:00:00.000Z\", \"position\": \"fdsấ \", \"companyName\": \"fadsf \", \"description\": \"<p>sd fádf</p>\"}]','[{\"end\": \"2024-07-18T17:00:00.000Z\", \"name\": \"Website tuyển dụng\", \"start\": \"2024-05-06T17:00:00.000Z\", \"description\": \"<p>fdsa ádf ádf</p>\"}]','[{\"end\": \"\", \"name\": \"Cử nhân\", \"major\": \"Khoa học máy tính\", \"start\": \"2020-08-05T17:00:00.000Z\", \"description\": \"dj sadf ádf\", \"organization\": \"ĐHBK Hà Nội\"}]','[{\"end\": \"2024-07-17T17:00:00.000Z\", \"name\": \"Kafka\", \"start\": \"2024-07-07T17:00:00.000Z\", \"description\": \"\", \"organization\": \"Kafka\"}]','[{\"name\": \"NodeJS\", \"level\": 60}, {\"name\": \"Java\", \"level\": 70}]','[{\"name\": \"Tiếng Anh\", \"level\": 70}]',10000000,1,0,2,'https://job-nest.s3.amazonaws.com/pdfs/60dea858546017610908597bf06783e7a422661bb29dfa87ba031e083d89cbecc02873f37328c2f1d1fdae96557acde1887796839e26a508b2c11058f37d6617.pdf',0,'2024-07-08 18:15:52',NULL,'2024-07-08 18:22:40',NULL),(28,42,NULL,NULL,NULL,'[]',NULL,'[]','[{\"end\": \"2024-06-30T17:00:00.000Z\", \"name\": \"123\", \"start\": \"2024-07-03T17:00:00.000Z\", \"description\": \"<p>132</p>\"}]','[]','[]','[{\"name\": \"123\", \"level\": 40}]','[{\"name\": \"2\", \"level\": 20}]',NULL,NULL,NULL,0,NULL,0,'2024-07-16 10:09:18',NULL,'2024-07-16 10:33:52',NULL);
/*!40000 ALTER TABLE `candidate_information` ENABLE KEYS */;
UNLOCK TABLES;

--
-- Table structure for table `city`
--

DROP TABLE IF EXISTS `city`;
/*!40101 SET @saved_cs_client     = @@character_set_client */;
/*!50503 SET character_set_client = utf8mb4 */;
CREATE TABLE `city` (
  `id` int NOT NULL AUTO_INCREMENT,
  `name` varchar(255) COLLATE utf8mb4_unicode_ci NOT NULL,
  PRIMARY KEY (`id`)
) ENGINE=InnoDB AUTO_INCREMENT=97 DEFAULT CHARSET=utf8mb4 COLLATE=utf8mb4_unicode_ci;
/*!40101 SET character_set_client = @saved_cs_client */;

--
-- Dumping data for table `city`
--

LOCK TABLES `city` WRITE;
/*!40000 ALTER TABLE `city` DISABLE KEYS */;
INSERT INTO `city` VALUES (1,'Hà Nội'),(2,'Hà Giang'),(4,'Cao Bằng'),(6,'Bắc Kạn'),(8,'Tuyên Quang'),(10,'Lào Cai'),(11,'Điện Biên'),(12,'Lai Châu'),(14,'Sơn La'),(15,'Yên Bái'),(17,'Hoà Bình'),(19,'Thái Nguyên'),(20,'Lạng Sơn'),(22,'Quảng Ninh'),(24,'Bắc Giang'),(25,'Phú Thọ'),(26,'Vĩnh Phúc'),(27,'Bắc Ninh'),(30,'Hải Dương'),(31,'Hải Phòng'),(33,'Hưng Yên'),(34,'Thái Bình'),(35,'Hà Nam'),(36,'Nam Định'),(37,'Ninh Bình'),(38,'Thanh Hóa'),(40,'Nghệ An'),(42,'Hà Tĩnh'),(44,'Quảng Bình'),(45,'Quảng Trị'),(46,'Thừa Thiên Huế'),(48,'Đà Nẵng'),(49,'Quảng Nam'),(51,'Quảng Ngãi'),(52,'Bình Định'),(54,'Phú Yên'),(56,'Khánh Hòa'),(58,'Ninh Thuận'),(60,'Bình Thuận'),(62,'Kon Tum'),(64,'Gia Lai'),(66,'Đắk Lắk'),(67,'Đắk Nông'),(68,'Lâm Đồng'),(70,'Bình Phước'),(72,'Tây Ninh'),(74,'Bình Dương'),(75,'Đồng Nai'),(77,'Bà Rịa - Vũng Tàu'),(79,'Hồ Chí Minh'),(80,'Long An'),(82,'Tiền Giang'),(83,'Bến Tre'),(84,'Trà Vinh'),(86,'Vĩnh Long'),(87,'Đồng Tháp'),(89,'An Giang'),(91,'Kiên Giang'),(92,'Cần Thơ'),(93,'Hậu Giang'),(94,'Sóc Trăng'),(95,'Bạc Liêu'),(96,'Cà Mau');
/*!40000 ALTER TABLE `city` ENABLE KEYS */;
UNLOCK TABLES;

--
-- Table structure for table `company`
--

DROP TABLE IF EXISTS `company`;
/*!40101 SET @saved_cs_client     = @@character_set_client */;
/*!50503 SET character_set_client = utf8mb4 */;
CREATE TABLE `company` (
  `id` int NOT NULL AUTO_INCREMENT,
  `job_category_parent_id` int NOT NULL,
  `name` varchar(255) COLLATE utf8mb4_unicode_ci NOT NULL,
  `primaryEmail` varchar(255) COLLATE utf8mb4_unicode_ci NOT NULL,
  `extra_mail` json DEFAULT NULL,
  `about_us` text COLLATE utf8mb4_unicode_ci,
  `avatar` varchar(255) COLLATE utf8mb4_unicode_ci DEFAULT NULL,
  `cover_image` varchar(255) COLLATE utf8mb4_unicode_ci DEFAULT NULL,
  `website` varchar(255) COLLATE utf8mb4_unicode_ci DEFAULT NULL,
  `soical_media` json DEFAULT NULL,
  `size_type` int DEFAULT NULL,
  `tax_code` varchar(255) COLLATE utf8mb4_unicode_ci DEFAULT NULL,
  `average_Age` double DEFAULT NULL,
  `primary_address` varchar(255) COLLATE utf8mb4_unicode_ci DEFAULT NULL,
  `extra_address` json DEFAULT NULL,
  `phone_number` varchar(255) COLLATE utf8mb4_unicode_ci NOT NULL,
  `extra_phone_number` json DEFAULT NULL,
  `canCreateJob` tinyint(1) NOT NULL DEFAULT '0',
  `status` tinyint NOT NULL DEFAULT '0',
  `create_at` timestamp NULL DEFAULT CURRENT_TIMESTAMP,
  `create_by` int DEFAULT NULL,
  `update_at` timestamp NULL DEFAULT CURRENT_TIMESTAMP,
  `update_by` int DEFAULT NULL,
  PRIMARY KEY (`id`),
  UNIQUE KEY `company_name_key` (`name`),
  KEY `company_job_category_parent_id_fkey` (`job_category_parent_id`),
  FULLTEXT KEY `company_name_idx` (`name`),
  CONSTRAINT `company_job_category_parent_id_fkey` FOREIGN KEY (`job_category_parent_id`) REFERENCES `job_category_parent` (`id`) ON DELETE RESTRICT ON UPDATE CASCADE
) ENGINE=InnoDB AUTO_INCREMENT=15 DEFAULT CHARSET=utf8mb4 COLLATE=utf8mb4_unicode_ci;
/*!40101 SET character_set_client = @saved_cs_client */;

--
-- Dumping data for table `company`
--

LOCK TABLES `company` WRITE;
/*!40000 ALTER TABLE `company` DISABLE KEYS */;
INSERT INTO `company` VALUES (1,6,'Global Tech','company@gmail.com',NULL,'<p>LF Global Tech is a global technology company headquartered in Singapore and has subsidiaries in many countries such as Vietnam, Canada and Turkey. We lead the market with new and revolutionary ideas with 16 years of experience in finance and technology. We provide secure solutions and products for System management, Metaquotes, Mobile Applications and Websites with our professional and experienced IT team in our company branches. LF Global Tech website: https://lfglobaltech.net/</p>','https://job-nest.s3.amazonaws.com/images/f2bf9ea4007a836bae8930d32d93992d25bde3dfadba092bb11e0afddbaf2cd5ea34ae5905730d93120c6a5a746dd18ec6e6eae53020f7f70c5a2d1353f2cede.png','https://job-nest.s3.amazonaws.com/images/e405ed9a94ce44134fea434448f0794e846f64d5fbf5afeff9d219f7a328577f368e88f4faf4d69a4249759c5471b5ad007a8d6fd0822cf689ed66feb4bd4005.jpg','',NULL,0,'08977567',NULL,'Đông Anh, Hà Nội',NULL,'0987654329',NULL,1,1,'2024-06-29 20:33:52',NULL,'2024-07-09 15:30:12',NULL),(2,6,'CÔNG TY TNHH GLODIVAL','sonxzys@gmail.com',NULL,'<p>Được thành lập từ năm 2019, <strong>Công ty TNHH Glodival</strong> đã và đang dần trở thành một trong những Doanh nghiệp có uy tín trong lĩnh vực Du Lịch, Digital Marketing. Với sự đồng tâm từ cấp quản lý tận tụy, giàu kinh nghiệm đến đội ngũ nhân viên trẻ chuyên môn cao, đầy nhiệt huyết, <strong>Glodival </strong>dần khẳng định được vị trí của mình trên thị trường, trở thành một trong những sự ưu tiên và lựa chọn hàng đầu của khách hàng.</p><p>Tập thể<strong> Glodival</strong> không những với tinh thần luôn cải tiến liên tục về mọi mặt: chất lượng dịch vụ, năng lực, chuyên môn, quy trình hoạt động, công nghệ thông tin,... mà còn luôn ý thức về các giá trị nhân văn và coi trọng giá trị con người. Tinh thần chia sẻ, học hỏi, hỗ trợ lẫn nhau được khuyến khích hàng ngày, hàng giờ. Mỗi hoạt động, mỗi chương trình thực hiện đều là tấm lòng và trái tim của Glodival mong muốn đem lại lợi ích thật sự cho khách hàng, cho đồng nghiệp và xa hơn là cộng đồng, xã hội. Chính những quan điểm đầy giá trị sống này đã làm nên sự khác biệt, gia tăng lợi thế cạnh tranh và nâng cao giá trị thương hiệu của <strong>Glodival</strong> mỗi ngày.</p><p><strong>Tầm Nhìn</strong></p><ul><li><p>Glodival định hướng trở thành Doanh nghiệp hàng đầu trong lĩnh vực Du lịch, Du học và Định cư theo từng giai đoạn:</p></li><li><p><strong>Giai đoạn từ 2020 - 2025:</strong> Glodival hướng đến mục tiêu trở thành một trong những Công ty Du lịch, Du học và Định cư uy tín nhất Việt Nam.</p></li><li><p><strong>Giai đoạn từ 2025-2030:</strong> Glodival sẽ mở rộng thêm 5 thị trường Du lịch, Du học và Định cư tại nước ngoài.</p></li><li><p><strong>Giai đoạn từ 2030 trở về sau</strong>: Glodival vươn lên trở thành Tập đoàn Du lịch, Du học và Định cư lớn mạnh với độ phủ rộng khắp hơn 30 thị trường trên toàn thế giới.</p></li></ul><p><strong>Sứ Mệnh</strong></p><p><strong>Glodival </strong>không ngừng nỗ lực để hoàn thiện Hệ sinh thái Du lịch, Du học và Định cư chất lượng nhất và giúp tối ưu thời gian, tiết kiệm chi phí, đem đến sự tiện lợi cho khách hàng khi trải nghiệm.</p><p>Với phương châm lấy con người làm trung tâm phát triển, <strong>Glodival</strong> luôn tạo môi trường làm việc năng động, đề cao sức sáng tạo, nâng cao chất lượng đời sống nhân viên, hướng đến sự phát triển bền vững.</p><p><strong>Giá Trị Cốt Lõi</strong></p><ul><li><p><strong>Tôn trọng:</strong> Tập thể <strong>Glodival </strong>luôn tôn trọng lẫn nhau và lắng nghe những chia sẻ, ý kiến đóng góp của tất cả thành viên để có thể hiểu, gắn bó và tạo dựng tập thể vững mạnh.</p></li><li><p><strong>Tin tưởng</strong>: Tập thể <strong>Glodival</strong> đều đặt niềm tin vào giá trị và năng lực chuyên môn của từng thành viên và luôn tạo cơ hội để chứng minh khả năng bằng thực lực của mình.</p></li><li><p><strong>Trách nhiệm: </strong>Nêu cao ý thức, tinh thần trách nhiệm, chủ động công việc dù khó khăn hay thử thách vẫn phải luôn đảm bảo tiến độ công việc hoàn thành.</p></li><li><p><strong>Chính trực: </strong>Công tâm trong công việc, luôn đặt lợi ích tập thể, tổ chức làm mục tiêu hàng đầu, đề cao sự trung thực, liêm chính và sẵn sàng góp ý với tinh thần xây dựng.</p></li><li><p><strong>Thái độ tích cực: </strong>Công ty <strong>Glodival</strong> luôn tạo môi trường làm việc lành mạnh và phát triển kĩ năng cho từng thành viên.</p></li><li><p><strong>Chủ động - Sáng tạo:</strong> Mỗi thành viên trong <strong>Glodival </strong>đều luôn chủ động học hỏi, nâng cao kỹ năng chuyên môn. Tính sáng tạo trong công việc được đánh giá cao giúp nâng cao năng suất công việc hiệu quả.</p></li><li><p><strong>Sự công nhận</strong>: <strong>Glodival</strong> luôn ghi nhận những công sức, nổ lực mà từng thành viên đã đóng góp giúp công ty không ngừng phát triển lớn mạnh, góp phần tạo động lực cho nhân viên làm việc tốt hơn.</p></li><li><p><strong>Công bằng:</strong> Mọi thành viên trong <strong>Glodival </strong>đều hưởng những đãi ngộ đúng với quyền lợi và có cơ hội thăng tiến như nhau.</p></li><li><p><strong>Sự biết ơn:</strong> <strong>Glodival </strong>luôn tri ân, biết ơn những cá nhân đã có những cống hiến cùng với sự kiên trì đã làm nên thành công của công ty.</p></li></ul>','https://job-nest.s3.ap-southeast-1.amazonaws.com/company-avatar-default.jpg','https://job-nest.s3.ap-southeast-1.amazonaws.com/company-cover-default.png',NULL,NULL,3,'08838452',NULL,'Tầng 16 Tòa nhà Metro Tower, 667 Điện Biên Phủ, Phường 25, Quận Bình Thạnh, HCM',NULL,'0891248715',NULL,1,0,'2024-06-30 14:33:24',NULL,'2024-06-30 14:35:33',NULL),(3,3,'TNHH ABC','bsdkf@gmail.com',NULL,NULL,'https://job-nest.s3.ap-southeast-1.amazonaws.com/company-avatar-default.jpg','https://job-nest.s3.ap-southeast-1.amazonaws.com/company-cover-default.png',NULL,NULL,1,NULL,NULL,'f fg',NULL,'0975435254',NULL,1,0,'2024-07-02 17:33:23',NULL,'2024-07-02 17:33:23',NULL),(4,6,'Komartek','tuantuan922001@gmail.com',NULL,NULL,'https://job-nest.s3.amazonaws.com/images/7d727d0e04ba2daa177130b4ce8830f691cc94cbd7604b6b295c39ef5a66e68fc658330af330f0fa545a0cb1b63f9cddb3951f3aee90b0f383a5d73909f78ab4.jpg','https://job-nest.s3.ap-southeast-1.amazonaws.com/company-cover-default.png',NULL,NULL,1,NULL,NULL,'9 Ng.4 P.Duy Tân, Dịch Vọng Hậu, Cầu Giấy, Hà Nội 100000, Việt Nam',NULL,'0356419845',NULL,1,0,'2024-07-04 02:45:20',NULL,'2024-07-04 02:48:56',NULL),(5,9,'Công ty TNHH Concentrix Service Vietnam','company2@gmail.com',NULL,'<p>Concentrix là một công ty hàng đầu thế giới của Mỹ trong lĩnh vực dịch vụ chăm sóc khách hàng có mặt ở trên 44 quốc gia với tổng số nhân sự lên tới trên 250.000 nhân viên.</p><p>Concentrix Việt Nam luôn đầu tư và nỗ lực nhằm cung cấp môi trường tốt nhất như:</p><p>Cơ hội học hỏi &amp; phát triển</p><p>Kết nối thường xuyên với nhân viên, tạo môi trường tốt để lắng nghe và tôn trọng tiếng nói nhân viên cũng như giá trị tập thể</p><p>Đầy đủ cơ hội phát triển nhân viên</p><p>Công nhận sự nỗ lực và sự cống hiến từ các cá nhân và tập thể</p><p>Sự khác biệt lớn khi có sự đồng hành tuyệt vời từ đội ngũ nhân viên Concentrix.</p><p>Với sứ mệnh luôn chú trọng con người là nhân tố chủ lực, chính điều này đã trở thành một trong các yếu tố quan trọng giúp chúng tôi chiến thắng với giải thưởng cao quý và uy tín \"\" Công ty có môi trường làm việc tốt nhất Châu Á năm 2020\"\" – Được bình chọn bởi Tạp chí HR Asia - Là một trong những ấn phẩm hàng đầu Châu Á dành cho Hiệp hội Nhân sự.</p>','https://job-nest.s3.amazonaws.com/images/8e9c6b48faf69a64b4b209f809610072826b8d8a2ff5c8861d7cba57f043ef10e370e64c1edbb5f787bfbcc291d1cc8a637c220fec87b6840ece59e424956564.png','https://job-nest.s3.amazonaws.com/images/0d23658258b5e245b18619ef48e1d4f0f9b4dc4644334f8b310a04bd5a6819b97e83c386325b94667e880323e15d6e321b1b386bec529cf5cbe988ec78122889.jpg',NULL,NULL,4,'0832173245',NULL,'Tầng 4, 6 và 7, QTSC Building 1, Lô 34, đường số 14, Công viên phần mềm Quang Trung, phường Tân Chánh Hiệp, Quận 12, Thành Phố Hồ Chí Minh, Việt Nam',NULL,'0911111111',NULL,1,0,'2024-07-07 06:17:08',NULL,'2024-07-07 06:21:26',NULL),(6,1,'CÔNG TY CỔ PHẦN THƯƠNG MẠI NGUYỄN KIM','company3@gmail.com',NULL,'<p>Hơn 20 năm hình thành và phát triển, Nguyễn Kim tự hào là một trong những thương hiệu bán lẻ đi đầu và cách biệt lĩnh vực điện máy tại thị trường Việt Nam.</p><p>02.02.2015 Nguyễn Kim chính thức hợp tác với tập đoàn Central Retail, gia tăng sức mạnh để trở thành nhà bán lẻ đẳng cấp quốc tế.</p><p>Hiện nay, Nguyễn Kim chính thức trở thành một thành viên trọng điểm trong lĩnh vực kinh doanh mặt hàng điện máy của tập đoàn Central Retail.</p>','https://job-nest.s3.amazonaws.com/images/67d3b5a82a35e524f8c3dbcb384ba6e164bf573f4ee7c61b3370ec0fc1c86c43b40a59a2b3761e2a1d2c4633a8db1ab8806dca4bbe5ce3b63cf8f5319a2849a1.png','https://job-nest.s3.amazonaws.com/images/3fb1f6674edbb8ca0ed709e333a1ee71a39b2c05a333bb81fb596b991521922fbfb4fd082426f38c5c0a1607f60e0f37519e9fd2fcaab0c5786e4fc74b65feb5.jpg','https://www.nguyenkim.com/gioi-thieu-cong-ty.html',NULL,3,'03383925',NULL,'63-65-67 Trần Hưng Đạo, Phường Cầu Ông Lãnh, Quận 1, Thành phố Hồ Chí Minh, Việt Nam',NULL,'0987654345',NULL,1,0,'2024-07-07 06:27:32',NULL,'2024-07-07 06:37:42',NULL),(7,2,'Công Ty TNHH Bảo Hiểm Nhân Thọ AIA (Việt Nam)','company4@gmail.com',NULL,'<p><strong>AIA VIỆT NAM</strong></p><p>Gần một thế kỷ qua, AIA đã phục vụ cho nhu cầu không ngừng đổi thay của hàng triệu người dân khắp khu vực Châu Á – Thái Bình Dương.</p><p>AIA Việt Nam là thành viên của Tập đoàn AIA - tập đoàn bảo hiểm nhân thọ độc lập, có nguồn gốc châu Á lớn nhất thế giới được niêm yết.</p><p>Được thành lập vào năm 2000 với mục tiêu bảo vệ sự phồn thịnh và an toàn tài chính cho người dân Việt Nam, AIA Việt Nam hiện đang là một trong những công ty bảo hiểm nhân thọ hàng đầu và là thương hiệu được khách hàng và công chúng tin cậy.</p><p></p><p><strong>TẠI SAO CHỌN AIA?</strong></p><p>Chúng tôi biết rằng cuộc sống vốn dĩ khó lường. Với nền tảng tài chính vững mạnh và sự am hiểu sâu rộng thị trường Châu Á, chúng tôi ở đây để hỗ trợ bạn vượt qua những thăng trầm trong cuộc sống.</p><p>“Chúng tôi luôn tiên phong trong việc xây dựng những mô hình dịch vụ sáng tạo nhằm đem đến những trải nghiệm đẳng cấp cho khách hàng. Mục tiêu của AIA Việt Nam là trở thành công ty bảo hiểm nhân thọ ưu việt tại Việt Nam.”</p><p></p><p><strong>HỢP TÁC PHÂN PHỐI BẢO HIỂM QUA NGÂN HÀNG</strong></p><p>Dựa trên nền tảng hợp tác chặt chẽ, AIA đã xây dựng thành công đội ngũ hợp tác kinh doanh chuyên nghiệp nhằm đưa ra các giải pháp kinh doanh ưu việt cho khách hàng và đối tác.</p><p></p><p><strong>AIA HIỆN ĐANG HỢP TÁC VỚI CÁC ĐỐI TÁC NGÂN HÀNG HÀNG ĐẦU TẠI VIỆT NAM</strong></p><p>Sự kết hợp giữa thế mạnh trong lĩnh vực tài chính của Ngân hàng và năng lực vượt trội về bảo hiểm nhân thọ của AIA, sẽ mang đến những giải pháp tài chính trọn gói, đáp ứng các nhu cầu của khách hàng.</p><p>Với đội ngũ chuyên gia giàu kinh nghiệm và các chuyên viên tư vấn được đào tạo chuyên nghiệp, AIA cam kết mang đến cho khách hàng những dịch vụ tốt nhất.</p><p>Công ty cũng hỗ trợ các đối tác Ngân hàng về mọi mặt từ nghiên cứu phát triển sản phẩm, đào tạo, quản lý bán hàng đến các hoạt động phát triển và hỗ trợ kinh doanh.</p>','https://job-nest.s3.amazonaws.com/images/fbc7a8d20a4c932a922fbc5de6c8ae553a96bb455f85c57e6fa9ccf7256c7b5dbaa066e39ee24b76adb20c2cf7966a62df5e6efdf81113e6a25f74f19cfe542d.png','https://job-nest.s3.amazonaws.com/images/b2cc244c0e817baa1277b5342af28d531aa76338b160f2fb684021c1003a38211ca8f5ce465db368d8d33c5311dea71838df1a72f80303f91b6fc3527ed0698f.jpg','https://www.aia.com.vn/vi/index.html',NULL,4,'0472937524',NULL,'Tòa nhà Petronas lầu 8, 235 Nguyễn Văn Cừ, p.Nguyễn Cư Trinh, Quận 1, TP HCM',NULL,'0975527481',NULL,1,0,'2024-07-07 10:31:04',NULL,'2024-07-07 10:34:06',NULL),(8,11,'Language Link Việt Nam','company5@gmail.com',NULL,'<p>Được thành lập năm 1996, Language Link Việt Nam – thành viên của Tập đoàn Language Link Quốc tế, là một trong những tổ chức quốc tế đầu tiên cung cấp các khóa học tiếng Anh bản ngữ tại Việt Nam. Trong 20 năm qua, Language Link Việt Nam đã không ngừng lớn mạnh thành tổ chức giáo dục hàng đầu tại Việt Nam với nhiều loại hình đào tạo phù hợp với các đối tượng học viên khác nhau.</p><p>Hiện tại, cơ cấu của Language Link bao gồm: Các Trung tâm tiếng Anh (Public Schools), Chương trình tiếng Anh liên kết trường học (Schools Link), và Trường đào tạo Doanh nghiệp (Corporate Link).</p><p></p>','https://job-nest.s3.amazonaws.com/images/162d02214521a59f2b108fe986c7687d1399100acc569593575de20c5b4c3559bc4e51adb7abba786a91ba0c472978966177b80e0ea03b16aaaf6bd5446b2e0c.png','https://job-nest.s3.amazonaws.com/images/4948e624cd3f4e89ca0d13d7c361fd6830209c8d4abbd494363e38600e6eecdfb08a25390d7fa433aa5474179604b9bd3da772f8a1b15d5d4c86cd83d3c80b23.jpg','https://llv.edu.vn/vi/',NULL,3,'24972473',NULL,'34T Hoàng Đạo Thúy',NULL,'0987656789',NULL,1,0,'2024-07-07 10:56:50',NULL,'2024-07-07 11:49:31',NULL),(9,27,'J&T Express','comapny6@gmail.com',NULL,'<p>J&amp;T Express là thương hiệu chuyển phát nhanh dựa trên sự phát triển của công nghệ và Internet của Công ty TNHH MTV Chuyển phát nhanh Thuận Phong có vốn đầu tư từ Hồng Kông. Chúng tôi sở hữu một mạng lưới rộng khắp nhằm hỗ trợ các hoạt động giao nhận hàng hóa nhanh chóng không chỉ ở nội thành mà còn ở ngoại thành và các vùng xa của các tỉnh thành trong cả nước Việt Nam.</p><p>Đồng thời, trong tương lai J&amp;T Express định hướng mở rộng phạm vi cung cấp các dịch vụ chuyển phát nhanh ra quốc tế.&nbsp;</p><p>J&amp;T Express cam kết sử dụng hệ thống công nghệ thông tin tiên tiến để nâng cao tính kịp thời và chất lượng phục vụ, cũng như đáp ứng những tiêu chí về sự tiện lợi, nhanh chóng, hiệu quả trong các dịch vụ chuyển phát đến khách hàng. J&amp;T Express hiện tại đã có mặt tại nhiều nước Đông Nam Á: Việt Nam, Thái Lan, Indonesia, Malaysia, Philippines.&nbsp;</p><p>Với khẩu hiệu “Express your online business”, J&amp;T Express tập trung hỗ trợ cho khách hàng kinh doanh trực tuyến dễ dàng và hiệu quả hơn, cung cấp các tiện ích giúp khách hàng mở rộng kinh doanh theo xu hướng của ngành thương mại điện tử.</p>','https://job-nest.s3.amazonaws.com/images/4b338cc9e4718bd9e40b9d6666b53862c9cafc0602e6d49b3be02aa72242a0c14a2fe9cc2b62a60857a8f36a85a097efd27d45d64f58adb6c5114f9a842ac4a4.png','https://job-nest.s3.amazonaws.com/images/fded171356ac7235e11be62c6c4a84ce3d3e56c095658b3c39ba55d73b1a018f5c737350b5796b53283ea340843020594a5de1f3c3e20e5a6f6990e9550b4b13.jpg','https://jtexpress.vn/',NULL,4,'132487534',NULL,'84-86 D1, Khu Đô Thị mới Him Lam, Phường Tân Hưng, Quận 7',NULL,'0947283653',NULL,1,0,'2024-07-07 12:03:28',NULL,'2024-07-07 12:12:46',NULL),(10,15,'TNHH BOSCH GLOBAL SOFTWARE TECHNOLOGIES','company7@gmail.com',NULL,'<p><strong>Bosch Global Software Technologies Company Limited</strong> (Previous name: RBVH - Robert Bosch Engineering and Business Solutions Vietnam Company Limited) is 100% owned subsidiary of Robert Bosch GmbH. BGSW Vietnam has started its operations from 19th October, 2010 at E-Town2 in HCMC. Today, BGSW Vietnam has offices in both Ho Chi Minh city and Hanoi with more than 4500 currently working.</p><p>o HCM Office: Etown 2 Building, 364 Cong Hoa Street, Ward 13, Tan Binh District, HCMC</p><p>o Hanoi Office: Floor 14, Capital Place, 29 Lieu Giai Street, Ngoc Khanh Ward, Ba Dinh District, Hanoi</p><p><strong>Mission/Vision</strong></p><p>To develop innovative, useful, and exciting products and solutions to enhance quality of life – technology that is “Invented for life”.C10</p><p><strong>Our services</strong></p><p>We engage in developing embedded systems and software, mechanical design and simulation, and will provide IT (SAP Consulting, JAVA Development….) and Business Services (Finance and accounting, Economics, Purchasing, Logistics, Translations Japanese-English-Japanese, Information Security ) solutions to the Bosch group of companies globally.</p><p><strong>Core values</strong></p><p>Our professional ethics in dealing with our business partners, investors, employees and society.</p><p>1. Future and Result Focus</p><p>2. Responsibility and Sustainability</p><p>3. Initiative and Determination</p><p>4. Openness and Trust</p><p>5. Fairness</p><p>6. Reliability, Credibility, and Legality</p><p>7. Diversity</p>','https://job-nest.s3.amazonaws.com/images/7c1f36345076bd7e4d65eda3058eac434bc2373e2a95ab722fab9c828e1dc524efd66766613a44438d071f0f0ea97c6ab6d72f719cfebf57d5988ecefd500059.png','https://job-nest.s3.ap-southeast-1.amazonaws.com/company-cover-default.png',NULL,NULL,3,'578239524',NULL,'- Hồ Chí Minh : Etown 2 Building, 364 Cong Hoa St, Tan Binh District, Ho Chi Minh City, Vietnam. Hà Nội: Capital Place, No. 29 Lieu Giai Street, Ngoc Khanh Ward, Ba Dinh District, Ha Noi, Vietnam',NULL,'0946275823',NULL,1,0,'2024-07-07 14:44:50',NULL,'2024-07-07 14:47:38',NULL),(11,11,'TEKY HOLDINGS','company8@gmail.com',NULL,'<p>Young can do IT</p><p>TEKY là Tổ chức giáo dục công nghệ STEAM K12 chuẩn Mỹ tiên phong và dẫn đầu tại Việt Nam với hệ sinh thái Học viện - Nền tảng edtech - Hợp tác trường, nhằm thực hiện sứ mệnh Đổi mới giáo dục, mang đến cho thế hệ trẻ Việt Nam kiến thức toàn diện về STEAM (Science - Technology - Engineering - Art - Math), đặc biệt là các tư duy công nghệ, khoa học máy tính và kỹ năng 4C của thế kỷ 21.</p><p>Chúng tôi tin rằng trẻ em Việt Nam có cơ hội phát triển mạnh mẽ trong kỷ nguyên số với Robot, Trí tuệ nhân tạo, Metaverse và cần được trang bị sẵn sàng để trở thành những doanh nhân công nghệ trong tương lai.</p><p>Quy mô: 500 - 1000 nhân viên, 16 học viện toàn quốc, hợp tác với hàng trăm trường học tại Việt Nam</p><p>Hệ sinh thái Edtech:</p><p>Teky - Đổi mới Giáo dục Công nghệ: https://teky.edu.vn/</p><p>CodeKitten - Công cụ lập trình kéo thả đầu tiên tại Việt Nam: https://codekitten.vn</p><p>Toppy - Nền tảng Cá nhân hoá Học tập, nâng cao điểm số K12: https://toppy.vn</p><p>TutorO - App cộng đồng gia sư, giáo viên STEM: https://tutoro.vn</p><p>Các giải thưởng Quốc tế trong lĩnh vực giáo dục:</p><p>Dự án duy nhất tại Việt Nam nằm trong 16 Dự án tiêu biểu về Đổi mới giáo dục toàn cầu theo báo cáo của Diễn đàn Kinh tế Thế giới 2020, Davos, Thụy Sĩ</p><p>Chương trình giảng dạy công nghệ cho trẻ em duy nhất tại Việt Nam đạt chuẩn chất lượng quốc tế theo đánh giá của Tổ chức các nhà giáo Phần Lan AEF</p><p>Giải Doanh nghiệp mới xuất sắc nhất Đông Nam Á, Rice Bowl Award 2019</p><p>Giải Doanh nghiệp khởi nghiệp xuất sắc nhất, Giải thưởng Doanh nghiệp ASEAN 2019</p><p>Giải thưởng cho Giải pháp trợ giúp cuộc sống tốt nhất, Rice Bowl Award 2018</p><p>Giải thưởng Sự lựa chọn yêu thích năm, Rice Bowl Award 2018</p><p>Dự án có ảnh hưởng xã hội tốt nhất Đông Nam Á do Chính phủ Úc và Đại học Melbourne trao tặng năm 2017</p><p>Giải thưởng cho Dự án có tác động xã hội tốt nhất, Rice Bowl Award 2017</p><p>Giải thưởng cho Startup xuất sắc dành cho Nữ doanh nhân tại Thuỵ sĩ 2017</p><p><strong>ĐỊA ĐIỂM LÀM VIỆC</strong></p><p><strong>* Hà Nội:</strong></p><p></p><p>- Tầng 3, số 463 Minh Khai, Vĩnh Tuy, Hai Bà Trưng</p><p>- Biệt thự 27, TT4A, Khu đô thị Tây Nam Linh Đàm, Hoàng Mai</p><p>- Số 6 Nguyễn Thị Thập, Trung Hòa Nhân Chính, Cầu Giấy</p><p>- Tầng 5, tòa nhà Mac Plaza, số 10 Trần Phú, Hà Đông</p><p>- Số 96 Phố Hai Bà Trưng, Cửa Nam, Hoàn Kiếm</p><p>- 414 Nguyễn Văn Cừ, Bồ Đề, Long Biên</p><p>- Tầng 2, tòa nhà Dolphin Plaza số 28 Trần Bình, Mỹ Đình, Nam Từ Liêm</p><p>- Cơ sở dự kiến khai trương ở Cầu giấy</p><p>- Cơ sở dự kiến khai trưởng ở Đống Đa</p><p><strong>* Hồ Chí Minh:</strong></p><p>- Tầng 2, Tòa nhà Park View Residence, số 152 Điện Biên Phủ, Phường 25, Bình Thạnh</p><p>- 20 Ung Văn Khiêm, Phường 25, Quận Bình Thạnh</p><p></p><p>- Tầng 5, Lotte Mart Phú Thọ, 968 đường 3/2, Phường 15, Quận 11</p><p>- 174 Hòa Bình, Phường Tân Thới Hòa, Quận Tân Phú</p><p>- Tòa nhà Sài Gòn Mall, Số 19 Cao Thắng, Phường 2, Quận 3</p><p>- Tầng trệt, Số 249 Cộng Hòa, Phường 13, Quận Tân Bình</p><p>- 133 Nguyễn Thị Thập, Phường Tân Hưng, Quận 7</p><p>- 569 Phan Văn Trị, Phường 5, Quận Gò Vấp</p><p>- Số 27, Masteri An Phú, 179 Xa lộ Hà Nội, Phường Thảo Điền, Quận 2</p><p>- 143 – 145 Phan Xích Long, Phường 7, Quận Phú Nhuận</p><p>- 98 Đường số 17A, Phường Bình Trị Đông B, Quận Bình Tân</p><p><strong>* TEKY Hải Phòng:</strong> 104 Lương Khánh Thiện, Ngô Quyền, Hải Phòng</p><p><strong>* TEKY Quảng Ninh:</strong> SH4 Times Garden, Đường 25 tháng 4, P. Bạch Đằng, TP. Hạ Long, Quảng Ninh</p><p><strong>* TEKY Bình Dương:</strong> 422 đại lộ Bình Dương, Phường Hiệp Thành, Thành Phố Thủ Dầu 1, Bình Dương</p>','https://job-nest.s3.amazonaws.com/images/484b53dc291588d43dd124a3931a62458d7317fd572b7e9637a50c21316dc0bd3a53c8fb460756143bd8019d2aae4c1bd0fd6791ab112952c9251ddc90c3dd1f.webp','https://job-nest.s3.amazonaws.com/images/4d4bbbe851bed0828a0d5ca8950220ee411d5cc2792a424e9cdb46d48e6cdd131094d06e301584e4ebeba037ed7e8f6a8f519efc3920d620fd481b8615a784fb.jpg',' https://teky.edu.vn/',NULL,3,'426436824',NULL,'Head Office Hà Nội: Tầng 5, Tòa nhà Machino Plaza, Số 10 Trần Phú, Phường Mộ Lao, Quận Hà Đồng, Hà Nội - Chi nhánh tại HCM: 340 Cộng Hoà, Phường 13, Quận Tân Bình, TP.Hồ Chí Minh và 16 chi nhánh',NULL,'0384758246',NULL,1,0,'2024-07-07 15:26:43',NULL,'2024-07-07 15:36:23',NULL),(12,6,'SmartOSC','comapny9@gmail.com',NULL,'<p>Được thành lập từ năm 2006, SmartOSC là một trong những công ty hoạt động trong lĩnh vực Thương mại hiện tử hàng đầu khu vực. Chúng tôi cung cấp các giải pháp tối ưu từ tư vấn, phát triển web, thiết kế UX/UI cho đến các dịch vụ quản trị khác. Với tập khách hàng lớn tại khu vực Bắc Mỹ, châu Á, châu Âu, ANZ, SmartOSC tập trung phát triển với các platform, bao gồm nhưng không giới hạn: Adobe Commerce (Magento), Sitecore, BigCommerce, Shopify Plus, Kentico, Optimizely và Salesforce Commerce Cloud.<br>Trong những năm vừa qua, SmartOSC đã vươn tới cột mốc 1000+ nhân sự tại hơn 9 Quốc gia trên toàn Thế giới. Với chiến lược “lấy con người làm trọng tâm”, chúng tôi luôn tạo điều kiện để nhân viên được phát triển toàn diện và hiện thực hóa ước mơ trên con đường sự nghiệp của họ.<br>Tìm hiểu thêm thông tin chi tiết về SmartOSC tại:<br>– Website: http://www.smartosc.com/<br>– Facebook: https://www.facebook.com/SmartOSCcareer/<br>– LinkedIn: https://www.linkedin.com/company/smartosc<br>– Youtube: https://www.youtube.com/c/SmartoscCareer</p>','https://job-nest.s3.amazonaws.com/images/86c6fdc63b4b100643d9ce487116ff903cab4059c179894320eceb0d4588ca4f70c1204c7b6d09a6162ac8df95297d8746905ec452ff12c8c3a8c6d19f591e84.webp','https://job-nest.s3.amazonaws.com/images/b80ee350709c4473f39af56310a42fd72279bc28a370852346604471b9cdece1074c997ef5b4374276c4b38d76fb7fb7b4540d3ffeb43a517a4c4b65e7ae47c3.jpg','https://careers.smartosc.com/ https://careers.smartosc.com/',NULL,4,'74278425',NULL,'HN: Tòa nhà Handico, đường Phạm Hùng, Hà Nội',NULL,'0345617826',NULL,1,0,'2024-07-07 17:06:44',NULL,'2024-07-07 17:08:52',NULL),(13,6,'Công ty TNHH Phần mềm iNET','company10@gmail.com',NULL,'<p>Công ty TNHH MTV Phần mềm iNET (iNET Software Co., Ltd) được thành lập ngày 11/03/2007, hoạt động trong lĩnh vực Tên miền và dịch vụ Internet. iNET được VNNIC - cơ quan của Bộ Thông tin và Truyền thông chứng nhận đạt chuẩn Nhà đăng ký tên miền quốc gia Việt Nam “.VN” ngày 10/10/2012, Cơ quan quản lý Internet toàn cầu ICANN ủy quyền làm Nhà đăng ký tên miền quốc tế “.COM, .NET…” ngày 10/10/2016.</p><p><strong><em>“Công nghệ”&nbsp;</em></strong>là điểm cốt lõi đánh dấu sự phát triển, mức độ thành công cho thương hiệu iNET. Bởi vậy tất cả các thành viên đều được đào tạo và định hướng trở thành những “Chiến binh công nghệ” thời đại 4.0.</p><p>iNET Liên tục đào tạo, xây dựng đội ngũ nhân sự có thái độ tốt, chuyên môn cao, đam mê, tận tâm, nhiệt huyết, vui vẻ và chuyên nghiệp.</p><p>Hãy gia nhập đội ngũ iNET ngay hôm nay!</p>','https://job-nest.s3.amazonaws.com/images/3bac821bb187453ac9084286276fab104ee0aa6a3894e8e6d2c779de1601dc4b92f45e1eb100504a3009b76082beb42c5087990a956c804b891a9ab1cbe5f2a4.webp','https://job-nest.s3.amazonaws.com/images/2f36bb8d25aac31be926b6a42afb7f3562175fc67f8a25ac58dcd675f6bd8b5925c4c2f4af50a368ee3ea53cdec26dfd7da0a467f81fd3030b5f0949204b338f.jpg','https://inet.vn/',NULL,4,'89437258',NULL,'Số 247 Cầu Giấy, Phường Dịch Vọng, Quận Cầu Giấy, Thành phố Hà Nội',NULL,'0574382645',NULL,1,0,'2024-07-07 18:11:45',NULL,'2024-07-07 19:33:12',NULL),(14,2,'Doll','lbphet19@gmail.com',NULL,NULL,'https://job-nest.s3.ap-southeast-1.amazonaws.com/company-avatar-default.jpg','https://job-nest.s3.ap-southeast-1.amazonaws.com/company-cover-default.png',NULL,NULL,0,NULL,NULL,'123 Cầu Giấy',NULL,'0332221122',NULL,1,0,'2024-07-16 10:27:37',NULL,'2024-07-16 10:27:37',NULL);
/*!40000 ALTER TABLE `company` ENABLE KEYS */;
UNLOCK TABLES;

--
-- Table structure for table `company_has_city`
--

DROP TABLE IF EXISTS `company_has_city`;
/*!40101 SET @saved_cs_client     = @@character_set_client */;
/*!50503 SET character_set_client = utf8mb4 */;
CREATE TABLE `company_has_city` (
  `id` int NOT NULL AUTO_INCREMENT,
  `company_id` int NOT NULL,
  `city_id` int NOT NULL,
  PRIMARY KEY (`id`),
  KEY `company_has_city_company_id_fkey` (`company_id`),
  KEY `company_has_city_city_id_fkey` (`city_id`),
  CONSTRAINT `company_has_city_city_id_fkey` FOREIGN KEY (`city_id`) REFERENCES `city` (`id`) ON DELETE RESTRICT ON UPDATE CASCADE,
  CONSTRAINT `company_has_city_company_id_fkey` FOREIGN KEY (`company_id`) REFERENCES `company` (`id`) ON DELETE RESTRICT ON UPDATE CASCADE
) ENGINE=InnoDB DEFAULT CHARSET=utf8mb4 COLLATE=utf8mb4_unicode_ci;
/*!40101 SET character_set_client = @saved_cs_client */;

--
-- Dumping data for table `company_has_city`
--

LOCK TABLES `company_has_city` WRITE;
/*!40000 ALTER TABLE `company_has_city` DISABLE KEYS */;
/*!40000 ALTER TABLE `company_has_city` ENABLE KEYS */;
UNLOCK TABLES;

--
-- Table structure for table `configuration`
--

DROP TABLE IF EXISTS `configuration`;
/*!40101 SET @saved_cs_client     = @@character_set_client */;
/*!50503 SET character_set_client = utf8mb4 */;
CREATE TABLE `configuration` (
  `id` int NOT NULL AUTO_INCREMENT,
  `key` varchar(255) COLLATE utf8mb4_unicode_ci NOT NULL,
  `value` varchar(255) COLLATE utf8mb4_unicode_ci NOT NULL,
  PRIMARY KEY (`id`),
  UNIQUE KEY `configuration_key_key` (`key`)
) ENGINE=InnoDB AUTO_INCREMENT=4 DEFAULT CHARSET=utf8mb4 COLLATE=utf8mb4_unicode_ci;
/*!40101 SET character_set_client = @saved_cs_client */;

--
-- Dumping data for table `configuration`
--

LOCK TABLES `configuration` WRITE;
/*!40000 ALTER TABLE `configuration` DISABLE KEYS */;
INSERT INTO `configuration` VALUES (1,'USER_AVATAR_DEFAULT','https://job-nest.s3.ap-southeast-1.amazonaws.com/user-avatar-default.jpg'),(2,'COMPANY_AVATAR_DEFAULT','https://job-nest.s3.ap-southeast-1.amazonaws.com/company-avatar-default.jpg'),(3,'COMPANY_COVER_IMAGE_DEFAULT','https://job-nest.s3.ap-southeast-1.amazonaws.com/company-cover-default.png');
/*!40000 ALTER TABLE `configuration` ENABLE KEYS */;
UNLOCK TABLES;

--
-- Table structure for table `conversation`
--

DROP TABLE IF EXISTS `conversation`;
/*!40101 SET @saved_cs_client     = @@character_set_client */;
/*!50503 SET character_set_client = utf8mb4 */;
CREATE TABLE `conversation` (
  `id` int NOT NULL AUTO_INCREMENT,
  `name` varchar(255) COLLATE utf8mb4_unicode_ci DEFAULT NULL,
  `type` int NOT NULL,
  `status` tinyint NOT NULL DEFAULT '0',
  PRIMARY KEY (`id`)
) ENGINE=InnoDB AUTO_INCREMENT=10 DEFAULT CHARSET=utf8mb4 COLLATE=utf8mb4_unicode_ci;
/*!40101 SET character_set_client = @saved_cs_client */;

--
-- Dumping data for table `conversation`
--

LOCK TABLES `conversation` WRITE;
/*!40000 ALTER TABLE `conversation` DISABLE KEYS */;
INSERT INTO `conversation` VALUES (1,NULL,0,1),(2,NULL,0,0),(5,NULL,0,0),(6,NULL,0,1),(7,NULL,0,1),(8,NULL,0,1),(9,NULL,0,1);
/*!40000 ALTER TABLE `conversation` ENABLE KEYS */;
UNLOCK TABLES;

--
-- Table structure for table `district`
--

DROP TABLE IF EXISTS `district`;
/*!40101 SET @saved_cs_client     = @@character_set_client */;
/*!50503 SET character_set_client = utf8mb4 */;
CREATE TABLE `district` (
  `id` int NOT NULL AUTO_INCREMENT,
  `city_id` int NOT NULL,
  `name` varchar(255) COLLATE utf8mb4_unicode_ci NOT NULL,
  PRIMARY KEY (`id`),
  KEY `district_city_id_fkey` (`city_id`),
  CONSTRAINT `district_city_id_fkey` FOREIGN KEY (`city_id`) REFERENCES `city` (`id`) ON DELETE RESTRICT ON UPDATE CASCADE
) ENGINE=InnoDB AUTO_INCREMENT=708 DEFAULT CHARSET=utf8mb4 COLLATE=utf8mb4_unicode_ci;
/*!40101 SET character_set_client = @saved_cs_client */;

--
-- Dumping data for table `district`
--

LOCK TABLES `district` WRITE;
/*!40000 ALTER TABLE `district` DISABLE KEYS */;
INSERT INTO `district` VALUES (1,1,'Quận Ba Đình'),(2,1,'Quận Hoàn Kiếm'),(3,1,'Quận Tây Hồ'),(4,1,'Quận Long Biên'),(5,1,'Quận Cầu Giấy'),(6,1,'Quận Đống Đa'),(7,1,'Quận Hai Bà Trưng'),(8,1,'Quận Hoàng Mai'),(9,1,'Quận Thanh Xuân'),(10,1,'Huyện Sóc Sơn'),(11,1,'Huyện Đông Anh'),(12,1,'Huyện Gia Lâm'),(13,1,'Quận Nam Từ Liêm'),(14,1,'Huyện Thanh Trì'),(15,1,'Quận Bắc Từ Liêm'),(16,1,'Huyện Mê Linh'),(17,1,'Quận Hà Đông'),(18,1,'Thị xã Sơn Tây'),(19,1,'Huyện Ba Vì'),(20,1,'Huyện Phúc Thọ'),(21,1,'Huyện Đan Phượng'),(22,1,'Huyện Hoài Đức'),(23,1,'Huyện Quốc Oai'),(24,1,'Huyện Thạch Thất'),(25,1,'Huyện Chương Mỹ'),(26,1,'Huyện Thanh Oai'),(27,1,'Huyện Thường Tín'),(28,1,'Huyện Phú Xuyên'),(29,1,'Huyện Ứng Hòa'),(30,1,'Huyện Mỹ Đức'),(31,2,'Thành phố Hà Giang'),(32,2,'Huyện Đồng Văn'),(33,2,'Huyện Mèo Vạc'),(34,2,'Huyện Yên Minh'),(35,2,'Huyện Quản Bạ'),(36,2,'Huyện Vị Xuyên'),(37,2,'Huyện Bắc Mê'),(38,2,'Huyện Hoàng Su Phì'),(39,2,'Huyện Xín Mần'),(40,2,'Huyện Bắc Quang'),(41,2,'Huyện Quang Bình'),(42,4,'Thành phố Cao Bằng'),(43,4,'Huyện Bảo Lâm'),(44,4,'Huyện Bảo Lạc'),(45,4,'Huyện Hà Quảng'),(46,4,'Huyện Trùng Khánh'),(47,4,'Huyện Hạ Lang'),(48,4,'Huyện Quảng Hòa'),(49,4,'Huyện Hoà An'),(50,4,'Huyện Nguyên Bình'),(51,4,'Huyện Thạch An'),(52,6,'Thành phố Bắc Kạn'),(53,6,'Huyện Pác Nặm'),(54,6,'Huyện Ba Bể'),(55,6,'Huyện Ngân Sơn'),(56,6,'Huyện Bạch Thông'),(57,6,'Huyện Chợ Đồn'),(58,6,'Huyện Chợ Mới'),(59,6,'Huyện Na Rì'),(60,8,'Thành phố Tuyên Quang'),(61,8,'Huyện Lâm Bình'),(62,8,'Huyện Na Hang'),(63,8,'Huyện Chiêm Hóa'),(64,8,'Huyện Hàm Yên'),(65,8,'Huyện Yên Sơn'),(66,8,'Huyện Sơn Dương'),(67,10,'Thành phố Lào Cai'),(68,10,'Huyện Bát Xát'),(69,10,'Huyện Mường Khương'),(70,10,'Huyện Si Ma Cai'),(71,10,'Huyện Bắc Hà'),(72,10,'Huyện Bảo Thắng'),(73,10,'Huyện Bảo Yên'),(74,10,'Thị xã Sa Pa'),(75,10,'Huyện Văn Bàn'),(76,11,'Thành phố Điện Biên Phủ'),(77,11,'Thị Xã Mường Lay'),(78,11,'Huyện Mường Nhé'),(79,11,'Huyện Mường Chà'),(80,11,'Huyện Tủa Chùa'),(81,11,'Huyện Tuần Giáo'),(82,11,'Huyện Điện Biên'),(83,11,'Huyện Điện Biên Đông'),(84,11,'Huyện Mường Ảng'),(85,11,'Huyện Nậm Pồ'),(86,12,'Thành phố Lai Châu'),(87,12,'Huyện Tam Đường'),(88,12,'Huyện Mường Tè'),(89,12,'Huyện Sìn Hồ'),(90,12,'Huyện Phong Thổ'),(91,12,'Huyện Than Uyên'),(92,12,'Huyện Tân Uyên'),(93,12,'Huyện Nậm Nhùn'),(94,14,'Thành phố Sơn La'),(95,14,'Huyện Quỳnh Nhai'),(96,14,'Huyện Thuận Châu'),(97,14,'Huyện Mường La'),(98,14,'Huyện Bắc Yên'),(99,14,'Huyện Phù Yên'),(100,14,'Huyện Mộc Châu'),(101,14,'Huyện Yên Châu'),(102,14,'Huyện Mai Sơn'),(103,14,'Huyện Sông Mã'),(104,14,'Huyện Sốp Cộp'),(105,14,'Huyện Vân Hồ'),(106,15,'Thành phố Yên Bái'),(107,15,'Thị xã Nghĩa Lộ'),(108,15,'Huyện Lục Yên'),(109,15,'Huyện Văn Yên'),(110,15,'Huyện Mù Căng Chải'),(111,15,'Huyện Trấn Yên'),(112,15,'Huyện Trạm Tấu'),(113,15,'Huyện Văn Chấn'),(114,15,'Huyện Yên Bình'),(115,17,'Thành phố Hòa Bình'),(116,17,'Huyện Đà Bắc'),(117,17,'Huyện Lương Sơn'),(118,17,'Huyện Kim Bôi'),(119,17,'Huyện Cao Phong'),(120,17,'Huyện Tân Lạc'),(121,17,'Huyện Mai Châu'),(122,17,'Huyện Lạc Sơn'),(123,17,'Huyện Yên Thủy'),(124,17,'Huyện Lạc Thủy'),(125,19,'Thành phố Thái Nguyên'),(126,19,'Thành phố Sông Công'),(127,19,'Huyện Định Hóa'),(128,19,'Huyện Phú Lương'),(129,19,'Huyện Đồng Hỷ'),(130,19,'Huyện Võ Nhai'),(131,19,'Huyện Đại Từ'),(132,19,'Thị xã Phổ Yên'),(133,19,'Huyện Phú Bình'),(134,20,'Thành phố Lạng Sơn'),(135,20,'Huyện Tràng Định'),(136,20,'Huyện Bình Gia'),(137,20,'Huyện Văn Lãng'),(138,20,'Huyện Cao Lộc'),(139,20,'Huyện Văn Quan'),(140,20,'Huyện Bắc Sơn'),(141,20,'Huyện Hữu Lũng'),(142,20,'Huyện Chi Lăng'),(143,20,'Huyện Lộc Bình'),(144,20,'Huyện Đình Lập'),(145,22,'Thành phố Hạ Long'),(146,22,'Thành phố Móng Cái'),(147,22,'Thành phố Cẩm Phả'),(148,22,'Thành phố Uông Bí'),(149,22,'Huyện Bình Liêu'),(150,22,'Huyện Tiên Yên'),(151,22,'Huyện Đầm Hà'),(152,22,'Huyện Hải Hà'),(153,22,'Huyện Ba Chẽ'),(154,22,'Huyện Vân Đồn'),(155,22,'Thị xã Đông Triều'),(156,22,'Thị xã Quảng Yên'),(157,22,'Huyện Cô Tô'),(158,24,'Thành phố Bắc Giang'),(159,24,'Huyện Yên Thế'),(160,24,'Huyện Tân Yên'),(161,24,'Huyện Lạng Giang'),(162,24,'Huyện Lục Nam'),(163,24,'Huyện Lục Ngạn'),(164,24,'Huyện Sơn Động'),(165,24,'Huyện Yên Dũng'),(166,24,'Huyện Việt Yên'),(167,24,'Huyện Hiệp Hòa'),(168,25,'Thành phố Việt Trì'),(169,25,'Thị xã Phú Thọ'),(170,25,'Huyện Đoan Hùng'),(171,25,'Huyện Hạ Hoà'),(172,25,'Huyện Thanh Ba'),(173,25,'Huyện Phù Ninh'),(174,25,'Huyện Yên Lập'),(175,25,'Huyện Cẩm Khê'),(176,25,'Huyện Tam Nông'),(177,25,'Huyện Lâm Thao'),(178,25,'Huyện Thanh Sơn'),(179,25,'Huyện Thanh Thuỷ'),(180,25,'Huyện Tân Sơn'),(181,26,'Thành phố Vĩnh Yên'),(182,26,'Thành phố Phúc Yên'),(183,26,'Huyện Lập Thạch'),(184,26,'Huyện Tam Dương'),(185,26,'Huyện Tam Đảo'),(186,26,'Huyện Bình Xuyên'),(187,26,'Huyện Yên Lạc'),(188,26,'Huyện Vĩnh Tường'),(189,26,'Huyện Sông Lô'),(190,27,'Thành phố Bắc Ninh'),(191,27,'Huyện Yên Phong'),(192,27,'Huyện Quế Võ'),(193,27,'Huyện Tiên Du'),(194,27,'Thị xã Từ Sơn'),(195,27,'Huyện Thuận Thành'),(196,27,'Huyện Gia Bình'),(197,27,'Huyện Lương Tài'),(198,30,'Thành phố Hải Dương'),(199,30,'Thành phố Chí Linh'),(200,30,'Huyện Nam Sách'),(201,30,'Thị xã Kinh Môn'),(202,30,'Huyện Kim Thành'),(203,30,'Huyện Thanh Hà'),(204,30,'Huyện Cẩm Giàng'),(205,30,'Huyện Bình Giang'),(206,30,'Huyện Gia Lộc'),(207,30,'Huyện Tứ Kỳ'),(208,30,'Huyện Ninh Giang'),(209,30,'Huyện Thanh Miện'),(210,31,'Quận Hồng Bàng'),(211,31,'Quận Ngô Quyền'),(212,31,'Quận Lê Chân'),(213,31,'Quận Hải An'),(214,31,'Quận Kiến An'),(215,31,'Quận Đồ Sơn'),(216,31,'Quận Dương Kinh'),(217,31,'Huyện Thuỷ Nguyên'),(218,31,'Huyện An Dương'),(219,31,'Huyện An Lão'),(220,31,'Huyện Kiến Thuỵ'),(221,31,'Huyện Tiên Lãng'),(222,31,'Huyện Vĩnh Bảo'),(223,31,'Huyện Cát Hải'),(224,31,'Huyện Bạch Long Vĩ'),(225,33,'Thành phố Hưng Yên'),(226,33,'Huyện Văn Lâm'),(227,33,'Huyện Văn Giang'),(228,33,'Huyện Yên Mỹ'),(229,33,'Thị xã Mỹ Hào'),(230,33,'Huyện Ân Thi'),(231,33,'Huyện Khoái Châu'),(232,33,'Huyện Kim Động'),(233,33,'Huyện Tiên Lữ'),(234,33,'Huyện Phù Cừ'),(235,34,'Thành phố Thái Bình'),(236,34,'Huyện Quỳnh Phụ'),(237,34,'Huyện Hưng Hà'),(238,34,'Huyện Đông Hưng'),(239,34,'Huyện Thái Thụy'),(240,34,'Huyện Tiền Hải'),(241,34,'Huyện Kiến Xương'),(242,34,'Huyện Vũ Thư'),(243,35,'Thành phố Phủ Lý'),(244,35,'Thị xã Duy Tiên'),(245,35,'Huyện Kim Bảng'),(246,35,'Huyện Thanh Liêm'),(247,35,'Huyện Bình Lục'),(248,35,'Huyện Lý Nhân'),(249,36,'Thành phố Nam Định'),(250,36,'Huyện Mỹ Lộc'),(251,36,'Huyện Vụ Bản'),(252,36,'Huyện Ý Yên'),(253,36,'Huyện Nghĩa Hưng'),(254,36,'Huyện Nam Trực'),(255,36,'Huyện Trực Ninh'),(256,36,'Huyện Xuân Trường'),(257,36,'Huyện Giao Thủy'),(258,36,'Huyện Hải Hậu'),(259,37,'Thành phố Ninh Bình'),(260,37,'Thành phố Tam Điệp'),(261,37,'Huyện Nho Quan'),(262,37,'Huyện Gia Viễn'),(263,37,'Huyện Hoa Lư'),(264,37,'Huyện Yên Khánh'),(265,37,'Huyện Kim Sơn'),(266,37,'Huyện Yên Mô'),(267,38,'Thành phố Thanh Hóa'),(268,38,'Thị xã Bỉm Sơn'),(269,38,'Thành phố Sầm Sơn'),(270,38,'Huyện Mường Lát'),(271,38,'Huyện Quan Hóa'),(272,38,'Huyện Bá Thước'),(273,38,'Huyện Quan Sơn'),(274,38,'Huyện Lang Chánh'),(275,38,'Huyện Ngọc Lặc'),(276,38,'Huyện Cẩm Thủy'),(277,38,'Huyện Thạch Thành'),(278,38,'Huyện Hà Trung'),(279,38,'Huyện Vĩnh Lộc'),(280,38,'Huyện Yên Định'),(281,38,'Huyện Thọ Xuân'),(282,38,'Huyện Thường Xuân'),(283,38,'Huyện Triệu Sơn'),(284,38,'Huyện Thiệu Hóa'),(285,38,'Huyện Hoằng Hóa'),(286,38,'Huyện Hậu Lộc'),(287,38,'Huyện Nga Sơn'),(288,38,'Huyện Như Xuân'),(289,38,'Huyện Như Thanh'),(290,38,'Huyện Nông Cống'),(291,38,'Huyện Đông Sơn'),(292,38,'Huyện Quảng Xương'),(293,38,'Thị xã Nghi Sơn'),(294,40,'Thành phố Vinh'),(295,40,'Thị xã Cửa Lò'),(296,40,'Thị xã Thái Hoà'),(297,40,'Huyện Quế Phong'),(298,40,'Huyện Quỳ Châu'),(299,40,'Huyện Kỳ Sơn'),(300,40,'Huyện Tương Dương'),(301,40,'Huyện Nghĩa Đàn'),(302,40,'Huyện Quỳ Hợp'),(303,40,'Huyện Quỳnh Lưu'),(304,40,'Huyện Con Cuông'),(305,40,'Huyện Tân Kỳ'),(306,40,'Huyện Anh Sơn'),(307,40,'Huyện Diễn Châu'),(308,40,'Huyện Yên Thành'),(309,40,'Huyện Đô Lương'),(310,40,'Huyện Thanh Chương'),(311,40,'Huyện Nghi Lộc'),(312,40,'Huyện Nam Đàn'),(313,40,'Huyện Hưng Nguyên'),(314,40,'Thị xã Hoàng Mai'),(315,42,'Thành phố Hà Tĩnh'),(316,42,'Thị xã Hồng Lĩnh'),(317,42,'Huyện Hương Sơn'),(318,42,'Huyện Đức Thọ'),(319,42,'Huyện Vũ Quang'),(320,42,'Huyện Nghi Xuân'),(321,42,'Huyện Can Lộc'),(322,42,'Huyện Hương Khê'),(323,42,'Huyện Thạch Hà'),(324,42,'Huyện Cẩm Xuyên'),(325,42,'Huyện Kỳ Anh'),(326,42,'Huyện Lộc Hà'),(327,42,'Thị xã Kỳ Anh'),(328,44,'Thành phố Đồng Hới'),(329,44,'Huyện Minh Hóa'),(330,44,'Huyện Tuyên Hóa'),(331,44,'Huyện Quảng Trạch'),(332,44,'Huyện Bố Trạch'),(333,44,'Huyện Quảng Ninh'),(334,44,'Huyện Lệ Thủy'),(335,44,'Thị xã Ba Đồn'),(336,45,'Thành phố Đông Hà'),(337,45,'Thị xã Quảng Trị'),(338,45,'Huyện Vĩnh Linh'),(339,45,'Huyện Hướng Hóa'),(340,45,'Huyện Gio Linh'),(341,45,'Huyện Đa Krông'),(342,45,'Huyện Cam Lộ'),(343,45,'Huyện Triệu Phong'),(344,45,'Huyện Hải Lăng'),(345,45,'Huyện Cồn Cỏ'),(346,46,'Thành phố Huế'),(347,46,'Huyện Phong Điền'),(348,46,'Huyện Quảng Điền'),(349,46,'Huyện Phú Vang'),(350,46,'Thị xã Hương Thủy'),(351,46,'Thị xã Hương Trà'),(352,46,'Huyện A Lưới'),(353,46,'Huyện Phú Lộc'),(354,46,'Huyện Nam Đông'),(355,48,'Quận Liên Chiểu'),(356,48,'Quận Thanh Khê'),(357,48,'Quận Hải Châu'),(358,48,'Quận Sơn Trà'),(359,48,'Quận Ngũ Hành Sơn'),(360,48,'Quận Cẩm Lệ'),(361,48,'Huyện Hòa Vang'),(362,48,'Huyện Hoàng Sa'),(363,49,'Thành phố Tam Kỳ'),(364,49,'Thành phố Hội An'),(365,49,'Huyện Tây Giang'),(366,49,'Huyện Đông Giang'),(367,49,'Huyện Đại Lộc'),(368,49,'Thị xã Điện Bàn'),(369,49,'Huyện Duy Xuyên'),(370,49,'Huyện Quế Sơn'),(371,49,'Huyện Nam Giang'),(372,49,'Huyện Phước Sơn'),(373,49,'Huyện Hiệp Đức'),(374,49,'Huyện Thăng Bình'),(375,49,'Huyện Tiên Phước'),(376,49,'Huyện Bắc Trà My'),(377,49,'Huyện Nam Trà My'),(378,49,'Huyện Núi Thành'),(379,49,'Huyện Phú Ninh'),(380,49,'Huyện Nông Sơn'),(381,51,'Thành phố Quảng Ngãi'),(382,51,'Huyện Bình Sơn'),(383,51,'Huyện Trà Bồng'),(384,51,'Huyện Sơn Tịnh'),(385,51,'Huyện Tư Nghĩa'),(386,51,'Huyện Sơn Hà'),(387,51,'Huyện Sơn Tây'),(388,51,'Huyện Minh Long'),(389,51,'Huyện Nghĩa Hành'),(390,51,'Huyện Mộ Đức'),(391,51,'Thị xã Đức Phổ'),(392,51,'Huyện Ba Tơ'),(393,51,'Huyện Lý Sơn'),(394,52,'Thành phố Quy Nhơn'),(395,52,'Huyện An Lão'),(396,52,'Thị xã Hoài Nhơn'),(397,52,'Huyện Hoài Ân'),(398,52,'Huyện Phù Mỹ'),(399,52,'Huyện Vĩnh Thạnh'),(400,52,'Huyện Tây Sơn'),(401,52,'Huyện Phù Cát'),(402,52,'Thị xã An Nhơn'),(403,52,'Huyện Tuy Phước'),(404,52,'Huyện Vân Canh'),(405,54,'Thành phố Tuy Hoà'),(406,54,'Thị xã Sông Cầu'),(407,54,'Huyện Đồng Xuân'),(408,54,'Huyện Tuy An'),(409,54,'Huyện Sơn Hòa'),(410,54,'Huyện Sông Hinh'),(411,54,'Huyện Tây Hoà'),(412,54,'Huyện Phú Hoà'),(413,54,'Thị xã Đông Hòa'),(414,56,'Thành phố Nha Trang'),(415,56,'Thành phố Cam Ranh'),(416,56,'Huyện Cam Lâm'),(417,56,'Huyện Vạn Ninh'),(418,56,'Thị xã Ninh Hòa'),(419,56,'Huyện Khánh Vĩnh'),(420,56,'Huyện Diên Khánh'),(421,56,'Huyện Khánh Sơn'),(422,56,'Huyện Trường Sa'),(423,58,'Thành phố Phan Rang-Tháp Chàm'),(424,58,'Huyện Bác Ái'),(425,58,'Huyện Ninh Sơn'),(426,58,'Huyện Ninh Hải'),(427,58,'Huyện Ninh Phước'),(428,58,'Huyện Thuận Bắc'),(429,58,'Huyện Thuận Nam'),(430,60,'Thành phố Phan Thiết'),(431,60,'Thị xã La Gi'),(432,60,'Huyện Tuy Phong'),(433,60,'Huyện Bắc Bình'),(434,60,'Huyện Hàm Thuận Bắc'),(435,60,'Huyện Hàm Thuận Nam'),(436,60,'Huyện Tánh Linh'),(437,60,'Huyện Đức Linh'),(438,60,'Huyện Hàm Tân'),(439,60,'Huyện Phú Quí'),(440,62,'Thành phố Kon Tum'),(441,62,'Huyện Đắk Glei'),(442,62,'Huyện Ngọc Hồi'),(443,62,'Huyện Đắk Tô'),(444,62,'Huyện Kon Plông'),(445,62,'Huyện Kon Rẫy'),(446,62,'Huyện Đắk Hà'),(447,62,'Huyện Sa Thầy'),(448,62,'Huyện Tu Mơ Rông'),(449,62,'Huyện Ia H\' Drai'),(450,64,'Thành phố Pleiku'),(451,64,'Thị xã An Khê'),(452,64,'Thị xã Ayun Pa'),(453,64,'Huyện KBang'),(454,64,'Huyện Đăk Đoa'),(455,64,'Huyện Chư Păh'),(456,64,'Huyện Ia Grai'),(457,64,'Huyện Mang Yang'),(458,64,'Huyện Kông Chro'),(459,64,'Huyện Đức Cơ'),(460,64,'Huyện Chư Prông'),(461,64,'Huyện Chư Sê'),(462,64,'Huyện Đăk Pơ'),(463,64,'Huyện Ia Pa'),(464,64,'Huyện Krông Pa'),(465,64,'Huyện Phú Thiện'),(466,64,'Huyện Chư Pưh'),(467,66,'Thành phố Buôn Ma Thuột'),(468,66,'Thị Xã Buôn Hồ'),(469,66,'Huyện Ea H\'leo'),(470,66,'Huyện Ea Súp'),(471,66,'Huyện Buôn Đôn'),(472,66,'Huyện Cư M\'gar'),(473,66,'Huyện Krông Búk'),(474,66,'Huyện Krông Năng'),(475,66,'Huyện Ea Kar'),(476,66,'Huyện M\'Đrắk'),(477,66,'Huyện Krông Bông'),(478,66,'Huyện Krông Pắc'),(479,66,'Huyện Krông A Na'),(480,66,'Huyện Lắk'),(481,66,'Huyện Cư Kuin'),(482,67,'Thành phố Gia Nghĩa'),(483,67,'Huyện Đăk Glong'),(484,67,'Huyện Cư Jút'),(485,67,'Huyện Đắk Mil'),(486,67,'Huyện Krông Nô'),(487,67,'Huyện Đắk Song'),(488,67,'Huyện Đắk R\'Lấp'),(489,67,'Huyện Tuy Đức'),(490,68,'Thành phố Đà Lạt'),(491,68,'Thành phố Bảo Lộc'),(492,68,'Huyện Đam Rông'),(493,68,'Huyện Lạc Dương'),(494,68,'Huyện Lâm Hà'),(495,68,'Huyện Đơn Dương'),(496,68,'Huyện Đức Trọng'),(497,68,'Huyện Di Linh'),(498,68,'Huyện Bảo Lâm'),(499,68,'Huyện Đạ Huoai'),(500,68,'Huyện Đạ Tẻh'),(501,68,'Huyện Cát Tiên'),(502,70,'Thị xã Phước Long'),(503,70,'Thành phố Đồng Xoài'),(504,70,'Thị xã Bình Long'),(505,70,'Huyện Bù Gia Mập'),(506,70,'Huyện Lộc Ninh'),(507,70,'Huyện Bù Đốp'),(508,70,'Huyện Hớn Quản'),(509,70,'Huyện Đồng Phú'),(510,70,'Huyện Bù Đăng'),(511,70,'Huyện Chơn Thành'),(512,70,'Huyện Phú Riềng'),(513,72,'Thành phố Tây Ninh'),(514,72,'Huyện Tân Biên'),(515,72,'Huyện Tân Châu'),(516,72,'Huyện Dương Minh Châu'),(517,72,'Huyện Châu Thành'),(518,72,'Thị xã Hòa Thành'),(519,72,'Huyện Gò Dầu'),(520,72,'Huyện Bến Cầu'),(521,72,'Thị xã Trảng Bàng'),(522,74,'Thành phố Thủ Dầu Một'),(523,74,'Huyện Bàu Bàng'),(524,74,'Huyện Dầu Tiếng'),(525,74,'Thị xã Bến Cát'),(526,74,'Huyện Phú Giáo'),(527,74,'Thị xã Tân Uyên'),(528,74,'Thành phố Dĩ An'),(529,74,'Thành phố Thuận An'),(530,74,'Huyện Bắc Tân Uyên'),(531,75,'Thành phố Biên Hòa'),(532,75,'Thành phố Long Khánh'),(533,75,'Huyện Tân Phú'),(534,75,'Huyện Vĩnh Cửu'),(535,75,'Huyện Định Quán'),(536,75,'Huyện Trảng Bom'),(537,75,'Huyện Thống Nhất'),(538,75,'Huyện Cẩm Mỹ'),(539,75,'Huyện Long Thành'),(540,75,'Huyện Xuân Lộc'),(541,75,'Huyện Nhơn Trạch'),(542,77,'Thành phố Vũng Tàu'),(543,77,'Thành phố Bà Rịa'),(544,77,'Huyện Châu Đức'),(545,77,'Huyện Xuyên Mộc'),(546,77,'Huyện Long Điền'),(547,77,'Huyện Đất Đỏ'),(548,77,'Thị xã Phú Mỹ'),(549,77,'Huyện Côn Đảo'),(550,79,'Quận 1'),(551,79,'Quận 12'),(552,79,'Quận Thủ Đức'),(553,79,'Quận 9'),(554,79,'Quận Gò Vấp'),(555,79,'Quận Bình Thạnh'),(556,79,'Quận Tân Bình'),(557,79,'Quận Tân Phú'),(558,79,'Quận Phú Nhuận'),(559,79,'Quận 2'),(560,79,'Quận 3'),(561,79,'Quận 10'),(562,79,'Quận 11'),(563,79,'Quận 4'),(564,79,'Quận 5'),(565,79,'Quận 6'),(566,79,'Quận 8'),(567,79,'Quận Bình Tân'),(568,79,'Quận 7'),(569,79,'Huyện Củ Chi'),(570,79,'Huyện Hóc Môn'),(571,79,'Huyện Bình Chánh'),(572,79,'Huyện Nhà Bè'),(573,79,'Huyện Cần Giờ'),(574,80,'Thành phố Tân An'),(575,80,'Thị xã Kiến Tường'),(576,80,'Huyện Tân Hưng'),(577,80,'Huyện Vĩnh Hưng'),(578,80,'Huyện Mộc Hóa'),(579,80,'Huyện Tân Thạnh'),(580,80,'Huyện Thạnh Hóa'),(581,80,'Huyện Đức Huệ'),(582,80,'Huyện Đức Hòa'),(583,80,'Huyện Bến Lức'),(584,80,'Huyện Thủ Thừa'),(585,80,'Huyện Tân Trụ'),(586,80,'Huyện Cần Đước'),(587,80,'Huyện Cần Giuộc'),(588,80,'Huyện Châu Thành'),(589,82,'Thành phố Mỹ Tho'),(590,82,'Thị xã Gò Công'),(591,82,'Thị xã Cai Lậy'),(592,82,'Huyện Tân Phước'),(593,82,'Huyện Cái Bè'),(594,82,'Huyện Cai Lậy'),(595,82,'Huyện Châu Thành'),(596,82,'Huyện Chợ Gạo'),(597,82,'Huyện Gò Công Tây'),(598,82,'Huyện Gò Công Đông'),(599,82,'Huyện Tân Phú Đông'),(600,83,'Thành phố Bến Tre'),(601,83,'Huyện Châu Thành'),(602,83,'Huyện Chợ Lách'),(603,83,'Huyện Mỏ Cày Nam'),(604,83,'Huyện Giồng Trôm'),(605,83,'Huyện Bình Đại'),(606,83,'Huyện Ba Tri'),(607,83,'Huyện Thạnh Phú'),(608,83,'Huyện Mỏ Cày Bắc'),(609,84,'Thành phố Trà Vinh'),(610,84,'Huyện Càng Long'),(611,84,'Huyện Cầu Kè'),(612,84,'Huyện Tiểu Cần'),(613,84,'Huyện Châu Thành'),(614,84,'Huyện Cầu Ngang'),(615,84,'Huyện Trà Cú'),(616,84,'Huyện Duyên Hải'),(617,84,'Thị xã Duyên Hải'),(618,86,'Thành phố Vĩnh Long'),(619,86,'Huyện Long Hồ'),(620,86,'Huyện Mang Thít'),(621,86,'Huyện  Vũng Liêm'),(622,86,'Huyện Tam Bình'),(623,86,'Thị xã Bình Minh'),(624,86,'Huyện Trà Ôn'),(625,86,'Huyện Bình Tân'),(626,87,'Thành phố Cao Lãnh'),(627,87,'Thành phố Sa Đéc'),(628,87,'Thành phố Hồng Ngự'),(629,87,'Huyện Tân Hồng'),(630,87,'Huyện Hồng Ngự'),(631,87,'Huyện Tam Nông'),(632,87,'Huyện Tháp Mười'),(633,87,'Huyện Cao Lãnh'),(634,87,'Huyện Thanh Bình'),(635,87,'Huyện Lấp Vò'),(636,87,'Huyện Lai Vung'),(637,87,'Huyện Châu Thành'),(638,89,'Thành phố Long Xuyên'),(639,89,'Thành phố Châu Đốc'),(640,89,'Huyện An Phú'),(641,89,'Thị xã Tân Châu'),(642,89,'Huyện Phú Tân'),(643,89,'Huyện Châu Phú'),(644,89,'Huyện Tịnh Biên'),(645,89,'Huyện Tri Tôn'),(646,89,'Huyện Châu Thành'),(647,89,'Huyện Chợ Mới'),(648,89,'Huyện Thoại Sơn'),(649,91,'Thành phố Rạch Giá'),(650,91,'Thành phố Hà Tiên'),(651,91,'Huyện Kiên Lương'),(652,91,'Huyện Hòn Đất'),(653,91,'Huyện Tân Hiệp'),(654,91,'Huyện Châu Thành'),(655,91,'Huyện Giồng Riềng'),(656,91,'Huyện Gò Quao'),(657,91,'Huyện An Biên'),(658,91,'Huyện An Minh'),(659,91,'Huyện Vĩnh Thuận'),(660,91,'Thành phố Phú Quốc'),(661,91,'Huyện Kiên Hải'),(662,91,'Huyện U Minh Thượng'),(663,91,'Huyện Giang Thành'),(664,92,'Quận Ninh Kiều'),(665,92,'Quận Ô Môn'),(666,92,'Quận Bình Thuỷ'),(667,92,'Quận Cái Răng'),(668,92,'Quận Thốt Nốt'),(669,92,'Huyện Vĩnh Thạnh'),(670,92,'Huyện Cờ Đỏ'),(671,92,'Huyện Phong Điền'),(672,92,'Huyện Thới Lai'),(673,93,'Thành phố Vị Thanh'),(674,93,'Thành phố Ngã Bảy'),(675,93,'Huyện Châu Thành A'),(676,93,'Huyện Châu Thành'),(677,93,'Huyện Phụng Hiệp'),(678,93,'Huyện Vị Thuỷ'),(679,93,'Huyện Long Mỹ'),(680,93,'Thị xã Long Mỹ'),(681,94,'Thành phố Sóc Trăng'),(682,94,'Huyện Châu Thành'),(683,94,'Huyện Kế Sách'),(684,94,'Huyện Mỹ Tú'),(685,94,'Huyện Cù Lao Dung'),(686,94,'Huyện Long Phú'),(687,94,'Huyện Mỹ Xuyên'),(688,94,'Thị xã Ngã Năm'),(689,94,'Huyện Thạnh Trị'),(690,94,'Thị xã Vĩnh Châu'),(691,94,'Huyện Trần Đề'),(692,95,'Thành phố Bạc Liêu'),(693,95,'Huyện Hồng Dân'),(694,95,'Huyện Phước Long'),(695,95,'Huyện Vĩnh Lợi'),(696,95,'Thị xã Giá Rai'),(697,95,'Huyện Đông Hải'),(698,95,'Huyện Hoà Bình'),(699,96,'Thành phố Cà Mau'),(700,96,'Huyện U Minh'),(701,96,'Huyện Thới Bình'),(702,96,'Huyện Trần Văn Thời'),(703,96,'Huyện Cái Nước'),(704,96,'Huyện Đầm Dơi'),(705,96,'Huyện Năm Căn'),(706,96,'Huyện Phú Tân'),(707,96,'Huyện Ngọc Hiển');
/*!40000 ALTER TABLE `district` ENABLE KEYS */;
UNLOCK TABLES;

--
-- Table structure for table `job`
--

DROP TABLE IF EXISTS `job`;
/*!40101 SET @saved_cs_client     = @@character_set_client */;
/*!50503 SET character_set_client = utf8mb4 */;
CREATE TABLE `job` (
  `id` int NOT NULL AUTO_INCREMENT,
  `creator_id` int DEFAULT NULL,
  `job_category_id` int DEFAULT NULL,
  `title` varchar(255) COLLATE utf8mb4_unicode_ci DEFAULT NULL,
  `salary_min` double DEFAULT NULL,
  `salary_max` double DEFAULT NULL,
  `images` json DEFAULT NULL,
  `job_mode` tinyint DEFAULT NULL,
  `level` tinyint DEFAULT NULL,
  `office_name` varchar(255) COLLATE utf8mb4_unicode_ci DEFAULT NULL,
  `address` json DEFAULT NULL,
  `quantity` int DEFAULT NULL,
  `total_views` int DEFAULT '0',
  `total_candidate` int DEFAULT '0',
  `benefits` text COLLATE utf8mb4_unicode_ci,
  `description` text COLLATE utf8mb4_unicode_ci,
  `requirement` text COLLATE utf8mb4_unicode_ci,
  `time` text COLLATE utf8mb4_unicode_ci,
  `gender` int DEFAULT NULL,
  `year_experience` double DEFAULT NULL,
  `hiring_start_date` datetime(3) NOT NULL,
  `hiring_end_date` datetime(3) NOT NULL,
  `allow_notification` tinyint(1) NOT NULL DEFAULT '1',
  `version` int NOT NULL DEFAULT '0',
  `status` tinyint NOT NULL DEFAULT '1',
  `create_at` timestamp NULL DEFAULT CURRENT_TIMESTAMP,
  `create_by` int DEFAULT NULL,
  `update_at` timestamp NULL DEFAULT CURRENT_TIMESTAMP,
  `update_by` int DEFAULT NULL,
  PRIMARY KEY (`id`),
  KEY `job_creator_id_fkey` (`creator_id`),
  KEY `job_job_category_id_fkey` (`job_category_id`),
  FULLTEXT KEY `job_title_description_requirement_idx` (`title`,`description`,`requirement`),
  CONSTRAINT `job_creator_id_fkey` FOREIGN KEY (`creator_id`) REFERENCES `user` (`id`) ON DELETE SET NULL ON UPDATE CASCADE,
  CONSTRAINT `job_job_category_id_fkey` FOREIGN KEY (`job_category_id`) REFERENCES `job_category` (`id`) ON DELETE SET NULL ON UPDATE CASCADE
) ENGINE=InnoDB AUTO_INCREMENT=90 DEFAULT CHARSET=utf8mb4 COLLATE=utf8mb4_unicode_ci;
/*!40101 SET character_set_client = @saved_cs_client */;

--
-- Dumping data for table `job`
--

LOCK TABLES `job` WRITE;
/*!40000 ALTER TABLE `job` DISABLE KEYS */;
INSERT INTO `job` VALUES (1,3,25,'Nodejs Developer',40000000,60000000,'null',0,2,NULL,'[{\"cityId\": 2, \"address\": [{\"data\": \"\", \"districtId\": null, \"districtName\": \"Thành phố Hà Giang\"}], \"cityName\": \"Hà Giang\"}, {\"cityId\": 1, \"address\": [{\"data\": \"\", \"districtId\": null, \"districtName\": \"Quận Hoàn Kiếm\"}], \"cityName\": \"Hà Nội\"}]',3,44,4,'<ul><li><p>Birthday bonus,Invention bonus, Referrals Bonus, Completing project bonus,13th payment</p></li><li><p>The company provides support for skill-enhancing courses, Training support, Seniority bonus</p></li><li><p>HI, SI pursuant to the State Regulations, 12 paid leave days,Team building</p></li></ul>','<ul><li><p>Architect, develop, and maintain the system with NodeJS for mobile and web application.</p></li><li><p>Training, support and review the code with members</p></li><li><p>Responsible for reporting work to management (Leader, PO).</p></li><li><p>Coordinate with Dev, BA. QC/QA department to ensure the output quality of the project.</p></li></ul>','<ul><li><p>At least 1+ years of experience in BackEnd with Nodejs</p></li><li><p>Good knowledge of Algorithm, Data Structures</p></li><li><p>Experience building medium and large-scale the software project, microservices architecture.</p></li><li><p>Proficient experience in working with relational databases such as MySQL, PostgreSQL.</p></li><li><p>Experience writing the Unit Test</p></li><li><p>Experience working with DevOps, the cloud-base Aure, CI/CD and IIS advantage</p></li><li><p>Proficient understanding of version control in Git and Git Flow</p></li><li><p>Reading and understanding English documents</p></li><li><p>Good problem solving, collaboration, and communication skills.</p></li></ul>','T2-T6 8:30 A.M to 18:00 P.M',0,5,'2024-07-06 19:54:22.241','2030-07-17 17:00:00.000',1,3,1,'2024-06-29 20:33:53',NULL,'2024-07-08 17:03:32',NULL),(4,6,22,'Nhân Viên SEO ',0,0,NULL,0,1,'','[{\"cityId\": 79, \"address\": [{\"data\": \"Tầng 16, Tòa nhà Metro Tower, 667 Điện Biên Phủ, Phường 25\", \"districtId\": null, \"districtName\": \"\"}], \"cityName\": \"Hồ Chí Minh\"}]',2,10,0,'<p>- Lương từ 10-12 triệu</p><p>- Được training nghiệp vụ trong quá trình làm việc.</p><p>- Có cơ hội phát triển, thăng tiến và khẳng định bản thân</p><p>- Môi trường chuyên nghiệp, trẻ trung, năng động</p><p>- Bảo hiểm và các quyền lợi lao động.</p>','<p>- Phân tích, lập chiến lược SEO tổng thể, SEO Onpage và Offpage</p><p>- Phân tích từ khóa tiềm năng, lập kế hoạch link-building cho website.</p><p>- Phối hợp với nhóm nội dung để lập kế hoạch và triển khai nội dung cho website chuẩn SEO</p><p>- Thực hiện tối ưu hóa Website với các công cụ tìm kiếm.</p><p>- Báo cáo công việc, vị trí từ khóa, lượng truy cập website hàng tháng.</p>','<p>- Có kiến thức cơ bản HTML, CSS. Có kiến thức SEO, có kinh nghiệm làm SEO 2 năm trở lên</p><p>- Có kinh nghiệm quản trị Website.</p><p>- Sử dụng thành thạo các công cụ hỗ trợ SEO như: Google Search Console, Analytics, Ahref.</p><p>- Có kinh nghiệm SEO từ khóa tiếng Anh.</p><p>- Theo dõi, đánh giá, giám sát các kết quả SEO &amp; báo cáo thứ hạng từ khóa theo tuần/tháng/năm.</p>','8:30 - 17:30 Từ T2 đến T6',NULL,3,'2024-06-30 18:37:42.069','2030-07-17 17:00:00.000',1,0,1,'2024-06-30 18:37:42',NULL,'2024-07-07 20:29:56',NULL),(5,6,25,'Senior Backend Developer (Java/ NodeJs)',40000000,50000000,NULL,0,2,'','[{\"cityId\": 1, \"address\": [{\"data\": \"\", \"districtId\": null, \"districtName\": \"\"}], \"cityName\": \"Hà Nội\"}]',3,31,7,'<ul><li><p>Lương + Thưởng + BH sức khoẻ + Phúc lợi đặc biệt từ công ty +...</p></li><li><p>Tháng lương thứ 13.</p></li><li><p>Review lương 2 lần 1 năm</p></li><li><p>Thưởng các dịp lễ Tết, thưởng thâm niên, Thưởng hiệu quả công việc.</p></li><li><p>Cơ hội được học hỏi, làm việc với công nghệ mới</p></li><li><p>Hoạt động teambuilding 3 tháng/lần;</p></li><li><p>Được tranh bị cơ sở vật chất hiện đại nhất ( macbook, PC,...) phục vụ công việc;</p></li><li><p>Môi trường hiện đại, trẻ trung, năng động, phát huy tối đa khả năng của bản thân...</p></li></ul>','<ul><li><p>Tham gia phân tích, thiết kế các dự án của công ty</p></li><li><p>Tham gia xây dựng, phát triển các dự án của công ty</p></li><li><p>Nghiên cứu, học hỏi các công nghệ mới để ứng dụng vào dự án</p></li></ul>','<ul><li><p>Có kinh nghiệm lập trình bằng Java/ Nodejs từ 3 năm trở lên</p></li><li><p>Kinh nghiệm sử dụng Redis, Postgresql/Mysql</p></li><li><p>Kinh nghiệm sử dụng Docker trong phát triển và triển khai ứng dụng</p></li><li><p>Có khả năng vận hành, triển khai máy chủ và ứng dụng;</p></li><li><p>Có kiến thức bảo mật ứng dụng;</p></li><li><p>Kiến thức hoặc quan tâm đến Blockchain là một lợi thế</p></li><li><p>Có kinh nghiệm làm việc với Smart Contract (Blockchain) là một lợi thế</p></li></ul>','',0,7,'2024-06-30 18:41:37.989','2030-07-17 17:00:00.000',1,0,1,'2024-06-30 18:41:38',NULL,'2024-07-08 18:25:49',NULL),(7,13,25,'Intern Mobile Developer',0,50000000,NULL,0,1,'','[{\"cityId\": 1, \"address\": [{\"data\": \"\", \"districtId\": null, \"districtName\": \"Quận Cầu Giấy\"}], \"cityName\": \"Hà Nội\"}]',2,15,2,'<p>• Thời gian làm việc: 8h30-17h30, từ thứ 2 đến thứ 6 (có thể linh động đảm bảo 40h/tuần).</p><p>• Môi trường làm việc nhiều bạn trẻ, đội ngũ team leader tận tâm.</p><p>• Được cấp thiết bị làm việc trong quá trình đào tạo.</p><p>• Được hưởng trợ cấp lên tới 5.000.000 ngay trong tháng đầu tiên học việc.</p><p>• Có cơ hội lên chính thức sau khi khóa đào tạo kết thúc.</p><p>• Được tham gia đa dạng các buổi training về kĩ năng mềm, kĩ năng chuyên môn, ngoại ngữ.</p><p>• Gói phúc lợi hấp dẫn sau khi trở thành nhân viên chính thức.</p>','<p>• Tham gia đào tạo chuyên sâu trong vòng 1 tháng về các công nghệ áp dụng cho dự án.</p><p>• Thực chiến ngay khi kết thúc 1 tháng đào tạo, join dự án với mentor 1 kèm 1.</p><p>• Tham gia vào dự án phát triển phần mềm của khách hàng Đức và Nauy.</p><p>• Tìm hiểu yêu cầu, phân tích yêu cầu dự án và coding, kiểm thử</p>','<p>• Có kiến thức căn bản về lập trình, Javascript, CSS, React, React Native</p><p>• Là sinh viên năm cuối hoặc sắp tốt nghiệp chuyên ngành Công nghệ thông tin, Toán tin, Khoa học máy tính, Kỹ thuật phần mềm, hệ thống thông tin,…………</p><p>• Có thể tham gia khóa đào tạo trong vòng 1 tháng bắt đầu từ tháng 8/2022 và bắt đầu làm việc toàn thời gian sau quá trình đào tạo.</p><p>• Tiếng Anh đọc hiểu tài liệu, ưu tiên có thể giao tiếp bằng tiếng Anh.</p><p>• Yêu thích công nghệ, tinh thần cầu thị, ham học hỏi.</p><p>• Có khả năng làm việc độc lập, chủ động trong công việc.</p>','',0,0,'2024-07-04 02:52:33.097','2030-07-17 17:00:00.000',1,0,1,'2024-07-04 02:52:34',NULL,'2024-07-08 12:26:09',NULL),(9,3,25,'Lập Trình Viên React Native',0,0,'null',0,1,'','[{\"cityId\": 1, \"address\": [{\"data\": \"299 Trung Kính\", \"districtId\": null, \"districtName\": \"Quận Cầu Giấy\"}, {\"data\": \"HK 1\", \"districtId\": null, \"districtName\": \"Quận Hoàn Kiếm\"}, {\"data\": \"CG 1\", \"districtId\": null, \"districtName\": \"Quận Cầu Giấy\"}], \"cityName\": \"Hà Nội\"}]',2,10,2,'<p>- Lương: 8-12 triệu đồng</p><p>- Với các bạn Fresher, công ty có khoá học tối từ ban giám đốc để training trước khi join in vào dự án. Được làm dự án thực tế, build up kinh nghiệm nhanh chóng.</p><p>- Làm việc trong môi trường năng động, chuyên nghiệp có nhiều cơ hội thăng tiến.</p><p>- Cung cấp trang thiết bị đầy đủ để phục vụ công việc.</p><p>- Được đóng BHXH, BHYT, BHTN.</p><p>- Được hưởng các chính sách phúc lợi theo quy định của công ty.</p><p>- Được đào tạo, nâng cao nghiệp vụ thường xuyên.</p>','<p>- Sử dụng React Native, Flutter để lập trình ứng dụng mobile</p><p>- Nghiên cứu và đề xuất các công nghệ mới vào dự án web/app khám bệnh online</p><p>- Khắc phục sự cố và gỡ lỗi để tối ưu hóa hiệu suất ứng dụng di động</p><p>- Tham gia phân tích requirement, thiết kế hệ thống.</p><p>- Cải tiến và nâng cao chất lượng dự án.</p><p>- Thực hiện các nhiệm vụ khác theo sự phân công của Quản lý trực tiếp.</p>','<p>- Có ít nhất 6 tháng kinh nghiệm lập trình ứng dụng iOS/Android với React Native</p><p>- Có kinh nghiệm Ít nhất 1 dự án thực tế sử dụng API</p><p>- Có kiến thức cơ bản về thiết kế, lập trình hướng đối tượng.</p><p>- Khả năng làm việc độc lập, kỹ năng làm việc nhóm và giao tiếp tốt</p>','8:00 - 17:30 từ T2 đến T6',0,3,'2024-07-19 09:40:38.775','2030-07-17 17:00:00.000',1,0,1,'2024-07-07 06:02:36',NULL,'2024-07-19 09:40:49',NULL),(10,3,30,'Devops',0,50000000,NULL,0,1,'','[{\"cityId\": 79, \"address\": [{\"data\": \"\", \"districtId\": null, \"districtName\": \"Quận Thủ Đức\"}], \"cityName\": \"Hồ Chí Minh\"}, {\"cityId\": 1, \"address\": [{\"data\": \"12 Trung Kính\", \"districtId\": null, \"districtName\": \"Quận Cầu Giấy\"}, {\"data\": \"Tòa CT1, Bắc Hà\", \"districtId\": null, \"districtName\": \"Quận Nam Từ Liêm\"}], \"cityName\": \"Hà Nội\"}]',1,1,0,'<p>• Attractive salary. Performance based award.<br>• Young and dynamic working environment.<br>• Continuous development of hard and soft skills through work and professional trainings.<br>• Opportunity to approach newest technology trends<br>• Exciting leisure: sport and art events (football club, family day...)<br>• Company\'s labor policy completely pursuant to Vietnamese labor legislation plus other benefits offered by the company (Company trip, Holiday, etc.)</p>','<p>• Design, setup and maintain CI/CD pipelines to maximize SDLC efficiency<br>• Implement automation tools and frameworks (CI/CD pipelines).<br>• Build and test automation tools for infrastructure provisioning<br>• To manage DevOps initiatives<br>• To coordinate the DevOps engineers from different vendors<br>• Improve automation of the deploy process and CI/CD pipeline using DevOps best practices<br>• Collaborate with broader engineering team on new feature rollout<br>• Understand and meet the scale, capacity, security, performance attributes, and requirements of the service and technology stack<br>• Liaising closely with both development and operational teams<br>• Troubleshoot production issues and coordinate with the development team to streamline code deployment</p>','<p>• Minimum 3 years of experience in a software development role<br>• At least 2 years of experience working as a DevOps Engineer<br>• Hands on experience on using Cloud Formation Template (CFT), Ansible, Jenkins, BitBucket, Git, AWS ECS &amp; EC2 is a must<br>• Familiar with CI/CD and defining build/test/deploy pipelines in code<br>• Experience in cloud (AWS) and infrastructure as code<br>• Experience in Continuous Integration and Deployment automation tools such as Jenkins and Ansible<br>• Bachelor\'s Degree or equivalent professional experience<br>• Ability to work independently<br>• Strong problem solving and troubleshooting skills<br>• Good interpersonal and teamwork skills<br>• Fluency in English</p>','8:30 - 17:30 thứ T2 đến T6, nghỉ T7, CN',0,5,'2024-07-07 06:05:51.080','2030-07-17 17:00:00.000',1,0,1,'2024-07-07 06:05:52',NULL,'2024-07-07 20:25:14',NULL),(11,3,22,'IT Recruiter',15000000,20000000,'null',0,1,'','[{\"cityId\": 1, \"address\": [{\"data\": \"\", \"districtId\": null, \"districtName\": \"Quận Tây Hồ\"}], \"cityName\": \"Hà Nội\"}, {\"cityId\": 48, \"address\": [{\"data\": \"\", \"districtId\": null, \"districtName\": \"Quận Liên Chiểu\"}], \"cityName\": \"Đà Nẵng\"}]',3,3,0,'<p>• Competitive salary package of up to $1000/month</p><p>• Full salary provided during the 2-month probation period</p><p>• Attractive KPI bonus policy</p><p>• Full salary coverage for social insurance and premium PTI health insurance</p><p>• Immersive global environment with daily English practice</p><p>• Flexible working hours, focus on performance &amp; work efficiency</p><p>• Top-notch office space meeting international standards, featuring a Sky Garden for internal events, complimentary tea and coffee in the pantry, and leisure sports options like table tennis and foosball.</p>','<p>• Fully execute the end-to-end recruitment process including job posting, phone interviewing, job interviewing, regular communication with candidates and recruitment leadership.</p><p>• Actively search resumes on various recruitment channels to get sufficient and qualified CVs for recruitment requirements.</p><p>• Screen CVs and shortlist candidates for further processing.</p><p>• Build applicant sources and data by researching and contacting community services, colleges, employment agencies, other recruiters, media, and internet sites.</p><p>• Be active in building employer branding through diverse channels</p><p>• Manage the posting of job vacancies at top performing recruitment channels.</p><p>• Excellent customer service mindset in working with candidates and hiring managers, creating a great candidate experience and recruitment experience for all stakeholders.</p>','<p>• At least 2-3 years of proven experience in IT recruitment as an in-house recruiter, headhunter or within a recruitment agency, preferably in a technology services environment.</p><p>• An active, hardworking, enthusiastic nature and a willingness to work overtime.</p><p>• Natural networking ability and a love of meeting new people.</p><p>• Excellent written and oral English communication skills.</p><p>• Experience working with an ATS preferred.</p>','8:30 - 17:30 thứ T2 đến T6, nghỉ T7, CN',1,2,'2024-07-07 06:51:45.915','2030-07-17 17:00:00.000',1,0,1,'2024-07-07 06:08:28',NULL,'2024-07-07 06:56:31',NULL),(12,14,35,'Chăm Sóc Khách Hàng / Customer Service - App Du Lịch (Tiếng Anh/English) - Quận 9 - Hồ Chí Minh',0,12000000,NULL,0,1,'','[{\"cityId\": 79, \"address\": [{\"data\": \"Tầng 1, OneHub Sài Gòn, Lô C1-2, Đường D1, Khu Công nghệ cao Sài Gòn, Thành phố Thủ Đức\", \"districtId\": null, \"districtName\": \"Quận Thủ Đức\"}, {\"data\": \"Tầng 1, OneHub Sài Gòn, Lô C1-2, Đường D1, Khu Công nghệ cao Sài Gòn, Thành phố Thủ Đức\", \"districtId\": null, \"districtName\": \"Quận 9\"}], \"cityName\": \"Hồ Chí Minh\"}]',1,0,0,'<p>- Average income: 10.000.000 – 12.000.000vnd/month</p><p>- Base Salary: 7.500.000 vnd/tháng.</p><p>- Meal allowance: 500.000 vnd/month.</p><p>- Night shift allowance: 30% base salary.</p><p>- Complexity allowance: 1.000.000vnd/month (If you handle Inbound call).</p><p>- Monthly KPI incentive: 900.000 – 1.200.000 vnd/month.</p><p>- Probation for 2 months receive 100% salary.</p><p>- Working time: 5 days/week (any 2 days off).</p><p>- Shift: Rotate 24/7 (according to the arrangement of the team leader</p><p>- Rotating shifts: 9 hours/shift/month (including 1.5 hour rest)</p><p>- Join the insurance regimes according to the provisions of the Labor Law.</p><p>- Accident insurance 24/7.</p><p>- 14 days of leave/year.</p><p>- 13th Monthly Salary.</p><p>- Annual Health Checkup.</p><p>- Working in a dynamic, professional environment with many opportunities for advancement.</p><p>- Thu nhập trung bình: 10.000.000 – 12.000.000đ/tháng.</p><p>- Lương cơ bản: 7.500.000/tháng</p><p>- Phụ cấp cơm: 500.000đ/tháng.</p><p>- Phụ cấp ca đêm: 30% lương cơ bản.</p><p>- Phụ cấp công việc: 1.000.000đ/tháng (áp dụng khi xử lý Inbound call).</p><p>- Thưởng KPI: 900.000 - 1.200.000đ/tháng.</p><p>- Thử việc 2 tháng nhận 100% lương.</p><p>- Thời gian làm việc: 5 ngày/tuần, off bất kỳ 2 ngày/tuần.</p><p>- Ca: xoay ca 24/7, 9 tiếng/ca (bao gồm 1.5 tiếng nghỉ ngơi).</p><p>+ Ca ngày: 7:00 – 16:00 | 9:00 – 18:00 | 12:00 – 21:00 | 13:00 – 22:00</p><p>+ Ca đêm: 19:00 – 4:00 | 20:00 – 5:00 | 21:00 – 6:00 | 22:00 - 7:00</p><p>- Được tham gia BHXH, BHYT đầy đủ.</p><p>- Được tham gia gói bảo hiểm tai nạn 24/7.</p><p>- 14 ngày phép 1 năm.</p><p>- Lương tháng 13.</p><p>- Khám sức khỏe định kỳ hằng năm.</p><p>- Môi trường làm việc quốc tế, hiện đại, chuyên nghiệp</p>','<p>- Liaising between guests and partners to resolve light complexity issues via inbound, outbound, email, chat, and messaging on various topics such as: additional travel advice, modifications, cancellations, complaint.</p><p>- Providing accurate, valid, and complete information by using the right tools, methods, and processes</p><p>- Report immediately serious cases/inconstant situations.</p><p>- Ensuring a high level of customer service and a positive guest experience</p><p>- Proactive update information/ knowledge about customer service.</p><p>- Liên hệ với khách hàng thông qua các cuộc gọi đi, nhận cuộc gọi đến, email, chat, tin nhắn để hỗ trợ xử lý các vấn đề liên quan đến những lời khuyên cho các chuyến du lịch, nơi ở, những vấn đề hủy đổi và than phiền.</p><p>- Cung cấp thông tin chính xác, hợp lệ và đầy đủ bằng cách sử dụng các công cụ, phương pháp và quy trình phù hợp.</p><p>- Đảm bảo việc chăm sóc khách hàng và trải nghiệm tích cực của khách hàng ở mức độ cao.</p>','<p><strong>- ỨNG VIÊN VUI LÒNG ĐÍNH KÈM CV BẰNG TIẾNG ANH KHI APPLY</strong></p><p>- Graduated from Intermediate or equivalent Majors is an advantage</p><p>- Fluency in English (Speaking, listening, writing, and reading) - working 100% English.</p><p>- Tốt nghiệp Trung cấp hoặc các chuyên ngành tương đương là một lợi thế.</p><p>- Sử dụng thành thạo tiếng Anh (nói, nghe, viết và đọc) – làm việc 100% bằng tiếng Anh</p>','8:30 - 17:30 thứ T2 đến T6, nghỉ T7, CN',0,3,'2024-07-07 06:23:50.077','2030-07-17 17:00:00.000',1,0,1,'2024-07-07 06:23:50',NULL,'2024-07-07 06:23:50',NULL),(13,14,35,'Nhân Viên Hỗ Trợ Khách Hàng Sau Giải Ngân / Nhân Viên Nhắc Phí - Lương 8 - 25 Triệu, Hồ Chí Minh',8000000,25000000,NULL,0,1,'','[{\"cityId\": 79, \"address\": [{\"data\": \"Flemington Tower số 182 Lê Đại Hành, Phường 15\", \"districtId\": null, \"districtName\": \"Quận 11\"}], \"cityName\": \"Hồ Chí Minh\"}]',3,0,0,'<p><strong>THU NHẬP: LCB + Phụ Cấp + Bonus : 8.000.000 - 25.000.000 VNĐ</strong></p><p>Các quyền lợi khác:</p><p>1. Uống cafe sáng Free mỗi ngày</p><p>2. Uống trà lipton free mỗi ngày</p><p>3. Dùng sữa đặc ông thọ Free, muốn dùng bao nhiêu dùng</p><p>4. Chuẩn bị đá đông lạnh cho các bạn sẵn sàng</p><p>5. Có tủ bách hoá mì - cafe lon - nước ngọt sẵn tại Phòng ăn</p><p>6. Có phòng ngủ</p><p><strong>7. Khám sức khoẻ miễn phí 1 năm 1 lần của BVQT Hoàn Mỹ</strong></p><p><strong>8. Lương sẵn 2 tháng đầu ít nhất 8 triệu - 25 triệu</strong></p><p>9. Sau 2 tháng mặc định vào HĐLĐ chính thức</p><p>10. Teambuilding, Nghỉ dưỡng Resort 4 sao 1 lần/năm</p><p>11. Môi trường trẻ - năng động - chuyên nghiệp</p><p>12. Chia sẻ cơ hội công việc cho bạn bè vào được Công Ty hỗ trợ thù lao chia sẻ 3,000,000</p><p>13. Văn phòng đẹp, chuẩn quốc tế</p><p><strong>14. 2 tháng thử việc 100% lương cứng, được hỗ trợ tiền gửi xe nữa</strong></p>','<p>+ Thực hiện cuộc gọi data có sẵn của công ty, liên hệ để nhắc và hỗ trợ các KH đang bị trễ hạn khoản vay trả góp và thế chấp tại ngân hàng.</p><p>+ Ghi nhận thông tin khách hàng</p><p>+ Hướng dẫn KH thanh toán đúng cách, cắt nợ khoản vay cho KH đã thanh toán rồi.</p><p>THỜI GIAN LÀM VIỆC:</p><p>- Ca làm việc chính: 08:00 – 17:00 (có tăng ca)</p><p>- Có 4 ngày Off/ tháng</p>','<p>+ Năng động, chịu khó và ham học hỏi là được.</p><p><strong>+ Không yêu cầu kinh nghiệm</strong></p><p>+ Làm việc trong môi trường năng động, chuyên nghiệp,có cơ hội thăng tiến</p>','8:30 - 17:30 thứ T2 đến T6, nghỉ T7, CN',0,2,'2024-07-07 06:25:56.059','2030-07-17 17:00:00.000',1,0,1,'2024-07-07 06:25:56',NULL,'2024-07-07 06:25:56',NULL),(14,15,4,'Nhân Viên Bán Hàng , Trực Page / Nhân Viên Quản Lý Sàn Thương Mại Điện Tử TMĐT (Shopee, Tiktok)/ Chăm Sóc Khách Hàng',8000000,15000000,NULL,0,1,'','[{\"cityId\": 1, \"address\": [{\"data\": \"Lô S3-7 khu làng nghề Triều Khúc,Tân Triều (ngõ 300 Nguyễn Xiển đi vào)\", \"districtId\": null, \"districtName\": \"Huyện Thanh Trì\"}], \"cityName\": \"Hà Nội\"}]',10,5,2,'<ul><li><p>Mức lương và chế độ thưởng hấp dẫn (thưởng doanh số, thưởng theo mục tiêu, ...).</p><ul><li><p>Lương cứng Từ 6,000,000đ - 8,000,000đ ( Tùy theo kinh nghiệm )</p></li><li><p><strong>Thu nhập = Lương cứng + Hoa hồng lên tới 15,000,000đ</strong></p></li></ul></li><li><p>Các chế độ phúc lợi theo quy định của pháp luật (BHXH, BHYT, BHTN) khi trở thành nhân viên chính thức &gt;1 năm.</p></li><li><p>Được đào tạo và phát triển các kỹ năng bán hàng, chăm sóc khách hàng và các kỹ năng cần thiết khác.</p></li><li><p>Cơ hội thăng tiến trong công ty ( 6 tháng tăng lương thâm niên 1 lần )</p></li><li><p>Môi trường làm việc chuyên nghiệp, năng động và sáng tạo.</p></li><li><p>Đi du lịch cùng công ty 1 năm / lần; đi liên hoan khi kết thúc các chiến dịch lớn</p></li></ul>','<ul><li><p>Tư vấn và hỗ trợ khách hàng trong quá trình mua hàng, giải đáp thắc mắc về sản phẩm/dịch vụ.</p></li><li><p>Chăm sóc khách hàng, xây dựng và duy trì mối quan hệ bền vững với khách hàng.</p></li><li><p>Sử dụng các kỹ năng bán hàng để thuyết phục và chốt đơn hàng.</p></li><li><p>Chịu trách nhiệm về doanh số bán hàng được giao.</p></li><li><p>Báo cáo công việc định kỳ và thực hiện các nhiệm vụ khác theo yêu cầu của công ty.</p></li></ul>','<ul><li><p>Tốt nghiệp cao đẳng. Ưu tiên các ứng viên có bằng / chứng chỉ về Kinh doanh, Marketing hoặc các lĩnh vực liên quan.</p></li><li><p>Có kỹ năng giao tiếp tốt, khả năng thuyết phục và đàm phán.</p></li><li><p>Có kiến thức cơ bản về các sản phẩm / dịch vụ của công ty, đam mê và mong muốn học hỏi, phát triển trong lĩnh vực kinh doanh.</p></li><li><p>Thành thạo sử dụng máy tính và các phần mềm văn phòng, đặc biệt là Excel.</p></li><li><p>Có kinh nghiệm làm việc trong lĩnh vực bán hàng hoặc chăm sóc khách hàng.</p></li><li><p>Sẵn sàng làm việc ngoài giờ và đi công tác khi cần thiết.</p></li><li><p>Ưu tiên các ứng viên có khả năng bán hàng online và kinh nghiệm bán hàng tại các sàn thương mại điện tử.</p></li></ul>','8:30 - 17:30 thứ T2 đến T6, nghỉ T7, CN',0,1,'2024-07-07 06:44:45.616','2030-07-17 17:00:00.000',1,0,1,'2024-07-07 06:44:46',NULL,'2024-07-08 16:58:33',NULL),(15,15,41,'Nhân Viên Kinh Doanh Thiết Bị Điện (Có Kinh Nghiệm Sale Thị Trường)',9000000,0,NULL,0,1,'','[{\"cityId\": 1, \"address\": [{\"data\": \"ầng 5, Tòa nhà C+ Office, P. Thành Thái, Dịch Vọng\", \"districtId\": null, \"districtName\": \"Quận Cầu Giấy\"}], \"cityName\": \"Hà Nội\"}]',3,0,0,'<p>- Thu nhập từ 13 triệu - 18 triệu (Lương cứng 9.000.000đ + Phụ cấp + Thưởng doanh số)</p><p>- Phụ cấp ăn trưa, gửi xe miễn phí</p><p>- Phụ cấp xăng xe đi lại, hỗ trợ chi phí công tác nếu phát sinh.</p><p>- Được đào tạo nâng cao năng lực, thăng tiến lên các vị trí giám sát, quản lý</p><p>- Được hưởng đầy đủ các chế độ như: BHXH, BHYT, Thưởng Lễ, Tết; lương tháng 13+ thưởng kết quả công việc</p><p>- Xét nâng lương tháng 4 &amp; tháng 10 hằng năm</p><p>- Du lịch/ team building hằng năm năm cùng các hoạt động truyền thông nội bộ sôi nổi</p>','<p>- Chăm sóc các cửa hàng nhà phân phối, đại lý điện nước, vật liệu xây dựng</p><p>- Đi trực tiếp thị trường để chào bán, giới thiệu sản phẩm thiết bị điện: đèn led, công tắc, ổ cắm tới các cửa hàng</p><p>- Thông báo và triển khai khai Chính sách bán hàng, Chương trình khuyến mãi tới khách hàng</p><p>- Quản lý công nợ và thu hồi công nợ theo quy định công ty</p><p>- Thực hiện các báo cáo về doanh thu, số tiền thu về tới Trưởng bộ phận</p>','<p>- Ứng viên nam, Tốt nghiệp từ Trung cấp (độ tuổi từ 22-35)</p><p>- Có kinh nghiệm bán hàng kênh đại lý, nhà phân phối hàng điện tử, tiêu dùng nhanh, gia dụng...</p><p>- Khả năng giao tiếp, xử lý khách hàng tốt</p><p>- Chủ động học hỏi, tiếp thu kiến thức, kinh nghiệm về ngành hàng</p><p>- Có kinh nghiệm/ tệp khách hàng điện- đèn led</p><p>- Có kinh nghiệm đi công tác tỉnh</p><p><strong>Kỹ năng</strong></p><p>- Giải quyết vấn đề và ra quyết định</p><p>- Thích ứng và linh hoạt</p><p>- Khả năng giao tiếp tốt, xây dựng mối quan hệ</p><p>- Chịu được áp lực cao trong công việc</p><p>- Kỹ năng sử dụng MOS , tin học văn phòng tốt</p><p><strong>Phẩm chất</strong></p><p>- Trung thực và có trách nhiệm</p><p>- Bảo mật kinh doanh</p><p>- Năng lực sáng tạo và đổi mới</p><p>- Quyết đoán, bền bỉ, kiên trì, nhạy bén</p><p>- Tinh thần học hỏi, chịu khó</p><p>Ngoại ngữ : Không yêu cầu</p>','Thứ 2 - Thứ 7 (từ 08:00 đến 17:30), Nghỉ 2 thứ 7/tháng',NULL,2,'2024-07-07 06:47:47.362','2030-07-17 17:00:00.000',1,0,1,'2024-07-07 06:47:48',NULL,'2024-07-07 06:47:48',NULL),(16,14,41,'Nhân Viên Kinh Doanh Thử Việc 100% Lương - Thu Nhập Từ 12 - 25 Triệu/Tháng',12000000,25000000,NULL,0,1,'','[{\"cityId\": 79, \"address\": [{\"data\": \"Tòa nhà Kim Hoàn\", \"districtId\": null, \"districtName\": \"Quận Gò Vấp\"}], \"cityName\": \"Hồ Chí Minh\"}]',3,0,0,'<ul><li><p><strong>Thu nhập: Lương cứng 7.000.000 - 12.000.000 + Commission (Upto 25M)</strong></p></li><li><p><strong>Thu nhập trên 15.000.0000 VNĐ bao gồm LCB + Hoa hồng cạnh tranh + phụ cấp + thưởng</strong></p></li><li><p><strong>KHÔNG YÊU CẦU LAPTOP</strong></p></li><li><p>Có cơ hội thăng tiến lên vị trí Team Leader</p></li><li><p>Review lương 1 lần/năm hoặc theo năng lực thực tế</p></li><li><p>Thưởng các dịp Quốc tế Lao động 1/5, Quốc khánh 2/9, Tết dương lịch, Tết âm lịch,...</p></li><li><p>Nghỉ phép: 15 ngày nghỉ phép hưởng nguyên lương</p></li><li><p>Được tham gia các chương trình đào tạo: sản phẩm, kỹ năng...</p></li><li><p>Bảo hiểm xã hội: Tham gia theo quy định nhà nước</p></li><li><p>Teambuilding, du lịch nghỉ mát hàng năm (tối thiểu 2 lần/năm);</p></li><li><p>Tham gia các hoạt động văn hoá thể thao (bóng đá, văn nghệ...), các hoạt động vui chơi</p></li><li><p>Teabreak hàng tuần</p></li></ul>','<ul><li><p>Tìm kiếm, phát triển mới khách hàng sản phẩm thiết kế Website, Hosting, tên miền</p></li><li><p>Tư vấn, giới thiệu sản phẩm dịch vụ thiết kế Webstie, Hosting, tên miền của công ty tới khách hàng.</p></li><li><p>Đàm phán với khách hàng, hỗ trợ ký hợp đồng.</p></li><li><p>Chăm sóc, duy trì mối quan hệ với khách hàng, giải đáp vướng mắc của khách hàng về sản phẩm dịch vụ của công ty</p></li><li><p>Nhận và chăm sóc nguồn khách hàng từ công ty giao xuống, đảm bảo hiệu quả chuyển đổi.</p></li><li><p>Thực hiện các công việc khác do Ban Giám Đốc phân công và điều động</p></li></ul>','<ul><li><p>Kỹ năng giao tiếp tốt</p></li><li><p><strong>Tối thiểu 01 năm kinh nghiệm Kinh Doanh, Telesales.</strong></p></li><li><p>Tư duy phân tích, nhận định vấn đề và chủ động đề xuất giải pháp để giải quyết vấn đề.</p></li><li><p>Ưu tiên ứng viên có kinh nghiệm làm việc về dịch vụ thiết kế website ...</p></li><li><p>Trung thực, nhanh nhen, khả năng giao tiếp tốt</p></li></ul>','8:30 - 17:30 thứ T2 đến T6, nghỉ T7, CN',0,1,'2024-07-07 06:51:28.665','2030-07-17 17:00:00.000',1,0,1,'2024-07-07 06:51:29',NULL,'2024-07-07 06:51:29',NULL),(17,3,25,'Junior Java',27000000,0,NULL,0,1,'','[{\"cityId\": 1, \"address\": [{\"data\": \"Tầng 6 Faster Building, số 12 ngách 1 ngõ 111, Đ. Nguyễn Xiển, Hạ Đình\", \"districtId\": null, \"districtName\": \"Quận Thanh Xuân\"}], \"cityName\": \"Hà Nội\"}]',3,16,4,'<ul><li><p>Hỗ trợ : 3M/ Tháng</p></li><li><p>Thời gian làm việc: 8h30 - 18h00 từ thứ 2 đến thứ 6 (nghỉ trưa 1,5h).</p></li><li><p>Thưởng vào các dịp Lễ_ tết, thưởng vượt cấp.</p></li><li><p>Nhân sự làm việc chính thức có 12 ngày nghỉ phép/ năm.</p></li><li><p>Tiệc teabreak tối thiểu 1 lần/ tuần, teambuilding hàng quý, nghỉ mát , du lịch hàng năm.</p></li><li><p>Chế độ sinh nhật , hiếu hỉ, thai sản vv... theo quy định pháp luật và hỗ trợ thêm từ Công ty</p></li><li><p>Chế độ Bảo hiểm theo quy định của Pháp luật và có chính sách thêm theo quy định của công ty</p></li><li><p>Hỗ trợ các trang thiết bị đảm bảo công việc cũng như đời sống nhân viên : Máy tính làm việc, tủ lạnh, lò vi sóng,vv....</p></li><li><p>Các hoạt động phát triển thể lực và chuyên môn, kỹ năng: CLB Bóng đá, Workshop, Ngoại khóa,vv...</p></li></ul>','<ul><li><p>Làm về spring framework theo lộ trình đào tạo của công ty.</p></li><li><p>Training onjob dựa trên dự án thực tế và quy trình làm việc trong team.</p></li><li><p>Các công việc khác theo sự phân công của leader</p></li></ul>','<ul><li><p>Sinh viên năm cuối các trường đại học chuyên ngành CNTT.</p></li><li><p>Có thiên hướng làm về backend.</p></li><li><p>Đã có kiến thức cơ bản về Java: Spring, OOP.</p></li><li><p>Có dự án demo liên quan đến ngôn ngữ Java</p></li><li><p>Có thể làm việc fulltime định hướng trở thành nhân viên chính thức của công ty.</p></li></ul>','8:30 - 17:30 thứ T2 đến T6, nghỉ T7, CN, Tối thiểu 20 giờ mỗi tuần',0,0,'2024-07-07 06:54:49.156','2030-07-17 17:00:00.000',1,0,1,'2024-07-07 06:54:49',NULL,'2024-07-16 17:32:29',NULL),(18,15,52,'Trưởng Phòng Content Marketing - Đi Làm Ngay- Thu Nhập Từ 12 - 15 Triệu + % Hoa Hồng/ Tháng ',12000000,0,NULL,0,2,'','[{\"cityId\": 1, \"address\": [{\"data\": \"Nhà 20H2 Ngõ 6 Trần Kim Xuyến, Yên Hòa\", \"districtId\": null, \"districtName\": \"Quận Cầu Giấy\"}], \"cityName\": \"Hà Nội\"}]',1,0,0,'<ul><li><p><strong>Thu nhập: Từ 12 - 15 Triệu/ Tháng (thỏa thuận theo năng lực) + % hoa hồng</strong></p></li><li><p>Đóng BHXH, BHYT và các chế độ khác theo quy định.</p></li><li><p>Có cơ hội thăng tiến cao và phát triển trong công việc</p></li><li><p>Môi trường làm việc trẻ trung và nhiệt huyết.</p></li></ul>','<p>1. Chiến lược – Kế hoạch Marketing &amp; PR<br>- Xây dựng chiến lược truyền thông, marketing<br>- Xây dựng kế hoạch, giải pháp và tổ chức thực hiện các Mục tiêu – Chính sách của Công ty đối với hoạt động kinh doanh<br>- Kiểm tra, giám sát, đánh giá toàn bộ các hoạt động marketing và PR của Công ty</p><p><br>2. Quản lý và kiểm soát mọi hoạt động phòng<br>- Quản lý, xây dựng và phát triển bộ nhận diện thương hiệu, hình ảnh thương hiệu của công ty<br>- Triển khai các chiến dịch, sự kiện, chương trình, bài viết, tin tức quảng bá thương hiệu của công ty<br>- Quản lý đội ngũ content marketing, định hướng cách thức làm việc và phát triển team.<br>- Xây dựng quy chế, chính sách và các quy trình về truyền thông và xử lý truyền thông<br>- Chủ trì trong việc tổ chức các sự kiện truyền thông lớn như: ra mắt sản phẩm, họp báo, tài trợ, sự kiện cộng đồng....</p><p><br>3. Phân tích, báo cáo các kết quả tình hình Marketing &amp; PR<br>- Phân tích, đánh giá các thông tin, tin tức, báo cáo, khảo sát về ngành, thị trường, đối thủ và khách hàng<br>- Theo dõi, phân tích và báo cáo các kết quả các hoạt động truyền thông<br>- Thực hiện các công việc khác được giao từ BGĐ</p>','<ul><li><p><strong>Tốt nghiệp Đại học chuyên ngành Marketing, kinh tế, ngoại thương, thương mại,...</strong></p></li><li><p><strong>Kinh nghiệm tối thiểu 2 năm trong lĩnh vực Marketing</strong></p></li><li><p>Có 1 kinh nghiệm ở vị trí Assistant hoặc trưởng nhóm</p></li><li><p>Thành thạo vi tính văn phòng.</p></li><li><p>Khả năng lập kế hoạch, tư duy, phân tích và thuyết trình.</p></li><li><p>Khả năng quản lý và làm việc nhóm, độc lập.</p></li></ul>','8:30 - 17:30 thứ T2 đến T6, nghỉ T7, CN',0,2,'2024-07-07 07:17:34.705','2030-07-17 17:00:00.000',1,0,1,'2024-07-07 07:17:35',NULL,'2024-07-07 07:17:35',NULL),(19,14,43,'Nhân Viên Kế Toán Kiêm Sales - Tiếng Anh (Bắt Buộc), Tiếng Hàn Giao Tiếp Là Lợi Thế - Thu Nhập 15 - 30 Triệu - Tại Hà Nội',15000000,30000000,NULL,0,1,'','[{\"cityId\": 1, \"address\": [{\"data\": \"Số 140 đường Vũ Phạm Hàm, phường Yên Hòa\", \"districtId\": null, \"districtName\": \"Quận Cầu Giấy\"}], \"cityName\": \"Hà Nội\"}]',1,0,0,'<p><strong>- Thu nhập từ 15 - 30 Triệu</strong>. Trao đổi trực tiếp trong quá trình phỏng vấn</p><p><strong>- Thời gian làm việc: giờ hành chính từ thứ 2 - thứ 6. Nghỉ thứ 7 - Chủ nhật</strong></p><p><strong>- Đãi ngộ: Có cơ hội được đào tạo tại Hàn Quốc</strong></p><p>- Được tham gia đầy đủ các chế độ BHXH, BHYT, BHTN</p><p>- Thưởng lương tháng 13, thưởng cuối năm</p>','<p>- Quản lý sổ sách kế toán</p><p>- Nhập khẩu phân phối hàng hóa</p><p>- Quản lý kho</p><p>- Chăm sóc và tư vấn khách hàng</p>','<p>- Giới tính: Nữ</p><p>- Trình độ: Cao Đẳng/ Đại học</p><p>- Chuyên môn: Kế toán/ Kinh doanh</p><p><strong>- Kinh nghiệm: ít nhất 2 năm làm về Kế Toán/ Sales</strong></p><p>-&nbsp;<strong>Ngoại ngữ: Tiếng Anh Văn phòng, biết giao tiếp tiếng Hàn là lợi thế</strong></p>','8:30 - 17:30 thứ T2 đến T6, nghỉ T7, CN',1,3,'2024-07-07 07:19:18.662','2030-07-17 17:00:00.000',1,0,1,'2024-07-07 07:19:19',NULL,'2024-07-07 07:19:19',NULL),(20,3,25,'Golang Developer (Junior - Senior)',25000000,30000000,NULL,0,1,'','[{\"cityId\": 1, \"address\": [{\"data\": \"toà Golden Park, số 2 Phạm Văn Bạch\", \"districtId\": null, \"districtName\": \"Quận Cầu Giấy\"}], \"cityName\": \"Hà Nội\"}]',3,4,0,'<ul><li><p>Saturday &amp; Sunday OFF, Overtime pay is 150%, 200%, 300% as per labor law;</p></li><li><p>12 remote days per year for full-time employees. Each month, they will be granted 1 day.</p></li><li><p>Fully participate in Vietnam\'s social insurance as required by the state regulations.</p></li><li><p>Salary review 2 times/ year, based on work performance and company’s performance;</p></li><li><p>Performance bonus, 13th- month salary, public holidays bonus (2/9, 30/4, 1/5, 1/1); bonus for Excellent Employee and Excellent Team;</p></li><li><p>Performance bonus in Token of the project;</p></li><li><p>The travel welfare package is up to 5-7 million VND/year (for official employees).</p></li><li><p>Social insurance, health insurance, unemployment insurance and Bao Viet care insurance;</p></li><li><p>01 hour paid leave per day for women having children under 12 months</p></li><li><p>Minimum 14 paid leaves per annum for all employees after probation;</p></li><li><p>Nice &amp; modern working space with young, dynamic &amp; friendly colleagues and free coffee, tea, drinks;</p></li><li><p>Yearly company trip and year-end party, quarterly team building and weekly eating together; English - Japanese Club, Sports Clubs;</p></li><li><p>Men’s Day, Women’s Day, Children’s Day, Mid-Autumn Festival and other benefits under the provisions of the company;</p></li><li><p>Flat, open and sharing culture with friendly management team; outsourcing company with product mindset;</p></li><li><p>Training courses and working opportunities with technical gurus who built and operated world-class applications with millions of users. This might be a good chance for graduated students to learn cutting-edge technologies and how to build scalable system from scratch;</p></li></ul>','<ul><li><p>You will work as a Golang developer to build products for foreigner customers.</p></li><li><p>Understand the design documents and implement them properly.</p></li><li><p>Possess a strong understanding of how best to leverage and exploit the language’s unique paradigms, idioms, and syntax</p></li><li><p>Develop Go packages and programs that are scalable and maintainable</p></li><li><p>Ensure that these Go packages and programs are well documented and has a reasonable test coverage</p></li><li><p>Playing a key role in architectural and design decisions, building toward an efficient micro services distributed architecture</p></li><li><p>Write unit test</p></li><li><p>Work directly with client to clarify requirement</p></li></ul>','<p><strong><em>Must have</em></strong></p><ul><li><p>2+ years of experience with Go development</p></li><li><p>Bachelor degree or up majoring in software engineer, computer science.</p></li><li><p>Familiar with Golang and/or related framework such as gin, iris,... and especially fasthttp</p></li><li><p>Extensive knowledge about web development, architecture &amp; design pattern for backend</p></li><li><p>Have experience of server performance tuning and system with high availability and scalability</p></li></ul><p><strong><em>Nice to have</em></strong></p><ul><li><p>Experience with data streaming processing is an advantage</p></li><li><p>Experience with Python and inter-communication between Python-Golang is an advantage</p></li></ul>','8:30 - 17:30 thứ T2 đến T6, nghỉ T7, CN',0,3,'2024-07-07 07:21:14.785','2030-07-17 17:00:00.000',1,0,1,'2024-07-07 07:21:15',NULL,'2024-07-16 17:33:03',NULL),(21,15,4,'Nhân Viên Kinh Doanh Tại 279 Khuất Duy Tiến - Thu Nhập Từ 10-30 Triệu - Đi Làm Ngay ( Ngành Dược Mỹ Phẩm )',10000000,30000000,NULL,0,1,'','[{\"cityId\": 1, \"address\": [{\"data\": \"279 Khuất Duy Tiến\", \"districtId\": null, \"districtName\": \"Quận Thanh Xuân\"}], \"cityName\": \"Hà Nội\"}]',3,1,0,'<ol><li><p><strong>Lương cứng 6-8 triệu + Phụ cấp + % Hoa hồng + Thưởng ( </strong>Thưởng tháng, Thưởng Quý, Tháng lương thứ 13 )<br><strong>TỔNG THU NHẬP THÁNG: TỪ 10-30 TRIỆU ++ THU NHẬP XỨNG ĐÁNG VỚI NĂNG LỰC</strong></p></li><li><p>Chế độ nghỉ phép năm, nghỉ lễ,... và các chế độ khác theo quy định</p></li><li><p>Được đào tạo về kinh doanh, marketing, chuyên môn về ngành spa cùng bác sĩ, chuyên gia nổi tiếng.</p></li><li><p>Du lịch, teambuilding 2 lần/năm</p></li><li><p>Được ứng tuyển vị trí Giám đốc kinh doanh khi đủ năng lực</p></li></ol>','<ol><li><p>Giới thiệu, tư vấn và bán các sản phẩm dược mỹ phẩm của Công ty theo data sẵn có trên phần mềm hoặc data mới được chia hằng ngày.<br><em>Khách hàng là thẩm mỹ viện, spa, phòng khám da liễu, bệnh viện da liễu</em></p></li><li><p>Khai thác, tiếp cận và chăm sóc khách hàng tại khu vực phân công.</p></li><li><p>Tìm kiếm khách hàng mới và chăm sóc khách hàng cũ.</p></li><li><p>Báo cáo cho quản lý trực tiếp.</p></li><li><p>Phối hợp với phòng ban liên quan để đảm bảo tiến độ công việc.</p></li></ol>','<ol><li><p><strong>Độ tuổi:</strong> 22 - 28 tuổi.</p></li><li><p><strong>Không yêu cầu kinh nghiệm.</strong></p></li><li><p><strong>Có kinh nghiệm trong ngành dược mỹ phẩm với lĩnh vực bán hàng: Thẩm mỹ viện, Clinic, Spa là 1 lợi thế.</strong></p></li><li><p><strong>Ưu tiên với ứng viên có kinh nghiệm trong ngành Bảo hiểm, Chứng khoán, Tài chính, Bất động sản.</strong></p></li><li><p><strong>Có giọng nói dễ nghe, nhanh nhẹn hoạt bát, quyết liệt và chịu được áp lực.</strong></p></li><li><p>Có kỹ năng telesales, giao tiếp tốt, thuyết phục khách hàng.</p></li><li><p>Đam mê kinh doanh, có thể đi công tác.</p></li><li><p>Có laptop cá nhân</p></li></ol>','8:30 - 17:30 thứ T2 đến T6, nghỉ T7, CN',0,2,'2024-07-07 07:23:13.381','2030-07-17 17:00:00.000',1,0,1,'2024-07-07 07:23:14',NULL,'2024-07-08 16:58:36',NULL),(22,14,41,'Nhân Viên Kinh Doanh - Thu Nhập Đến 20 Triệu - Hà Nội',10000000,20000000,NULL,0,1,'','[{\"cityId\": 1, \"address\": [{\"data\": \"Số 14, ngõ 28 Phố Nguyên Hồng - Phường Láng Hạ\", \"districtId\": null, \"districtName\": \"Quận Đống Đa\"}], \"cityName\": \"Hà Nội\"}]',3,0,0,'<p>- Thu nhập: Lương cơ bản + Thưởng doanh thu =&gt; Thu nhập bình quân lên đến 20 triệu</p><p>- Thưởng vượt doanh số tháng, quý và năm</p><p>- Làm việc trong môi trường năng động, chuyên nghiệp có nhiều cơ hội thăng tiến.</p><p>- Phụ cấp: Khi đi sales sẽ có xe đưa đón của công ty + Điện thoại + thưởng Doanh thu</p><p>- Các chế độ khác theo quy định của nhà nước (BHXH, BHYT...)</p><p>- Hưởng các chính sách phúc lợi theo quy định của công ty.</p><p>- Du lịch team building hàng năm.</p><p>- Được đào tạo, nâng cao nghiệp vụ thường xuyên.</p>','<p>- Giới thiệu, tư vấn và giải đáp thắc mắc cho khách hàng về sản phẩm của công ty.</p><p>- Giao dịch và làm việc trực tiếp với các đối tác là các nhà máy sản xuất, doanh nghiệp chế xuất của Hàn Quốc, Nhật Bản</p><p>- Chăm sóc khách hàng sau bán hàng, duy trì mối quan hệ khách hàng hiện tại, phát triển các khách hàng theo yêu cầu của Công ty</p>','<p>- Không yêu cầu có kinh nghiệm</p><p>- Số lượng: 3 Nữ, tốt nghiệp đại học,</p><p>- Ngoại ngữ: Tiếng Anh</p><p>- Kỹ năng làm việc: Sử dụng tốt các kỹ năng mềm trong môi trường làm việc văn phòng.</p>','8:30 - 17:30 thứ T2 đến T6, nghỉ T7, CN',0,2,'2024-07-07 07:25:14.779','2030-07-17 17:00:00.000',1,0,1,'2024-07-07 07:25:15',NULL,'2024-07-07 07:25:15',NULL),(23,15,52,'Trưởng Phòng Trade Marketing - Thu Nhập Trên 20 Triệu',20000000,0,NULL,0,2,'','[{\"cityId\": 1, \"address\": [{\"data\": \"Số 23, TT7, KĐT Văn Phú\", \"districtId\": null, \"districtName\": \"Quận Hà Đông\"}], \"cityName\": \"Hà Nội\"}]',1,0,0,'<p><strong>- Lương cơ bản + Phụ cấp 20,000,000đ + Thưởng KPI</strong></p><p>- Thưởng các dịp Lễ, Tết, Nghỉ mát hàng năm,</p><p>- Hưởng đầy đủ chế độ bảo hiểm, phúc lợi theo quy định của Luật lao động và Quy chế công ty;,</p><p>- Được tham gia các khóa đào tạo về nghiệp vụ và kĩ năng cần thiết</p><p>- Lương thưởng tăng theo kết quả công việc.</p><p></p>','<p>- Xây dựng kế hoạch, triển khai, theo dõi và báo cáo các Chương trình Trade Marketing hiệu quả theo mục tiêu của từng giai đoạn</p><p>- Tổ chức lực lượng phát triển thị trường mới thông qua các nguồn lực sẵn có kết hợp nguồn lực tự xây dựng nhằm mở rộng thị trường nhanh nhất theo yêu cầu của Ban Giám đốc</p><p>- Phối hợp, hỗ trợ các bộ phận, phòng ban liên quan để đảm bảo tiến độ, hiệu quả của các Chương trình có liên quan đến bộ phận Trade Marketing</p><p>- Thực hiện Báo cáo định kỳ hoặc theo yêu cầu của từng dự án.</p><p>- Xây dựng quy trình nghiệp vụ Trade Marketing</p><p>- Thực hiện khảo sát thị trường, điểm bán, hệ thống phân phối để đánh giá hiệu quả thực hiện Chương trình.</p><p>- Quản lý đội ngũ Trade MKT</p>','<p>- Tốt nghiệp từ Cao đẳng trở lên chuyên ngành Kinh doanh, Marketing</p><p><strong>- Có ít nhất 2 năm kinh nghiệm cấp Quản lý &amp; trên 3 năm kinh nghiệm làm Trade Marketing</strong></p><p>- Có kiến thức về bán hàng và Marketing, hiểu biết về hệ thống phân phối, chuỗi cung ứng trong ngành Dược/Thực Phẩm Chức Năng/ FMCG</p><p>- Hiểu biết về việc triển khai, thực hiện các hoạt động tại điểm bán</p><p>- Kỹ năng phân tích, hoạch định, tổ chức quản lý công việc, quản lý thời gian, kỹ năng lập kế hoạch, báo cáo</p><p>- Kỹ năng giao tiếp, làm việc nhóm</p><p></p>','8:30 - 17:30 thứ T2 đến T6, nghỉ T7, CN',0,3,'2024-07-02 09:21:34.027','2030-07-17 17:00:00.000',1,0,1,'2024-07-07 09:21:34',NULL,'2024-07-07 09:21:34',NULL),(24,14,52,'Nhân Viên Marketing Research (Lương 10-20 Triệu)',10000000,20000000,NULL,0,1,'','[{\"cityId\": 1, \"address\": [{\"data\": \"130 Nguyễn Đức Cảnh\", \"districtId\": null, \"districtName\": \"Quận Hoàng Mai\"}], \"cityName\": \"Hà Nội\"}]',3,0,0,'<p>- Thu nhập tốt và tăng trưởng nhanh</p><p><strong>- Lương cứng: từ 12.000.000VNĐ - 15.000.000VNĐ</strong></p><p>- Hưởng thu nhập tháng thứ 13 theo quy định của Công ty hàng năm.</p><p>- Chế độ thưởng/quà nhân các ngày Lễ - Tết (Tết dương lịch, ngày 8/3, ngày 30/4-1/5, ngày 1/6, rằm trung thu, ngày 2/9, ngày 20/10, ngày thành lập công ty...)</p><p>- Định kỳ điều chỉnh lương vào tháng 01 hàng năm theo chính sách của Công ty.</p><p><strong><em>2. Phúc lợi</em></strong></p><p>- Đóng bảo hiểm &amp; các chế độ khác theo quy định của nhà nước và quy chế của công ty</p><p>- Căn cứ vào tình hình thực tế, hàng năm công ty sẽ tổ chức du lịch nghỉ mát nhằm gắn kết toàn thể CBNV</p><p><strong><em>3. Môi trường làm việc</em></strong></p><p>- Môi trường làm việc quốc tế rộng mở, chuyên nghiệp.</p><p>- Cơ hội giao lưu, gặp gỡ, làm việc với đa dạng đối tác nước ngoài từ nhiều nền văn hóa khác nhau</p><p>- Cơ hội đi công tác nước ngoài thường xuyên</p><p>- Được tham gia các khóa học bồi dưỡng phát triển chuyên môn, kỹ năng..</p><p>- Địa chỉ: 130 Nguyễn Đức Cảnh, Hoàng Mai, Hà Nội</p><p>- Thời gian làm việc : từ T2 đến hết T6. Sáng từ 8h đến 12h, chiều từ 13h30 đến 17h30.</p>','<p><strong><em>1. Nghiên cứu thị trường</em></strong></p><ul><li><p>Thu thập dữ liệu về thị trường mục tiêu thông qua nhiều nguồn khác nhau như dữ liệu hải quan, Tradesparq, Trademap, và các nguồn dữ liệu khác.</p></li><li><p>Sử dụng các công cụ và phương pháp phân tích dữ liệu để đưa ra các đánh giá và báo cáo về nhu cầu, xu hướng thị trường, và tiềm năng cạnh tranh.</p></li><li><p>Báo cáo và đề xuất các chiến lược dựa trên kết quả nghiên cứu thị trường để hỗ trợ trong việc xây dựng chiến lược kinh doanh và marketing, đầu tư, mở rộng thị trường, và các quyết định chiến lược khác.</p></li><li><p>Theo dõi và cập nhật thông tin thị trường và đối thủ để giúp công ty duy trì và nâng cao sự cạnh tranh.</p></li></ul><p><strong><em>2. Hỗ trợ các hoạt động nội bộ của công ty</em></strong></p><p><strong><em>3. Thực hiện nhiệm vụ theo yêu cầu của Ban Giám đốc và quản lý cấp trên</em></strong></p>','<p>- Độ tuổi: từ 22 đến 35 tuổi</p><p>- Bằng cử nhân hoặc cao hơn trong lĩnh vực Marketing, Kinh tế, Nghiên cứu Thị trường hoặc các chuyên ngành liên quan.</p><p><strong>- Ít nhất 1 năm kinh nghiệm làm việc trong lĩnh vực nghiên cứu thị trường.</strong></p><p><strong>- Nắm rõ kiến thức, phương pháp và các công cụ phục vụ nghiên cứu thị trường</strong></p><p><strong>- Kỹ năng phân tích và tư duy logic tốt.</strong></p><p><strong>- Tiếng Anh giao tiếp trôi chảy</strong></p><p>- Thành thạo về các kĩ năng tin học văn phòng</p>','8:30 - 17:30 thứ T2 đến T6, nghỉ T7, CN',0,2,'2024-07-07 09:25:03.851','2030-07-17 17:00:00.000',1,0,1,'2024-07-07 09:25:04',NULL,'2024-07-07 09:25:04',NULL),(25,15,44,'Nhân Viên Kỹ Thuật Lắp Đặt - Thu Nhập 8 - 10 Triệu Tại Hà Nội Và Hồ Chí Minh',8000000,10000000,NULL,0,1,'','[{\"cityId\": 1, \"address\": [{\"data\": \"Khu CL14 tổng cục V, bộ công an , Yên Xá, Tân Triều\", \"districtId\": null, \"districtName\": \"Huyện Thanh Trì\"}], \"cityName\": \"Hà Nội\"}, {\"cityId\": 79, \"address\": [{\"data\": \"Số 16, Đường số 4, Khu phố 6, Phường Hiệp Bình Phước\", \"districtId\": null, \"districtName\": \"Quận Thủ Đức\"}], \"cityName\": \"Hồ Chí Minh\"}]',5,1,0,'<ul><li><p>Thu nhập: 8-10tr ( Lương + Phụ cấp)</p></li><li><p>Thưởng hoàn thành kế hoạch cuối năm dựa vào kết quả hoạt động kinh doanh</p></li><li><p>Thưởng Tết dương lịch; 30/4 &amp; 1/5; 2/9...</p></li><li><p>Phụ cấp ăn trưa 30k 1 bữa, chi phí xăng, điện thoại, và các hỗ trợ chi phí khác theo vị trí và tính chất công việc.</p></li><li><p>Bảo hiểm Xã hội, BHYT, BHTN,... các chế độ ma chay hiếu hỷ khác</p></li><li><p>Chế độ nghỉ phép cho nhân viên từ 12 ngày/năm.</p></li><li><p>Chương trình đào tạo chuyên môn nghiệp vụ trong nước</p></li><li><p>Môi trường làm việc chuyên nghiệp, năng động, cơ hội thăng tiến, phát triển nghề nghiệp.</p></li><li><p>Các họat động tập thể: Gala Dinner, Teambuilding, Nghỉ mát hàng năm, Trại hè, Hội thao,...</p></li><li><p>Các hoạt động công đoàn: Quà tặng nhân dịp 8/3, 20/10, Quốc tế Thiếu nhi 1/6, Đêm hội Trăng rằm, Lễ hội Mùa hè cho con của CBCNV, Quà mừng kết hôn, sinh nhật, thành lập công ty, thăm hỏi ốm đau, ma chay</p></li></ul>','<ul><li><p>Khảo sát, tư vấn lắp đặt các hạng mục máy móc thiết bị ngành thực phẩm theo địa chỉ khách hàng</p></li><li><p>Triển khai, tư vấn kỹ thuật và hướng dẫn khách hàng sử dụng sản phẩm</p></li><li><p>Thực hiện các công việc được giao</p></li></ul>','<ul><li><p>Bằng cấp: Tốt nghiệp trung cấp trở lên ...</p></li><li><p>Kinh nghiệm làm việc (tại vị trí tương đương): Chấp nhận sinh viên mới tốt nghiệp về sẽ được đào tạo chuyên môn</p></li><li><p>Yêu cầu kiến thức, kỹ năng: ưu tiên những bạn có kinh nhiệm về cơ khí và điện dân dụng</p></li><li><p>Ưu tiên ứng viên sẵn sàng di chuyển, đi lại lắp đặt sản phẩm</p></li></ul>','8:30 - 17:30 thứ T2 đến T7',0,1,'2024-07-07 09:28:18.669','2030-07-17 17:00:00.000',1,0,1,'2024-07-07 09:28:19',NULL,'2024-07-08 17:42:31',NULL),(26,3,31,'UX Designer',0,0,NULL,0,1,'','[{\"cityId\": 1, \"address\": [{\"data\": \"tòa peakview, 36 Hoàng Cầu\", \"districtId\": null, \"districtName\": \"Quận Đống Đa\"}], \"cityName\": \"Hà Nội\"}]',3,5,1,'<p><strong>- Lương và phúc lợi hấp dẫn:</strong></p><ul><li><p>Mức lương cạnh tranh, phản ánh trực tiếp kỹ năng và kinh nghiệm của ứng viên (chi tiết sẽ được thảo luận trong buổi phỏng vấn)</p></li><li><p>13 ngày nghỉ phép linh hoạt, bao gồm ngày sinh nhật và các dịp quan trọng khác</p></li><li><p>Bảo hiểm đầy đủ theo luật lao động, cùng với ABBANK CARE - chương trình phúc lợi bổ sung đặc biệt dành cho ABBankers</p></li><li><p>Lãi suất vay ưu đãi - Quyền lợi đặc biệt dành cho nhân viên ABBANK</p></li></ul><p><strong>- Cơ hội phát triển nghề nghiệp hấp dẫn:</strong></p><ul><li><p>Gia nhập các dự án chuyển đổi quy mô lớn, cộng tác cùng các chuyên gia hàng đầu để áp dụng công nghệ mới nhất trong ngành ngân hàng</p></li><li><p>Lộ trình phát triển sự nghiệp rõ ràng, được tạo điều kiện cho cả sự phát triển kỹ thuật và quản lý</p></li><li><p>Hỗ trợ đào tạo và chứng chỉ trong lĩnh vực IT, ngân hàng/tài chính</p></li></ul><p><strong>- Môi trường làm việc năng động:</strong></p><ul><li><p>Mô hình làm việc linh hoạt, trẻ trung, khuyến khích đổi mới và sáng tạo</p></li><li><p>Văn phòng được trang bị hiện đại, kèm theo các thiết bị tiên tiến nhất dành cho nhân viên</p></li><li><p>Tổ chức thường xuyên các hoạt động ngoại khóa (team building, hội thảo, và các sự kiện văn nghệ), tạo điều kiện cho nhân viên gắn kết và phát triển</p></li></ul>','<p>- Chịu trách nhiệm trực tiếp đối với thiết kế, trải nghiệm khác hàng trong các dự án được giao</p><p>- Xây dựng và cải tiến quy trình thiết kế, phân tích trải nghiệm người dùng</p><p>- Am hiểu các lĩnh vực sản phẩm của Ngân hàng, phát triển và cải tiến giao diện, tính năng, trải nghiệm phục vụ nhu cầu khách hàng theo định hướng kinh doanh từng thời kỳ.</p><p>- Tham gia xây dựng mô hình hoạt động phục vụ dự án và sản phẩm.</p><p>- Chịu trách nhiệm trong việc thiết kế, đánh giá trải nghiệm khách hàng hiện tại và tương lai và đưa ra các phương án cải thiện, nâng cấp.</p><p>- Đánh giá, cải tiến quy trình thiết kế/quy định/sản phẩm nhằm nâng cao hiệu quả công việc và chất lượng sản phẩm.</p><p>- Đo lường hiệu quả và rà soát chất lượng, tiến độ dự án, đề xuất các hành động thay đổi cần thiết để nâng cao hiệu quả làm việc, chất lượng sản phẩm.</p>','<p>- Bằng cấp: Tốt nghiệp Đại học trở lên các ngành/chuyên ngành có liên quan đến lĩnh vực này.</p><p>- Kinh nghiệm: Tối thiểu trên 2 năm kinh nghiệm vị trí ứng tuyển hoặc kinh nghiệm vị trí tương đương tại Ngân hàng hoặc các công ty tổ chức tài chính, công nghệ, ngành nghề có liên quan</p><p>- Kỹ năng:</p><ul><li><p>Sử dụng thành thạo các phần mềm thiết kế: Figma, Figjam, Miro và các công cụ hỗ trợ công việc</p></li><li><p>Có khả năng nghe, hiểu, giao tiếp bằng tiếng Anh ở mức cơ bản.</p></li><li><p>Kỹ năng đọc hiểu và phân tích dữ liệu, khả năng sáng tạo tốt.</p></li><li><p>Có kỹ năng và kiến thức về các phương pháp luận, quy trình nghiên cứu trải nghiệm</p></li><li><p>Có khả năng nghe, hiểu, giao tiếp bằng tiếng Anh ở mức khá - tốt</p></li><li><p>Có hiểu biết về Design Thinking</p></li><li><p>Óc quan sát tốt và cởi mở</p></li><li><p>Kỹ năng giao tiếp, khả năng cảm nhận mỹ thuật tốt</p></li></ul>','8:30 - 17:30 thứ T2 đến T6, nghỉ T7, CN',0,5,'2024-07-07 09:30:37.054','2030-07-17 17:00:00.000',1,0,1,'2024-07-07 09:30:37',NULL,'2024-07-19 09:36:47',NULL),(27,15,5,'Nhân Viên Telesale (Data Sẵn) / Nhân Viên Kinh Doanh / Tư Vấn Bán Hàng / Chăm Sóc Khách Hàng, Phát Triển Đối Tác',0,35000000,NULL,0,1,'','[{\"cityId\": 1, \"address\": [{\"data\": \"Tòa nhà HH1, 90 Nguyễn Tuân,\", \"districtId\": null, \"districtName\": \"Quận Thanh Xuân\"}], \"cityName\": \"Hà Nội\"}, {\"cityId\": 79, \"address\": [{\"data\": \"18 Đồng Nai, Phường 2\", \"districtId\": null, \"districtName\": \"Quận Tân Bình\"}], \"cityName\": \"Hồ Chí Minh\"}]',4,0,0,'<p>- Lương cứng: từ 7 triệu trở lên, thưởng Hoa hồng: không giới hạn</p><p>- Tổng thu nhập: Lương + thưởng , lương tháng 13...</p><p>- Review lương 6 tháng/lần, xét duyệt dựa theo Performance, cơ chế thưởng rõ ràng</p><p>- Career Path minh bạch, nhiều cơ hội thăng tiến, phát triển kỹ năng chuyên sâu và thăng tiến trong công việc</p><p>- Làm việc trong môi trường chuyên nghiệp, uy tín</p><p>- Có cơ hội làm việc với các chuyên gia đầu ngành thực chiến trong lĩnh vực mỹ phẩm, thực phẩm hỗ trợ sức khoẻ tại Việt Nam và Thế giới</p><p>- Đóng đầy đủ: BHXH, BHTN, BHYT, Công đoàn, ... theo quy định của nhà nước</p><p>- Đồng nghiệp trẻ trung, năng động, giàu kinh nghiệm, máu lửa công việc &amp; nhiệt huyết</p><p>- Được đào tạo/ tham các khóa học trong và ngoài công ty, để đáp ứng kinh nghiệm chuyên môn kịp thời,nắm bắt xu thế thị trường</p><p>- Quyền lợi theo luật Lao động, và các chế độ phúc lợi riêng: khám sức khỏe định kỳ, team building, du lịch hàng năm, sinh nhật, hiếu hỉ,...</p><p>- Cung cấp trang thiết bị đầy đủ để phục vụ công việc.</p><p>Văn phòng Hà Nội: Tòa nhà HH1, 90 Nguyễn Tuân, Quận Thanh Xuân</p><p>Văn phòng HCM: 18 Đồng Nai, Phường 2, Quận Tân Bình</p>','<ul><li><p>Gọi ra cho khách hàng theo nguồn data tiềm năng do công ty cung cấp, tư vấn các sản phẩm về mỹ phẩm, thực phẩm hỗ trợ sức khoẻ và các sản phẩm nước ngoài phân phối độc quyền tại Việt Nam chỉ công ty mới phân phối.</p></li><li><p>Giải đáp các thắc mắc của khách hàng, tư vấn, chăm sóc khách hàng, chốt đơn</p></li><li><p>Thực hiện chỉ tiêu số lượng cuộc gọi và thời gian tiếp cập khách hàng mỗi ngày theo yêu cầu.</p></li><li><p>Chịu trách nhiệm đảm bảo các chỉ số KPI và các công việc khác theo sự chỉ đạo của Trưởng phòng kinh doanh</p></li></ul>','<ul><li><p>Có giọng nói dễ nghe, có kỹ năng giao tiếp, đàm phán, thuyết phục, ngoại hình ưa nhìn.</p></li><li><p>Ưu tiên ứng viên có kinh nghiệm telesales, tư vấn, CSKH, PG, Marketing.</p></li><li><p>Thích học hỏi cái mới, yêu thích kinh doanh</p></li><li><p>Thái độ làm việc tích cực, có tinh thần trách nhiệm, nhiệt tìn, biết lắng nghe, chịu áp lực tốt và chủ động trong công việc.</p></li><li><p>Sử dụng thành thạo Microsoft word, Excel, Email.</p></li></ul>','8:30 - 17:30 thứ T2 đến T6, nghỉ T7, CN',1,4,'2024-07-01 09:34:42.154','2030-07-17 17:00:00.000',1,0,1,'2024-07-07 09:34:42',NULL,'2024-07-07 09:34:42',NULL),(28,15,3,'Nhân Viên Kinh Doanh Sales / Upto 25 Triệu ++ (Sinh Viên Mới Ra Trường/ Đang Chờ Bằng), Hà Nội ',0,25000000,NULL,0,1,'','[{\"cityId\": 1, \"address\": [{\"data\": \"Số 65 Yên Lãn\", \"districtId\": null, \"districtName\": \"Quận Đống Đa\"}, {\"data\": \"Số 16 Nguyễn Văn Huyên, Phường Quan Hoa\", \"districtId\": null, \"districtName\": \"Quận Cầu Giấy\"}, {\"data\": \"V6B-05, Phố Văn Khê, KDT Văn Phú, Phường Phú La\", \"districtId\": null, \"districtName\": \"Quận Hà Đông\"}], \"cityName\": \"Hà Nội\"}, {\"cityId\": 79, \"address\": [{\"data\": \" Số 308 Trần Phú\", \"districtId\": null, \"districtName\": \"Quận 5\"}, {\"data\": \"Số 58B đường Trần Não, Phường Bình An\", \"districtId\": null, \"districtName\": \"Quận 2\"}, {\"data\": \"Số 133 Nguyễn Thị Thập, Phường Tân Hưng\", \"districtId\": null, \"districtName\": \"Quận 7\"}, {\"data\": \"Số 1A-1B Dân Chủ, Phường Bình Thọ\", \"districtId\": null, \"districtName\": \"Quận Thủ Đức\"}], \"cityName\": \"Hồ Chí Minh\"}]',3,3,0,'<ul><li><p><strong>Lương cứng từ 8.000.000 - 15.000.000 VNĐ/tháng + hoa hồng + thưởng nóng theo ngày + phụ cấp</strong></p></li><li><p><strong>THU NHẬP TRUNG BÌNH từ 13.000.000 - 25.000.000 VNĐ/tháng</strong></p></li><li><p><strong>Hỗ trợ tiền ăn trưa từ 780.000 - 1.300.000Đ (tính riêng với lương, áp dụng cho nhân viên full time)</strong></p></li><li><p><strong>Lương tăng ca x 150%</strong></p></li><li><p><strong>Sản phẩm chất lượng cao, tỷ lệ khách hàng hài lòng cao</strong></p></li><li><p>Review công việc theo cá nhân tự đề xuất (Linh hoạt theo tháng/quỹ dựa trên đề xuất của cá nhân)</p></li><li><p>Môi trường làm việc năng động, chuyên nghiệp, khuyến khích tư duy mở và sáng tạo</p></li><li><p>Được đào tạo bài bản nghiệp vụ Sale và Chăm sóc khách hàng</p></li><li><p>Party sinh nhật, thưởng Lễ, Tết đầy đủ</p></li><li><p>Lương tháng 13 + thưởng tích lũy năm</p></li><li><p>Tham gia BHXH, BHYT, lương thưởng theo Luật lao động quy định.</p></li></ul>','<p><strong>a. Tư vấn/Sale</strong></p><ul><li><p><strong>Tư vấn (online/offline) các khoá học tiếng anh cho học viên/ phụ huynh</strong></p></li><li><p>Tham gia và hỗ trợ tổ chức các sự kiện, đi thị trường (các trường học, sự kiện,...)</p></li></ul><p><strong>b. Chăm sóc học viên</strong></p><ul><li><p><strong>Chăm sóc học viên, theo dõi tình hình học viên các lớp học online/offline để đảm bảo các trải nghiệm học tập tích cực (Theo dõi và duy trì cập nhật thông tin học viên trong hệ thống quản lý dữ liệu)</strong></p></li><li><p>Duy trì và xây dựng mối quan hệ với học viên sau khóa học</p></li><li><p>Tham gia lên ý tưởng, kế hoạch và triển khai các chương trình của Trung tâm nhằm thu hút học viên quanh khu vực</p></li></ul>','<ul><li><p><strong>Sinh viên năm cuối đang chờ bằng hoặc tốt nghiệp tại các trường Cao đẳng/Đại học khối ngành: Kinh tế, Quản trị Kinh doanh, Tài chính, Marketing,....Không yêu cầu kinh nghiệm</strong></p></li><li><p>Năng lượng, nhiệt huyết</p></li><li><p>Hoạt ngôn, có khả năng đàm phán thuyết phục tốt, chịu được áp lực công việc cao.</p></li><li><p>Chăm chỉ, luôn có mục tiêu công việc cụ thể để phấn đấu</p></li><li><p>Đam mê kinh doanh và có trách nhiệm với công việc</p></li><li><p>Có laptop cá nhân</p></li></ul>','8:30 - 17:30 thứ T2 đến T6, nghỉ T7, CN',0,1,'2024-07-07 09:39:29.999','2030-07-17 17:00:00.000',1,0,1,'2024-07-07 09:39:30',NULL,'2024-07-18 10:26:00',NULL),(29,16,46,'Chuyên Viên Tư Vấn Tài Chính Ngân Hàng VPBank ',8500000,12500000,NULL,0,1,'','[{\"cityId\": 60, \"address\": [{\"data\": \"Lagi\", \"districtId\": null, \"districtName\": \"Huyện Hàm Tân\"}], \"cityName\": \"Bình Thuận\"}]',3,0,0,'<ul><li><p>Thu nhập, phụ cấp hấp dẫn: Thưởng kinh doanh cơ bản: 8,500,000 VND + hoa hồng</p></li><li><p>Cơ hội du lịch 2-3 lần trong năm.</p></li><li><p>Môi trường làm việc chuyên nghiệp tại Ngân hàng</p></li><li><p>Được tham dự các khóa đào tạo nghiệp vụ hàng năm</p></li><li><p>Cơ hội được thăng tiến lên các vị trí Chuyên viên tư vấn cấp cao (EIS) và các vị trí Quản lí (SM/RH), xét thăng tiến 6 tháng/lần dựa trên kết quả công việc</p></li><li><p>Thẻ Bảo hiểm chăm sóc sức khỏe và quyền lợi hỗ trợ khi sinh con</p></li><li><p>Trang bị iPad phục vụ trong công việc</p></li></ul>','<ul><li><p><strong>Làm việc tại chi nhánh La Gi của ngân hàng VPBank</strong></p></li><li><p>Duy trì và phát triển mối quan hệ với khách hàng, hỗ trợ, hướng dẫn và chăm sóc khách hàng chu đáo. Thực hiện các yêu cầu giải quyết quyền lợi bảo hiểm, đóng phí tái tục, bán thêm, bán chéo.</p></li><li><p>Phối hợp, thúc đẩy cán bộ bán từ phía ngân hàng để tiếp cận nguồn khách hàng, tư vấn giới thiệu giải pháp tài chính, sức khỏe và chương trình bảo hiểm phù hợp đến khách hàng tiềm năng.</p></li><li><p>Ghi nhận thông tin Khách hàng tiềm năng trên hệ thống, theo dõi, cập nhật tiến độ tư vấn và chăm sóc khách hàng cho Quản lý trực tiếp và chi nhánh ngân hàng.</p></li><li><p>Phối hợp với Quản lý trực tiếp lên ý tưởng và tham gia xây dựng kế hoạch kinh doanh theo từng giai đoạn.</p></li><li><p>Cập nhật các thông tin mới về sản phẩm, quy trình, chương trình Thi đua, khuyến mại để phối hợp với Nhân viên Ngân hàng để cùng phục vụ Khách hàng.</p></li><li><p>Tham gia đầy đủ các chương trình đào tạo của Công ty để nâng cao kiến thức và kỹ năng.</p></li></ul>','<ul><li><p>Tốt nghiệp Cao Đẳng, Đại Học trở lên</p></li><li><p>Từ 22 tuổi đến 35 tuổi</p></li><li><p>Ưu tiên ứng viên có kinh nghiệm trên 06 tháng trong lĩnh vực: Tài chính, Ngân hàng, Bất Động Sản, Bán hàng, Tư vấn chăm sóc sức khỏe,...</p></li></ul>','Thứ 2 - Thứ 6 (từ 08:00 đến 17:00)',1,1,'2024-07-07 10:40:12.117','2030-07-17 17:00:00.000',1,0,1,'2024-07-07 10:40:12',NULL,'2024-07-07 10:40:12',NULL),(30,16,106,'Chuyên Viên Tư Vấn Tài Chính Dự Án VPBANK ',0,0,NULL,0,1,'','[{\"cityId\": 1, \"address\": [{\"data\": \"\", \"districtId\": null, \"districtName\": \"Quận Ba Đình\"}, {\"data\": \"\", \"districtId\": null, \"districtName\": \"Quận Hoàn Kiếm\"}, {\"data\": \"\", \"districtId\": null, \"districtName\": \"Quận Tây Hồ\"}, {\"data\": \"\", \"districtId\": null, \"districtName\": \"Quận Cầu Giấy\"}, {\"data\": \"\", \"districtId\": null, \"districtName\": \"Quận Đống Đa\"}], \"cityName\": \"Hà Nội\"}]',3,1,0,'<p>- Phụ cấp cố định:<strong> 8.500.000 VNĐ + Hoa Hồng Tháng/ Quý/ Năm</strong></p><p>- Môi trường làm việc chuyên nghiệp tại Ngân hàng</p><p>- Được tham dự các khóa đào tạo nghiệp vụ hàng năm</p><p>- Chính sách lương/thưởng, lộ trình đào tạo lên vị trí Quản lý cấp cao</p><p>- Vinh danh thành tích hàng tháng, quý, năm</p><p>- Thẻ Bảo hiểm chăm sóc sức khỏe và quyền lợi hỗ trợ khi sinh con</p><p>- Trang bị iPad phục vụ trong công việc</p>','<p>- Làm việc tại các phòng giao dịch, chi nhánh của Ngân hàng VPBank</p><p>- Xây dựng mối quan hệ và phối hợp với Nhân viên Ngân hàng để tiếp cận nguồn Khách hàng từ Ngân Hàng Đối tác của AIA, tư vấn và giới thiệu các giải pháp tài chính và chương trình Bảo hiểm phù hợp đến Khách hàng.</p><p>- Xây dựng mối quan hệ với Khách hàng, hỗ trợ, hướng dẫn và chăm sóc Khách hàng chu đáo. Thực hiện các yêu cầu giải quyết quyền lợi bảo hiểm, đóng phí tái tục, bán thêm, bán chéo</p><p>- Ghi nhận thông tin Khách hàng tiềm năng trên hệ thống, theo dõi, cập nhật tiến độ tư vấn và chăm sóc khách hàng cho Quản lý trực tiếp và chi nhánh ngân hàng.</p><p>- Phối hợp với Quản lý trực tiếp lên ý tưởng và tham gia xây dựng kế hoạch kinh doanh theo từng giai đoạn.</p><p>- Theo sát kế hoạch kinh doanh theo tiến độ tuần, tháng, quý và báo cáo cho Quản lý và RM.</p><p>- Cập nhật các thông tin mới về sản phẩm, quy trình, chương trình Thi đua, khuyến mại để phối hợp với Nhân viên Ngân hàng để cùng phục vụ Khách hàng.</p><p>- Tham gia đầy đủ các chương trình đào tạo của Công ty để nâng cao kiến thức và kỹ năng.</p>','<p>- Tốt nghiệp Cao Đẳng, Đại Học trở lên</p><p>- Ưu tiên ứng viên có kinh nghiệm trong lĩnh vực: Bảo hiểm, Tài chính, Ngân hàng, Tài chính, Bán hàng, ...</p><p>- Từ 22 tuổi đến 35 tuổi</p>','8:30 - 17:30 thứ T2 đến T6, nghỉ T7, CN',0,2,'2024-06-28 10:42:14.250','2030-07-17 17:00:00.000',1,0,1,'2024-07-07 10:42:15',NULL,'2024-07-07 10:42:20',NULL),(31,16,105,'Nhân Viên Kinh Doanh Mảng Tài Chính ',8500000,0,NULL,0,1,'','[{\"cityId\": 79, \"address\": [{\"data\": \"\", \"districtId\": null, \"districtName\": \"Quận 1\"}, {\"data\": \"\", \"districtId\": null, \"districtName\": \"Quận 2\"}, {\"data\": \"\", \"districtId\": null, \"districtName\": \"Quận 3\"}, {\"data\": \"\", \"districtId\": null, \"districtName\": \"Quận Thủ Đức\"}], \"cityName\": \"Hồ Chí Minh\"}]',10,0,0,'<p>Thu nhập không giới hạn: PCCĐ 8,500,000 + Hoa Hồng =&gt; Thu nhập từ 10 triệu<br>• Môi trường làm việc chuyên nghiệp tại Ngân hàng<br>• Được tham dự các khóa đào tạo nghiệp vụ hàng năm<br>• Chính sách lương/thưởng, lộ trình đào tạo lên vị trí Quản lý cấp cao<br>• Vinh danh thành tích hàng tháng, quý, năm<br>• Thẻ Bảo hiểm chăm sóc sức khỏe và quyền lợi hỗ trợ khi sinh con<br>• Trang bị iPad phục vụ trong công việcMô tả công việc</p>','<p>• Làm việc tại các phòng giao dịch, chi nhánh của Ngân hàng VPBank<br>• Xây dựng mối quan hệ và phối hợp với Nhân viên Ngân hàng để tiếp cận nguồn Khách hàng từ Ngân Hàng Đối tác của AIA, tư vấn và giới thiệu các giải pháp tài chính và chương trình Bảo hiểm phù hợp đến Khách hàng.<br>• Xây dựng mối quan hệ với Khách hàng, hỗ trợ, hướng dẫn và chăm sóc Khách hàng chu đáo. Thực hiện các yêu cầu giải quyết quyền lợi bảo hiểm, đóng phí tái tục, bán thêm, bán chéo<br>• Ghi nhận thông tin Khách hàng tiềm năng trên hệ thống, theo dõi, cập nhật tiến độ tư vấn và chăm sóc khách hàng cho Quản lý trực tiếp và chi nhánh ngân hàng.<br>• Phối hợp với Quản lý trực tiếp lên ý tưởng và tham gia xây dựng kế hoạch kinh doanh theo từng giai đoạn.<br>• Theo sát kế hoạch kinh doanh theo tiến độ tuần, tháng, quý và báo cáo cho Quản lý<br>• Cập nhật các thông tin mới về sản phẩm, quy trình, chương trình Thi đua, khuyến mại để phối hợp với Nhân viên Ngân hàng để cùng phục vụ Khách hàng.<br>• Tham gia đầy đủ các chương trình đào tạo của Công ty để nâng cao kiến thức và kỹ năng</p>','<p>• Tốt nghiệp Cao Đẳng trở lên</p><p>• Từ 22 tuổi trở lên</p>','8:30 - 17:30 thứ T2 đến T6, nghỉ T7, CN',0,2,'2024-07-06 10:44:22.588','2030-07-17 17:00:00.000',1,0,1,'2024-07-07 10:44:23',NULL,'2024-07-07 10:44:23',NULL),(32,16,46,'Chuyên Viên Tư Vấn Tài Chính Kênh Ngân Hàng VPBank ',12000000,0,NULL,0,1,'','[{\"cityId\": 1, \"address\": [{\"data\": \"\", \"districtId\": null, \"districtName\": \"Quận Cầu Giấy\"}], \"cityName\": \"Hà Nội\"}]',3,0,0,'<p>- Thu nhập hấp dẫn: Phụ cấp cố định: 12,500,000 (vị trí IS) + Hoa hồng cao + Các khoản thưởng kinh doanh (tháng, quý, năm)<br>- Được hỗ trợ các gói Bảo hiểm sức khỏe tại các bệnh viện tiêu chuẩn quốc tế.<br>- Môi trường làm việc tại các Ngân hàng.<br>- Tham gia các khóa huấn luyện chuyên nghiệp theo tiêu chuẩn của AIA.<br>- Được hỗ trợ ipad phục vụ công việc kinh doanh.<br>- Được tham gia các hoạt động ngoại khóa và du lịch hàng năm cùng công ty<br>- Nhiều chương trình thi đua, khen thưởng, vinh danh tháng, quý, năm.<br>- Có cơ hội thăng tiến lên các vị trí quản lý cấp cao</p>','<p>Là một Chuyên viên tư vấn tài chính thuộc kênh Hợp tác Ngân hàng, bạn sẽ:</p><p>- Làm việc tại các phòng giao dịch, chi nhánh của Ngân hàng VPBank tại Chi Nhánh Bến Tre<br>- Kết hợp với Nhân viên Ngân hàng tiếp cận nguồn khách hàng từ Ngân Hàng đối tác của AIA, đại diện AIA tư vấn và giới thiệu các giải pháp tài chính và chương trình Bảo hiểm phù hợp đến khách hàng.<br>- Xây dựng mối quan hệ và hỗ trợ nhân viên Ngân hàng và Chi nhánh trong các hoạt động kinh doanh.<br>- Hỗ trợ, hướng dẫn và chăm sóc khách hàng chu đáo.<br>- Lên ý tưởng và tham gia xây dựng kế hoạch kinh doanh theo từng giai đoạn, định kỳ báo cáo và cập nhật kết quả kinh doanh đến Quản lý kinh doanh trực tiếp.</p>','<p>- Trình độ: Tốt nghiệp Cao đẳng, Đại học<br>- Kỹ năng ứng viên có trên 01 năm kinh nghiệm trong lĩnh vực tư vấn bảo hiểm, tư vấn tài chính, Ngân hàng, kinh doanh<br>- Tác phong chuyên nghiệp, giao tiếp tự tin và khả năng thuyết phục khách hàng.<br>- Chịu được áp lực công việc, có tinh thần trách nhiệm, yêu thích công việc kinh doanh</p>','8:30 - 17:30 thứ T2 đến T6, nghỉ T7, CN',1,2,'2024-07-03 10:45:42.997','2030-07-17 17:00:00.000',1,0,1,'2024-07-07 10:45:43',NULL,'2024-07-07 10:45:43',NULL),(33,16,5,'Chuyên Viên Tư Vấn Bảo Hiểm Kênh Ngân Hàng',0,0,NULL,0,1,'','[{\"cityId\": 79, \"address\": [{\"data\": \"\", \"districtId\": null, \"districtName\": \"Quận 12\"}], \"cityName\": \"Hồ Chí Minh\"}]',3,1,0,'<ul><li><p>Thu nhập, phụ cấp hấp dẫn: Thưởng kinh doanh cơ bản: 8,500,000 VND + hoa hồng</p></li><li><p>Cơ hội du lịch 2-3 lần trong năm.</p></li><li><p>Môi trường làm việc chuyên nghiệp tại Ngân hàng</p></li><li><p>Được tham dự các khóa đào tạo nghiệp vụ hàng năm</p></li><li><p>Cơ hội được thăng tiến lên các vị trí Chuyên viên tư vấn cấp cao (EIS) và các vị trí Quản lí (SM/RH), xét thăng tiến 6 tháng/lần dựa trên kết quả công việc</p></li><li><p>Thẻ Bảo hiểm chăm sóc sức khỏe và quyền lợi hỗ trợ khi sinh con</p></li><li><p>Trang bị iPad phục vụ trong công việc</p></li></ul>','<ul><li><p><strong>Làm việc tại chi nhánh của ngân hàng VPBank</strong></p></li><li><p>Duy trì và phát triển mối quan hệ với khách hàng, hỗ trợ, hướng dẫn và chăm sóc khách hàng chu đáo. Thực hiện các yêu cầu giải quyết quyền lợi bảo hiểm, đóng phí tái tục, bán thêm, bán chéo.</p></li><li><p>Phối hợp, thúc đẩy cán bộ bán từ phía ngân hàng để tiếp cận nguồn khách hàng, tư vấn giới thiệu giải pháp tài chính, sức khỏe và chương trình bảo hiểm phù hợp đến khách hàng tiềm năng.</p></li><li><p>Ghi nhận thông tin Khách hàng tiềm năng trên hệ thống, theo dõi, cập nhật tiến độ tư vấn và chăm sóc khách hàng cho Quản lý trực tiếp và chi nhánh ngân hàng.</p></li><li><p>Phối hợp với Quản lý trực tiếp lên ý tưởng và tham gia xây dựng kế hoạch kinh doanh theo từng giai đoạn.</p></li><li><p>Cập nhật các thông tin mới về sản phẩm, quy trình, chương trình Thi đua, khuyến mại để phối hợp với Nhân viên Ngân hàng để cùng phục vụ Khách hàng.</p></li><li><p>Tham gia đầy đủ các chương trình đào tạo của Công ty để nâng cao kiến thức và kỹ năng.</p></li></ul>','<ul><li><p>Tốt nghiệp Cao Đẳng, Đại Học trở lên</p></li><li><p>Từ 22 tuổi đến 35 tuổi</p></li><li><p>Ưu tiên ứng viên có kinh nghiệm trên 06 tháng trong lĩnh vực: Tài chính, Ngân hàng, Bất Động Sản, Bán hàng, Tư vấn chăm sóc sức khỏe,...</p></li></ul>','8:30 - 17:30 thứ T2 đến T6, nghỉ T7, CN',0,6,'2024-05-31 10:47:37.025','2030-07-17 17:00:00.000',1,0,1,'2024-07-07 10:47:37',NULL,'2024-07-08 18:00:20',NULL),(34,16,7,'Trưởng Nhóm Bán Hàng Qua Điện Thoại - Hà Nội',10000000,30000000,NULL,0,2,'','[{\"cityId\": 1, \"address\": [{\"data\": \"Tầng 18 Tháp B - Tòa Nhà Sông Đà\", \"districtId\": null, \"districtName\": \"Quận Nam Từ Liêm\"}], \"cityName\": \"Hà Nội\"}]',1,0,0,'<ul><li><p>Bảo hiểm</p></li><li><p>Du Lịch</p></li><li><p>Thưởng</p></li><li><p>Chăm sóc sức khỏe</p></li><li><p>Đào tạo</p></li><li><p>Hoa hồng doanh số</p></li><li><p>Chế độ nghỉ phép</p></li></ul>','<p>- Tuyển dụng, quản lý, tư vấn, đào tạo và giám sát đội ngũ nhân viên thuộc phạm vi quản lý trong việc bán các sản phẩm khách hàng cá nhân gồm: sản phẩm cho vay, thẻ tín dụng<br>- Phát triển nguồn khách hàng<br>- Kiểm tra, đôn đốc, hỗ trợ công tác bán hàng của các thành viên đảm bảo Nhóm tuân thủ chặt chẽ về số lượng cuộc gọi, chất lượng cuộc gọi và dịch vụ, chất lượng tín dụng và quy trình.<br>- Thực hiện các khóa đào tạo nội bộ để nâng cao kỹ năng telesale cho nhân viên.<br>- Thực hiện các báo cáo cho cấp quản lý.</p>','<p>- Trình độ học vấn từ Trung cấp trở lên<br>- Ưu tiên có kỹ năng giao tiếp, tư vấn khách hàng.<br>- Có khả năng làm việc độc lập.<br>- Có ít nhất 01 năm làm vị trí Trưởng nhóm hoặc 02 năm làm sales lĩnh vực tài chính, ngân hàng hoặc best sales ở các tổ chức tín dụng</p>','8:30 - 17:30 thứ T2 đến T6, nghỉ T7, CN',0,7,'2024-06-27 10:49:37.486','2030-07-17 17:00:00.000',1,0,1,'2024-07-07 10:49:38',NULL,'2024-07-07 10:49:38',NULL),(35,16,84,'Nhân Viên Kinh Doanh /Sales - Không Yêu Cầu Kinh Nghiệm - Tại Hồ Chí Minh/Hà Nội/Đà Nẵng - Thu Nhập Hấp Dẫn 10 - 30 Triệu',10000000,30000000,NULL,0,1,'','[{\"cityId\": 1, \"address\": [{\"data\": \"\", \"districtId\": null, \"districtName\": \"Quận Thanh Xuân\"}], \"cityName\": \"Hà Nội\"}, {\"cityId\": 48, \"address\": [{\"data\": \"\", \"districtId\": null, \"districtName\": \"Quận Thanh Khê\"}], \"cityName\": \"Đà Nẵng\"}, {\"cityId\": 79, \"address\": [{\"data\": \"\", \"districtId\": null, \"districtName\": \"Quận 7\"}], \"cityName\": \"Hồ Chí Minh\"}]',7,0,0,'<ul><li><p>Lương: thoả thuận, dựa trên kinh nghiệm và kỹ năng.</p></li><li><p>Hoa hồng dựa trên khối lượng giao dịch của khách hàng.</p></li><li><p>Làm việc trong một môi trường năng động, một công ty tài chính toàn cầu.</p></li><li><p>Chế độ nghỉ phép theo quy định của Việt Nam.</p></li><li><p>Được tham gia bảo hiểm xã hội/Bảo hiểm y tế theo quy định của Việt Nam.</p></li><li><p>Các hoạt động teambuilding hàng tháng.</p></li></ul>','<ul><li><p>Kết nối khách hàng với công ty, quản lý tài khoản của khách hàng, hỗ trợ khách hàng khi cần thiết</p></li><li><p>Tìm kiếm và phát triển khách hàng mới từ dữ liệu do công ty cung cấp hoặc trên các phương tiện<br>truyền thông.</p></li><li><p>Chăm sóc các khách hàng hiện có của công ty. Hỗ trợ khách hàng giải quyết các vấn đề phát sinh<br>khi giao dịch với công ty.</p></li><li><p>Tham gia các khoá đào tạo phát triển kỹ năng và kiến thức chuyên môn do công ty cung cấp.</p></li><li><p>Theo dõi tình hình thị trường tài chính thế giới hàng ngày để kịp thời cập nhật các tin tức tài chính<br>quan trọng cho khách hàng.</p></li><li><p>Theo dõi các khách hàng tiềm năng, thực hiện các cuộc gọi hoặc gặp gỡ trực tiếp với khách hàng<br>để kết nối khách hàng với công ty.</p></li><li><p>Lập kế hoạch phát triển hệ thống đối tác mới, hoàn thành các chỉ tiêu và KPI do công ty đặt ra.</p></li><li><p>Thực hiện theo quy trình được hướng dẫn về hồ sơ khách hàng để đảm bảo phù hợp với thủ tục do<br>các tổ chức quốc tế tài chính đề ra.</p></li><li><p>Báo cáo hàng ngày với cấp trên về tiến độ thực hiện công việc, các khách hàng hoặc đối tác quan<br>trọng đang trong quá trình đàm phán.</p></li><li><p>Quản lý các thành viên trong team để hoàn thành chỉ tiêu do cấp trên đặt ra.</p></li></ul>','<ul><li><p>Tốt nghiệp đại học/cao đẳng các chuyên ngành Kinh tế/Tài chính/Marketing/Ngân hàng/Quản trị<br>kinh doanh.</p></li><li><p>Có kĩ năng đàm phán tốt. Giao tiếp tự tin.</p></li><li><p>Tính kỷ luật cao, làm việc độc lập. Chủ động lên kế hoạch và theo dõi các mục tiêu được giao.</p></li><li><p>Có khả năng làm việc dưới áp lực cao. Kiên nhẫn và kiểm soát cảm xúc cá nhân tốt</p></li><li><p>Tinh thần học hỏi và cập nhật kiến thức chuyên ngành hàng ngày.</p></li><li><p>Tiếng Anh cơ bản.</p></li></ul>','8:30 - 17:30 thứ T2 đến T6, nghỉ T7, CN',0,6,'2024-07-02 10:52:19.042','2030-07-17 17:00:00.000',1,0,1,'2024-07-07 10:52:19',NULL,'2024-07-07 10:52:19',NULL),(36,16,111,'Nhân Viên Nhân Sự Tổng Hợp',0,0,NULL,0,1,'','[{\"cityId\": 1, \"address\": [{\"data\": \"\", \"districtId\": null, \"districtName\": \"\"}], \"cityName\": \"Hà Nội\"}]',1,0,0,'<p>Hưởng 12 ngày phép/năm và tất cả các ngày Quốc lễ</p><p>- Đầy đủ chế độ Hiếu, hỉ, thai sản, ốm đau thăm hỏi + thưởng các ngày lễ tết theo năng lực</p><p>- Được làm việc trong môi trường ổn định, lâu dài</p><p>- Có cơ hội làm việc cùng người Hàn Quốc và tiếp xúc với văn hoá của đất nước Hàn Quốc xinh đẹp</p><p>- Có xe đưa buýt đưa đón đi làm đối với ứng viên đang sinh sống tại Việt Trì, Hà Nội</p><p>Địa chỉ làm việc: Lô Công Nghiệp 06, Khgu Công Nghiệp Phú Hà, xã Hà Thạch, Thị xã Phú Thọ, tỉnh Phú Thọ.</p>','<p>1. Kiểm soát tiêu chuẩn RBA, ISO 45001</p><p>2. Chuẩn bị hồ sơ đối ứng đánh giá nhà máy của khách hàng</p><p>3. Thực hiện đánh giá nội bộ hàng năm 4. Thực hiện đánh giá nhà cung cấp theo tiêu chuẩn RBA 5. Thực hiện các công việc theo chỉ thị</p>','<ul><li><p>Có kinh nghiệm nhân sự tổng hợp là 1 lợi thế hoặc có các kinh nghiệp về luật lao động, bảo hiểm, tiền lương ....</p></li><li><p>Tốt nghiệp các ngành kinh tế, Quản trị nhân lực, Luật...</p></li><li><p>SỬ dụng thành thạo các công cụ word, excecl, PPT Có kinh nghiệm ít nhất 3 năm ở các công ty sản xuất</p></li></ul>','8:30 - 17:30 thứ T2 đến T6, nghỉ T7, CN',0,7,'2024-07-07 01:53:55.770','2030-07-17 17:00:00.000',1,0,1,'2024-07-07 10:53:56',NULL,'2024-07-07 10:53:56',NULL),(37,17,59,'Giáo Viên Tiếng Anh Mầm Non Không Yêu Cầu Kinh Nghiệm ',0,0,NULL,0,1,'','[{\"cityId\": 1, \"address\": [{\"data\": \"\", \"districtId\": null, \"districtName\": \"Huyện Gia Lâm\"}], \"cityName\": \"Hà Nội\"}]',3,0,0,'<p>- Mức lương giảng dạy theo giờ: <strong>160,000 - 200,000 VND/giờ</strong> và các phụ cấp khi tham gia các công tác admin, văn phòng, sự kiện tại trường học,...</p><p>- Chế độ nghỉ phép có trả lương, chế độ review lương hàng năm, hỗ trợ học phí khi con cái theo học tại các trung tâm của Language Link</p><p>- Đào tạo bài bản về kỹ năng sư phạm, quản lý lớp học, phối hợp với các giáo viên khác, nếu ứng viên chưa có kinh nghiệm dạy lứa tuổi mầm non cũng sẽ được đào tạo và hỗ trợ bài bản</p><p>- Được cung cấp đầy đủ sách, giáo trình, giáo cụ giảng dạy và kho tài liệu quý giá phục vụ cho công tác giảng dạy</p><p>- Nâng cao khả năng giao tiếp Tiếng Anh với giáo viên nước ngoài</p><p>- Được làm việc trong một môi trường quốc tế chuyên nghiệp, năng động và có cơ hội phát triển năng lực của bản thân, cơ hội thăng tiến trong nghề nghiệp với nhiều vị trí khối văn phòng, khối quản lý</p>','<p><strong>Schools Elite - Chương trình liên kết Tiếng Anh tại các trường công lập trên địa bàn Hà Nội đang tìm kiếm Giáo viên Tiếng Anh khối mầm non năm học 2024 - 2025, cụ thể công việc như sau:</strong></p><p>- Giảng dạy chương trình Tiếng Anh khối Mầm non tại các trường công lập liên kết với Schools Elite</p><p>- Viết nhận xét, báo cáo tình hình học tập của trẻ định kỳ theo lớp và viết báo cáo kết quả học tập cuối khóa cho mỗi học sinh cuối khóa</p><p><strong>- Thời gian &amp; Địa điểm làm việc: sắp xếp theo đăng ký của ứng viên</strong></p><p><strong>+ </strong>Các quận trung tâm như Cầu Giấy, Ba Đình, Đống Đa: Part-time Cover (định hướng lên Part-time)</p><p>+ Gia Lâm: Full-time/ Part-time ca chiều hoặc Part-time Cover</p>','<p><strong>- Sinh viên năm cuối hoặc đã tốt nghiệp Cao đẳng/Đại học ngành Sư phạm tiếng Anh hoặc ngôn ngữ Anh</strong></p><p><strong>- Nếu học vấn ngành khác, ứng viên cần có chứng chỉ nghiệp vụ sư phạm và chứng chỉ Tiếng Anh tương đương B2 (IELTS từ 6.0, TOEIC trên 650)</strong></p><p>- Có kinh nghiệm giảng dạy/ trợ giảng cho lứa tuổi 4 - 10 là một lợi thế (nếu không có kinh nghiệm, công ty vẫn sẵn sàng đào tạo)</p><p>- Nghiêm túc, trách nhiệm, đảm bảo được thời gian làm việc, cam kết làm việc hết năm học</p>','8:30 - 17:30 thứ T2 đến T6, nghỉ T7, CN',0,0,'2024-07-07 11:50:49.206','2030-07-17 17:00:00.000',1,0,1,'2024-07-07 11:50:49',NULL,'2024-07-07 11:50:49',NULL),(38,17,59,'Trợ Giảng Tiếng Anh Mầm Non/THCS',0,0,NULL,0,1,'','[{\"cityId\": 1, \"address\": [{\"data\": \"\", \"districtId\": null, \"districtName\": \"Quận Hoàng Mai\"}, {\"data\": \"\", \"districtId\": null, \"districtName\": \"Quận Đống Đa\"}, {\"data\": \"\", \"districtId\": null, \"districtName\": \"Quận Long Biên\"}], \"cityName\": \"Hà Nội\"}]',1,0,0,'<p>- Mức lương trợ giảng theo giờ: <strong>60,000 - 90,000 VND</strong> đối với vị trí Full-time</p><p>- Các phụ cấp khi tham gia các công tác admin, văn phòng, sự kiện tại trường học,...</p><p>- Chế độ nghỉ phép có trả lương tối đa 8 ngày/năm học, các khoản thưởng kết thúc hợp đồng cuối năm học, thưởng nếu tái kí hợp đồng vào năm học tiếp theo</p><p>- Đào tạo bài bản về <strong>kỹ năng sư phạm, quản lý lớp</strong>, nâng cao khả năng sử dụng Tiếng Anh với giáo viên nước ngoài</p><p>- Có lộ trình cho Trợ giảng trở thành Giáo viên chính thức tại chương trình nếu đạt kết quả công việc tốt</p>','<p><strong>Chương trình Tiếng Anh liên kết trường học Schools Elite tuyển dụng Giáo viên Trợ giảng Tiếng Anh cho năm học mới 2024 - 2025 với mô tả như sau:</strong></p><p><strong>1. Công việc</strong></p><p>- Hỗ trợ Giáo viên nước ngoài trong công tác giảng dạy (ổn định lớp, giải thích nội dung bài học, làm bài tập,...)</p><p>- Hỗ trợ các công việc nhập điểm số, hoàn thiện báo cáo</p><p>- Hỗ trợ các event tại trường học (nếu có)</p><p><strong>2. Thời gian &amp; địa điểm làm việc:</strong></p><p>- <strong>Full-time</strong> từ 50 - 70h/tháng tại khu vực Long Biên hoặc cụm Đống Đa + Hoàng Mai</p>','<p>- <strong>Sinh viên năm cuối sắp hoàn thành chương trình học, hoặc đã tốt nghiệp Đại học, đảm bảo được thời gian làm việc full-time từ 50 - 70h/tháng</strong></p><p>- Ngoại hình khá, giao tiếp tốt, không nói ngọng, Tiếng Anh giao tiếp khá, có chứng chỉ tiếng Anh tương đương trình độ B2 (ELTS 6.0, TOEIC 650).</p><p>- Vui vẻ, năng động, thích làm việc với trẻ em</p><p>- Có nguyện vọng được học hỏi, đào tạo bài bản về vai trò trợ giảng/ giảng dạy lứa tuổi mầm non/ THCS, có dự định trở thành Giáo viên Tiếng Anh</p><p>- Đảm bảo được thời gian và số giờ làm việc như cam kết, ổn định, gắn bó đến hết năm học 2025 (tháng 05/2025)</p><p>- Có kinh nghiệm gia sư, trợ giảng Tiếng Anh khối Mầm non hoặc THCS là một lợi thế lớn</p><p>- Ứng viên vui lòng ghi rõ địa điểm làm việc mong muốn trong CV ứng tuyển</p>','7:30 - 17:30 thứ T2 đến T6, nghỉ T7, CN',0,2,'2024-07-01 11:52:15.427','2030-07-17 17:00:00.000',1,0,1,'2024-07-07 11:52:16',NULL,'2024-07-07 11:52:16',NULL),(39,17,59,'Trợ Giảng Toán - Khoa Học Tiếng Anh (Thu Nhập 7 - 12 Triệu)',7000000,12000000,NULL,0,1,'','[{\"cityId\": 1, \"address\": [{\"data\": \"\", \"districtId\": null, \"districtName\": \"Quận Cầu Giấy\"}], \"cityName\": \"Hà Nội\"}]',3,2,0,'<p>- Thu nhập hấp dẫn: <strong>7,000,000 - 12,000,000 VND/tháng (gross)</strong></p><p>- Các <strong>phụ cấp</strong> khác: Phụ cấp chấm bài, họp phụ huynh, các công việc hành chính, phụ cấp điện thoại và xăng xe</p><p>- Thưởng kết thúc hợp đồng, chính sách tăng lương hàng năm</p><p>- Tham gia các khoá học Tiếng Anh hấp dẫn tại Language Link với chi phí ưu đãi</p><p>- Cơ hội trở thành Giáo viên Full-time ở năm học tiếp theo nếu đạt kết quả công việc tốt</p>','<p><strong>Smath Link là chương trình Tiếng Anh liên kết trường học thuộc Language Link Vietnam với chương trình học Tiếng Anh thông qua môn Toán và Khoa học. Năm học mới 2024 - 2025 Smath Link cần tuyển dụng đội ngũ Trợ giảng với nội dung công việc như sau:</strong></p><p>- Hỗ trợ công tác giảng dạy học sinh như điểm danh, ổn định lớp, chuẩn bị tài liệu, hướng dẫn học sinh làm bài tập, kiểm tra và chấm bài tập về nhà...</p><p>- Hỗ trợ giải thích kiến thức cho các học sinh yếu</p><p>- Hỗ trợ giáo viên chấm, chữa bài tập</p><p>- Tham gia các buổi tập huấn sư phạm với lộ trình trở thành Giáo viên chính thức</p><p><strong>- Địa điểm làm việc: Quận Cầu Giấy hoặc Ba Đình</strong></p><p><strong>- Thời gian làm việc: </strong>Từ tháng 09/2024. Thời gian trong ngày từ 8h - 16h30 Thứ Hai đến Thứ Sáu</p>','<p><strong>Học vấn: </strong>Đã tốt nghiệp các ngành Sư phạm Tiếng Anh, Sư phạm Toán, ngôn ngữ Anh; nếu học ngành khác cần có chứng chỉ Tiếng Anh tương đương trình độ B2 trở lên (IELTS từ 6.0, TOEIC trên 650 hoặc VSTEP từ 7.0)</p><p>- Ngoại hình chỉn chu, giao tiếp tốt và tự tin cả Tiếng Anh lẫn Tiếng Việt, không nói ngọng</p><p>- Có kinh nghiệm gia sư, trợ giảng tiếng Anh, đặc biệt cho lứa tuổi 6 - 15</p><p>- Nghiêm túc, trách nhiệm, đảm bảo được thời gian làm việc đến hết năm học 2024 - 2025</p><p>- Có nguyện vọng trở thành Giáo viên chính thức</p>','Từ tháng 09/2024. Thời gian trong ngày từ 8h - 16h30 Thứ Hai đến Thứ Sáu',0,1,'2024-07-02 11:53:41.139','2030-07-17 17:00:00.000',1,0,1,'2024-07-07 11:53:42',NULL,'2024-07-16 10:19:17',NULL),(40,17,62,'Nhân Viên Tư Vấn Tuyển Sinh (Education Consultant) Thử Việc Nhận Full Lương - Thu Nhập 12 - 25 Triệu ',12000000,25000000,NULL,0,1,'','[{\"cityId\": 1, \"address\": [{\"data\": \"Đại Cồ Việt\", \"districtId\": null, \"districtName\": \"Quận Hai Bà Trưng\"}], \"cityName\": \"Hà Nội\"}]',1,1,0,'<p>- Lương cứng: <strong>7.500.000 - 9.000.000</strong>/tháng (offer theo kinh nghiệm) + % doanh thu. Thu nhập trung bình <strong>12.000.000 - 25.000.000Đ/THÁNG</strong></p><p><strong>- Hưởng 100% lương cứng + commission trong thời gian thử việc</strong></p><p><strong>- Chế độ nghỉ phép 16 ngày + nghỉ ốm 3 ngày/ năm</strong></p><p><strong>- Tham gia BHXH, BHYT, BHTN đầy đủ, Bảo hiểm sức khỏe PTI 24/7</strong></p><p>- Lộ trình đào tạo bài bản, Leader tận tâm và đồng hành trong suốt quá trình làm việc</p><p>- Môi trường quốc tế năng động, chuyên nghiệp với nhiều cơ hội học hỏi và phát triển bản thân</p><p>- Cơ hội thăng tiến lên Senior trong vòng 6 tháng nếu kết quả công việc tốt</p><p><strong>- Đầy đủ trang thiết bị phục vụ cho công việc (máy tính, điện thoại)</strong></p>','<p>- Gọi điện, giới thiệu và tư vấn về các khóa học Tiếng Anh tại trung tâm</p><p>- Tiếp đón khách hàng đến trung tâm, tư vấn khóa học, đặt lịch kiểm tra trình độ cho học viên</p><p>- Tham gia các event/ hoạt động direct sales theo kế hoạch của trung tâm</p><p>- Thực hiện các công việc khác theo yêu cầu của quản lý</p><p><strong>- Thời gian làm việc: </strong>Xoay ca linh hoạt, 1 tuần nghỉ 1.5 - 2 ngày</p><p>+ Ca 1: 9h30 - 19h</p><p>+ Ca 2: 13h30 - 21h30</p><p><strong>- Địa điểm làm việc:</strong> Lựa chọn 1 trong các cơ sở sau:</p><p>+ 24 Nguyễn Cơ Thạch</p><p>+ 34T Hoàng Đạo Thúy</p><p>+ 24 Đại Cồ Việt</p>','<p><strong>- Đã/ Chuẩn bị Tốt nghiệp Đại học/ Cao đẳng</strong>, có thể đảm bảo thời gian làm việc xoay ca tại trung tâm</p><p><strong>- Có tối thiểu 6 tháng kinh nghiệm trong lĩnh vực telesales, tư vấn tuyển sinh hoặc chăm sóc khách hàng tại các trung tâm Tiếng Anh/ đơn vị giáo dục Tiếng Anh</strong></p><p>- Ngoại hình thiện cảm, tác phong thân thiện, tự tin</p><p>- Nhanh nhẹn, nhiệt tình, giao tiếp tự tin, không nói ngọng, nói lắp</p><p>- Không ngại telesales và các hoạt động direct sales tại trường học, khu vực đông dân cư</p>','8:30 - 17:30 thứ T2 đến T6, nghỉ T7, CN',0,1,'2024-07-03 11:55:09.909','2030-07-17 17:00:00.000',1,0,1,'2024-07-07 11:55:10',NULL,'2024-07-08 17:35:17',NULL),(41,17,59,'Trợ Giảng Tiếng Anh Schools Link',0,0,NULL,0,1,'','[{\"cityId\": 1, \"address\": [{\"data\": \"\", \"districtId\": null, \"districtName\": \"\"}], \"cityName\": \"Hà Nội\"}]',3,0,0,'<p>- Thu nhập hấp dẫn:</p><p>+ Full-time: <strong>7,000,000 - 12,000,000 VND/tháng (gross)</strong></p><p>+ Rate theo giờ: <strong>57,000 VND/tiết (40 phút)</strong></p><p>- Các <strong>phụ cấp</strong> khác: Phụ cấp chấm bài, họp phụ huynh, các công việc hành chính, phụ cấp điện thoại và xăng xe</p><p>- Thưởng kết thúc hợp đồng, chính sách tăng lương hàng năm</p><p>- Tham gia các khoá học Tiếng Anh hấp dẫn tại Language Link với chi phí ưu đãi</p><p>- Hỗ trợ dấu thực tập cho sinh viên</p><p>- Cơ hội trở thành Nhân viên chính thức của Language Link với nhiều chính sách đãi ngộ hấp dẫn</p>','<p><strong>Chương trình Tiếng Anh liên kết trường học Schools Link bắt đầu tuyển dụng Giáo viên Trợ giảng Tiếng Anh cho năm học mới 2024 - 2025 với công việc như sau:</strong></p><p>- Hỗ trợ Giáo viên nước ngoài trong công tác giảng dạy học sinh như điểm danh, ổn định lớp, chuẩn bị tài liệu, phiên dịch, hướng dẫn học sinh làm bài tập, kiểm tra và chấm bài tập về nhà...</p><p>- Hỗ trợ các công tác giấy tờ, báo cáo, admin</p><p>- Hỗ trợ các event tại trường học</p><p>- Trao đổi, tương tác với phụ huynh học sinh</p><p><strong>- Địa điểm làm việc: </strong>Các quận nội thành Hà Nội (Cầu Giấy, Ba Đình, Đống Đa, Nam Từ Liêm, Hai Bà Trưng, Hoàng Mai, Long Biên); <strong>sắp xếp theo đăng ký của ứng viên</strong></p><p><strong>- Thời gian làm việc:</strong></p><p>+ Full-time Thứ Hai đến Thứ Sáu</p><p>+ Thời gian bắt đầu: Tháng 09/2024</p>','<p><strong>Học vấn: </strong>Đã tốt nghiệp Đại học, chuyên các ngành Sư phạm TA, ngôn ngữ Anh; nếu học ngành khác cần có chứng chỉ Tiếng Anh tương đương trình độ B2 trở lên (IELTS từ 6.0, TOEIC trên 650 hoặc VSTEP từ 7.0)</p><p>- Ngoại hình chỉn chu, giao tiếp tốt và tự tin cả Tiếng Anh lẫn Tiếng Việt, không nói ngọng</p><p>- Có kinh nghiệm gia sư, trợ giảng tiếng Anh, đặc biệt cho lứa tuổi 6 - 15</p><p>- Nghiêm túc, trách nhiệm, đảm bảo được thời gian làm việc đến hết năm học 2024 - 2025</p><p><strong><em>- Ứng viên vui lòng ghi rõ địa điểm làm việc mong muốn trong CV ứng tuyển</em></strong></p>','Thứ 2 - Thứ 6 (từ 08:00 đến 17:00)',0,1,'2024-07-03 11:56:09.373','2030-07-17 17:00:00.000',1,0,1,'2024-07-07 11:56:10',NULL,'2024-07-07 11:56:10',NULL),(42,17,61,'Regional Head Teaching Assistant Quản Lý Trợ Giảng',0,0,NULL,0,4,'','[{\"cityId\": 1, \"address\": [{\"data\": \"34T Hoàng Đạo Thúy\", \"districtId\": null, \"districtName\": \"Quận Cầu Giấy\"}], \"cityName\": \"Hà Nội\"}]',1,1,0,'<p>- Thu nhập cạnh tranh: <strong>15 - 20 triệu/tháng</strong><br>- Chế độ nghỉ phép lên đến 19 ngày/năm<br>- Tham gia BHXH đầy đủ, chế độ chăm sóc sức khỏe theo PTI Care<br>- Nhiều học bổng học Tiếng Anh miễn phí cho nhân viên và con cái của nhân viên<br>- Môi trường làm việc bài bản, có hệ thống và đa văn hóa<br>- Nhiều cơ hội học tập, đào tạo bài bản về Teaching Methodology từ các chuyên gia cấp cao<br>- Nhiều cơ hội thăng tiến lên các vị trí Senior hoặc Manager nếu đạt kết quả công việc tốt</p>','<p><strong>1. Mục tiêu công việc của Regional Head Teaching Assistant (RHTA - Quản lý Trợ giảng)</strong><br>- Quản lý các trợ giảng trong khu vực được phân công để đảm bảo chất lượng giờ dạy, hỗ trợ tốt giáo viên nước ngoài và ngày càng nâng cao chất lượng chương trình giảng dạy<br><br><strong>2. Nhiệm vụ</strong><br>- Phỏng vấn, tuyển chọn, đào tạo trợ giảng mới, có kế hoạch bồi dưỡng trợ giảng định kì trong suốt năm học<br>- Cập nhật tình hình hàng tuần với các trợ giảng, dự giờ và đánh giá ít nhất 2 lần/học kì<br>- Hỗ trợ trợ giảng giải quyết các vấn đề phát sinh bao gồm những bất cập về học sinh, giáo viên nước ngoài, mối quan hệ giữa trợ giảng và nhà trường, cơ sở vật chất...<br>- Kiểm tra và chấm bài tập về nhà cho học sinh thuộc các nhóm lớp được phân công<br>- Dạy các nhóm lớp được phân công (8 - 10 tiết mỗi tuần) và tạo điều kiện cho các trợ giảng khác được dự giờ</p>','<p>- Độ tuổi từ 28 trở lên, tốt nghiệp Đại học chính quy chuyên ngành Sư phạm/ Ngôn ngữ Anh<br>- Giao tiếp tốt, nhanh nhẹn, Tiếng Anh thành thạo cả 4 kĩ năng<br>- Có kinh nghiệm dạy học/ trợ giảng từ 3 năm trở lên<br>- Đã có kinh nghiệm quản lý và điều phối trợ giảng hoặc giáo viên từ 1 năm trở lên, ưu tiên các bạn có kinh nghiệm trong công tác tuyển dụng và đào tạo trợ giảng<br>- Có tinh thần học hỏi và thái độ tích cực khi giải quyết các vấn đề<br>- Kỹ năng tin học văn phòng tốt: MS Office, Power Point, Google Suits<br>- Không ngại di chuyển liên tục</p>','8:30 - 17:30 thứ T2 đến T6, nghỉ T7, CN',0,4,'2024-07-01 11:57:18.647','2030-07-17 17:00:00.000',1,0,1,'2024-07-07 11:57:19',NULL,'2024-07-08 17:35:21',NULL),(43,17,62,'Senior Education Consultant ( Chuyên Viên Tư Vấn )',10000000,30000000,NULL,0,1,'','[{\"cityId\": 1, \"address\": [{\"data\": \"34T Hoàng Đạo Thúy\", \"districtId\": null, \"districtName\": \"Quận Cầu Giấy\"}, {\"data\": \"24 Nguyễn Cơ Thạch\", \"districtId\": null, \"districtName\": \"Quận Nam Từ Liêm\"}, {\"data\": \" 24 Đại Cồ Việt\", \"districtId\": null, \"districtName\": \"Quận Hai Bà Trưng\"}], \"cityName\": \"Hà Nội\"}]',1,1,0,'<p>- Lương cứng upto 12 triệu/tháng (offer theo kinh nghiệm) + % doanh thu. Thu nhập trung bình <strong>20 - 30 triệu đồng</strong></p><p>- Tham gia BHXH, BHYT, BHTN đầy đủ theo quy định của Luật Lao động</p><p>- Thẻ chăm sóc sức khỏe PTI</p><p>- Chế độ nghỉ phép 16 ngày + 3 ngày nghỉ ốm/ năm</p><p>- Môi trường quốc tế năng động, chuyên nghiệp với nhiều cơ hội học hỏi và phát triển bản thân</p><p>- Được cung cấp đầy đủ trang thiết bị phục vụ cho công việc (máy tính, điện thoại)</p>','<p>- Tư vấn, trao đổi với phụ huynh học sinh để tư vấn các khóa học Tiếng Anh tại trung tâm</p><p>- Tiếp đón khách hàng đến trung tâm, tư vấn nội dung khóa học, sắp xếp thi thử/ học thử cho học viên</p><p>- Chủ động đề xuất kế hoạch khai thác thị trường và tìm kiếm khách hàng mới thông qua các hoạt động direct sales/ events</p><p><strong>- Thời gian làm việc:</strong> xoay ca linh hoạt, nghỉ 1.5 - 2 ngày/tuần</p><p>+ Ca 1: 9h30 - 19h</p><p>+ Ca 2: 13h30 - 21h30</p><p><strong>- Địa điểm làm việc:</strong> Lựa chọn 1 trong các cơ sở sau:</p><p>+ 24 Nguyễn Cơ Thạch</p><p>+ 34T Hoàng Đạo Thúy</p><p>+ 24 Đại Cồ Việt</p>','<p>- Đã tốt nghiệp Đại học/ Cao đẳng, có tối thiểu 2 năm kinh nghiệm làm việc trong lĩnh vực tư vấn tuyển sinh tại các trung tâm Tiếng Anh</p><p>- Ngoại hình ưa nhìn, tự tin, chỉn chu, phong thái chủ động, nhanh nhẹn</p><p>- Giao tiếp tự tin, lưu loát, không nói ngọng, nói lắp</p><p>- Không ngại telesales và các hoạt động direct sales tại trường học, khu đông dân cư</p><p>- Đảm bảo được thời gian làm việc</p>','8:30 - 17:30 thứ T2 đến T6, nghỉ T7, CN',0,3,'2024-07-04 01:59:03.789','2030-07-17 17:00:00.000',1,0,1,'2024-07-07 11:59:04',NULL,'2024-07-10 13:48:17',NULL),(44,17,59,'Giáo Viên Tiếng Anh Part-Time Tại Trung Tâm',0,0,NULL,1,1,'','[{\"cityId\": 1, \"address\": [{\"data\": \"34T Hoàng Đạo Thúy\", \"districtId\": null, \"districtName\": \"Quận Cầu Giấy\"}], \"cityName\": \"Hà Nội\"}]',3,1,0,'<p>- Teaching rate: <strong>290.000 – 400.000 VND gross per hour</strong></p><p>- Bonus: <strong>6.000.000 VND</strong> at the end of the one-year contract</p><p>(Applied for at least 150 teaching hours per one-year contract without any warning)</p>','<p><strong>1.</strong> <strong>VNC Teachers </strong>are in charge of the following programs at Language Link Academic: <strong>TE </strong>(Teenagers), <strong>YL </strong>(Young Learners), and <strong>IELTS.</strong></p><p><strong>2. Teaching and class management</strong></p><p>- Develop lesson plans and further materials</p><p>- Provide teaching of the VNC program(s) at certain time at LLV when required</p><p>- Be a covering teacher if required</p><p>- Provide assessment and reports on student performance throughout the course</p><p>- Work with the local Senior Teacher/Academic Coordinator and customer service team to address students’ behavioral, academic, and other related problems</p><p><strong>3. Program Development and Improvement</strong></p><p>- Provide feedback to the local Senior Teacher about the materials, syllabus, pacing guides, etc.</p><p>- Join and present at professional development workshops when required</p><p><strong>4. Working hours: 18 - 25h/month, to be distributed between these time slots</strong></p><p>- Week days: From 17h30 to 21h30</p><p>- Weekends: From 8h to 18h</p><p><strong>5. Working location</strong></p><p>- 34T Hoang Dao Thuy</p>','<p>- Age above 24, Bachelor’s or Master’s degree with English as Major</p><p>- Having a <strong>TESOL or CELTA</strong> Certificate is a big bonus</p><p>- Strong expertise and experience in teaching <strong>primary, secondary or/and high school</strong> students</p><p>- Ability to work under pressure and meet deadlines</p>','8:30 - 17:30 thứ T2 đến T6, nghỉ T7, CN',0,1,'2024-07-09 12:00:55.594','2030-07-17 17:00:00.000',1,0,1,'2024-07-07 12:00:56',NULL,'2024-07-08 18:08:29',NULL),(45,18,143,'Nhân Viên Thao Tác Bưu Cục (Không Yêu Cầu Kinh Nghiệm)',8000000,9000000,NULL,0,1,'','[{\"cityId\": 79, \"address\": [{\"data\": \"15 đường số 11, Khu đô thị mới Him Lam, Phường Tân Hưng\", \"districtId\": null, \"districtName\": \"Quận 7\"}], \"cityName\": \"Hồ Chí Minh\"}]',3,1,1,'<ul><li><p>Tham gia đầy đủ BHXH-BHYT-BHTN theo quy định của Nhà nước</p></li><li><p>Thưởng các ngày lễ Tết, tháng 13, kinh doanh hiệu quả...</p></li><li><p>Thường xuyên được tham gia các chương trình đào tạo để nâng cao khả năng và nghiệp vụ của bản thân</p></li><li><p>Gửi xe miễn phí</p></li><li><p>Quà hiếu hỉ: sinh nhật, tang chế, hỗ trợ khó khăn đột xuất</p></li><li><p>Khám sức khỏe định kỳ</p></li><li><p>Được đi nghỉ mát hàng năm và tham gia các hoạt động ngoại khóa cùng công ty</p></li><li><p>Ưu đãi mua điện thoại OPPO giảm giá 20% đối với nhân viên (1 năm/lần)</p></li></ul>','<ul><li><p>Xuất và xử lý dữ liệu tải xuống từ phần mềm nghiệp vụ;</p></li><li><p>Thực hiện các báo cáo số liệu;</p></li><li><p>Theo sát và phân tích các tiêu chí khảo hạch, chỉ số vận hành chi tiết từng bưu cục, khu vực nhỏ đến toàn vùng;</p></li><li><p>Hỗ trợ bưu cục xử lý các vấn đề liên quan về quy trình vận hành;</p></li><li><p>Tiếp nhận công việc tại Bưu cục khi cần xử lý gấp các vấn đề phát sinh;</p></li><li><p>Phối hợp với Teamleader xử lý, phân tích vấn đề phát sinh;</p></li><li><p>Thực hiện các công việc có liên quan khác theo sự phân công của cấp trên.</p></li></ul>','<ul><li><p>Có thể làm việc theo ca 8 tiếng.</p></li><li><p>Kỹ năng làm báo cáo, khả năng phân tích số liệu;</p></li><li><p>Tin học văn phòng như Excel.</p></li><li><p>Kỹ năng giao tiếp và làm việc nhóm tốt;</p></li><li><p>Có Mindset tốt, linh hoạt trong xử lý vấn đề.</p></li><li><p>Không có kinh nghiệm sẽ được đào tạo</p></li><li><p>Tốt nghiệp tối thiểu Trung cấp</p></li></ul>','8:30 - 17:30 thứ T2 đến T6, nghỉ T7, CN',0,1,'2024-07-06 12:14:39.901','2030-07-17 17:00:00.000',1,0,1,'2024-07-07 12:14:40',NULL,'2024-07-08 17:21:31',NULL),(46,18,144,'Nhân Viên Tài Xế B2 (Làm Việc Tại Quận 7, TP. Hồ Chí Minh)',10000000,11000000,NULL,0,1,'','[{\"cityId\": 79, \"address\": [{\"data\": \"84-86 Đường D1, KDC Him Lam, Phường Tân Hưng\", \"districtId\": null, \"districtName\": \"Quận 7\"}], \"cityName\": \"Hồ Chí Minh\"}]',2,1,1,'<ul><li><p>Tham gia đầy đủ BHXH-BHYT-BHTN theo quy định của Nhà nước;</p></li><li><p>Thưởng các ngày lễ tết, tháng 13, kinh doanh hiệu quả...;</p></li><li><p>Thường xuyên được tham gia các chương trình đào tạo để nâng cao khả năng và nghiệp vụ của bản thân;</p></li><li><p>Gửi xe miễn phí;</p></li><li><p>Ưu đãi mua điện thoại OPPO giảm giá 20% đối với nhân viên (1 năm/lần).</p></li></ul>','<ul><li><p>Kiểm tra SOP;</p></li><li><p>Kiểm soát và xử lý chiếm dụng COD tại bưu cục;</p></li><li><p>Bốc kiểm cân nặng đơn hàng;</p></li><li><p>Xử lý sự vụ phát sinh tại bưu cục;</p></li><li><p>Sắp xếp lịch trình di chuyển kiểm tồn, kiểm tra định kỳ tại bưu cục.</p></li></ul>','<ul><li><p>Có bằng lái B2</p></li><li><p>Tốt nghiệp tối thiểu tối thiểu Trung Cấp</p></li><li><p>Khả năng chịu được áp lực công việc;</p></li><li><p>Có kỹ năng giao tiếp là một lợi thế;</p></li><li><p>Cẩn thuận trong công việc, làm việc có kế hoạch và có thể làm việc độc lập;</p></li><li><p><strong>Không có kinh nghiệm được đào tạo.</strong></p></li></ul>','Thứ 2 - Thứ 7 (từ 08:00 đến 17:30)',0,3,'2024-07-07 00:16:28.156','2030-07-17 17:00:00.000',1,0,1,'2024-07-07 12:16:29',NULL,'2024-07-08 17:21:05',NULL),(47,18,115,'Thực Tập Sinh Tuyển Dụng (Có Hỗ Trợ Phụ Cấp Và Mộc Thực Tập)',3000000,3300000,NULL,1,0,'','[{\"cityId\": 79, \"address\": [{\"data\": \"84 - 86 Đường số D1, Khu đô thị mới Him Lam, Phường Tân Hưng\", \"districtId\": null, \"districtName\": \"Quận 7\"}], \"cityName\": \"Hồ Chí Minh\"}]',3,1,0,'<ul><li><p>Được phụ cấp và đóng mộc thực tập</p></li><li><p>Gửi xe miễn phí</p></li><li><p>Được hướng dẫn và đào tạo đầy đủ các kỹ năng cần thiết xuyên suốt thời gian thực tập</p></li><li><p>Cơ hội làm việc trong môi trường chuyên nghiệp, năng động</p></li><li><p>Được tham gia các hoạt động kết nối khác của công ty</p></li></ul>','<ul><li><p>Được hướng dẫn quy trình tuyển dụng của công ty, cọ xát làm việc thực tế như 1 nhân viên chính thức.</p></li><li><p>Nhập thông tin ứng viên trên hệ thống tuyển dụng.</p></li><li><p>Tham gia tuyển dụng, phỏng vấn nhân viên khối Back Office</p></li><li><p>Liên hệ và sắp xếp phỏng vấn cho những ứng viên tiềm năng.</p></li><li><p>Trực tiếp nhận hồ sơ nhân viên.</p></li><li><p>Các công việc liên quan đến tuyển dụng.</p></li></ul>','<ul><li><p>Sinh viên năm 3,4 hoặc đã tốt nghiệp.</p></li><li><p>Yêu thích và có định hướng với công việc tuyển dụng khối Back Office</p></li><li><p>Thành thạo tin học văn phòng Word, Excel, Power point</p></li><li><p>Giao tiếp tốt</p></li><li><p>Không ngại khó, không ngại áp lực và sẵn sàng học hỏi</p></li><li><p>Biết thiết kế Canva là một lợi thế</p></li></ul>','Thứ 2 - Thứ 7 (từ 08:00 đến 17:30)',0,0,'2024-06-26 12:17:54.277','2030-07-17 17:00:00.000',1,0,1,'2024-07-07 12:17:54',NULL,'2024-07-07 12:19:01',NULL),(48,18,93,'Nhân Viên Kế Toán Khu Vực Làm Việc Tại Quận 7',9000000,11000000,NULL,0,1,'','[{\"cityId\": 79, \"address\": [{\"data\": \"84 - 86 Đường số D1, Khu đô thị mới Him Lam, Phường Tân Hưng\", \"districtId\": null, \"districtName\": \"Quận 7\"}], \"cityName\": \"Hồ Chí Minh\"}]',1,3,1,'<ul><li><p>Tham gia đầy đủ BHXH-BHYT-BHTN theo quy định của Nhà nước;</p></li><li><p>Kí hợp đồng chính thức với công ty sau 2 tháng thử việc;</p></li><li><p>Thưởng các ngày lễ tết, tháng 13, kinh doanh hiệu quả...;</p></li><li><p>Thường xuyên được tham gia các chương trình đào tạo để nâng cao khả năng và nghiệp vụ của bản thân;</p></li><li><p>Gửi xe miễn phí;</p></li><li><p>Quà hiếu hỉ: sinh nhật, tang chế, hỗ trợ khó khăn đột xuất;</p></li><li><p>Khám sức khỏe định kỳ;</p></li><li><p>Được đi nghỉ mát hàng năm và tham gia các ngoại khóa cùng công ty;</p></li><li><p>Ưu đãi mua điện thoại OPPO giảm giá 20% đối với nhân viên (1 năm/lần);</p></li><li><p>Giải quyết tất cả những công việc nằm trong phạm vi công việc của mình;</p></li><li><p>Có quyền liên hệ trực tiếp với các nhân viên phòng ban khác khi có công việc liên qua</p></li></ul>','<ul><li><p>Thanh toán, thống kê chi phí hành chính như: điện, nước, rác, phí ngân hàng, cước và những chi phí phát sinh thêm (nếu có) cho toàn khu;</p></li><li><p>Theo dõi và làm hồ thanh toán lương cho Parttime;</p></li><li><p>Báo cáo số liệu sử dụng parttime mỗi ngày cho cấp quản lý theo khu vực mình quản lý;</p></li><li><p>Theo dõi, cập nhật tình tình mở mới bưu cục để làm hồ sơ thanh toán tiền thuê nhà;</p></li><li><p>Cập nhật thông tin sửa chữa ở bưu cục, kết hợp với phòng thu mua làm đề xuất và làm thanh toán các chi phí sửa chữa, gia hạn internet của Bưu Cục trong khu quản lí;</p></li><li><p>Cập nhật thông tin sửa chữa ở bưu cục, kết hợp với phòng thu mua làm đề xuất và làm thanh toán các chi phí sửa chữa, gia hạn internet của Bưu Cục trong khu quản lí;</p></li><li><p>Thực hiện những công việc tại khu vực theo yêu cầu của Trưởng phòng.</p></li></ul>','<ul><li><p>Tốt nghiệp trình độ Cao đẳng/ Đại học trở lên;</p></li><li><p>Kỹ năng về sắp xếp thời gian công việc;</p></li><li><p>Kỹ năng giao tiếp và làm việc nhóm tốt;</p></li><li><p>Biết sử dụng thành thạo excel;</p></li><li><p>Chăm chỉ, tỉ mỉ, cẩn thận;</p></li><li><p>Trung thực, thẳng thắn, trách nhiệm.</p></li></ul>','',0,2,'2024-07-09 14:28:43.925','2030-07-17 17:00:00.000',1,0,1,'2024-07-07 14:28:45',NULL,'2024-07-16 17:14:54',NULL),(49,18,66,'Chuyên Viên Nhân Sự Làm Việc Tại Củ Chi ',12000000,15000000,NULL,0,1,'','[{\"cityId\": 79, \"address\": [{\"data\": \"\", \"districtId\": null, \"districtName\": \"Huyện Củ Chi\"}], \"cityName\": \"Hồ Chí Minh\"}]',1,3,0,'<p>• Tham gia đầy đủ BHXH-BHYT-BHTN theo quy định của Nhà nước<br>• Kí hợp đồng chính thức với công ty sau 2 tháng thử việc<br>• Thưởng các ngày lễ tết, tháng 13, kinh doanh hiệu quả...<br>• Thường xuyên được tham gia các chương trình đào tạo để nâng cao khả năng và nghiệp vụ của bản thân<br>• Gửi xe miễn phí<br>• Quà hiếu hỉ: sinh nhật, tang chế, hỗ trợ khó khăn đột xuất<br>• Khám sức khỏe định kỳ<br>• Được đi nghỉ mát hàng năm và tham gia các ngoại khóa cùng công ty<br>• Ưu đãi mua điện thoại OPPO giảm giá 20% đối với nhân viên (1 năm/lần)</p>','<ul><li><p>Tham gia công tác chính về công tác tuyển dụng của đội ngũ nhân sự tại trung tâm khai thác.</p></li><li><p>Xây dựng và quản lý quy trình tuyển dụng và tuyển chọn nhân viên trung tâm khai thác.</p></li><li><p>Xây dựng và quản lý quy trình đánh giá, thưởng phạt nhân viên trung tâm khai thác</p></li><li><p>Xây dựng và xúc tiến các kế hoạch khen thưởng, đãi ngộ và chính sách phúc lợi của nhân viên trung tâm khai thác.</p></li><li><p>Tham mưu xử lý quan hệ lao động khi có tranh chấp hoặc vi phạm kỹ luật.</p></li><li><p>Phát triển văn hóa bộ phận và văn hóa doanh nghiệp.</p></li><li><p>Làm cầu nối liên kết giữa công nhân viên và các cấp cán bộ quản lý.</p></li><li><p>Phối hợp công tác chặt chẽ cùng với các bộ phận khác đảm bảo mục tiêu chung của Công Ty đạt kết quả tối ưu.</p></li><li><p>Liên kết với bộ phận Nhân sự của Chi nhánh cập nhật nắm bắt thông tin mới, và giải quyết những công việc phát sinh giữa Chi nhánh và trung tâm khai thác.</p></li></ul>','<p><strong>1.Yêu cầu về học vấn/kinh nghiệm:</strong></p><ul><li><p>Có kinh nghiệm làm việc tại các doanh nghiệp vừa và nhỏ.</p></li><li><p>Có kinh nghiệm làm về mảng hành chính nhân sự.</p></li><li><p>Có khả năng nghiên cứu, xây dựng quy trình, nội quy công ty.</p></li><li><p>Có kiến thức về quản trị nhân sự.</p></li><li><p>Có kiến thức về internet, sử dụng thành thạo công cụ đăng bài trên web</p></li><li><p>Có khả năng học hỏi nhanh, thường xuyên cập nhật các kiến thức mới đáp ứng công việc</p></li><li><p>Có khả năng phân tích, tìm kiếm, xử lý thông tin tốt.</p></li><li><p>Cẩn thận, có trách nhiệm, sáng tạo, có tinh thần hợp tác đội nhóm.</p></li></ul><p><strong>2.Tính cách cá nhân:</strong></p><ul><li><p>Chịu được áp lực cao trong công việc; Có khả năng làm việc độc lập và làm việc nhóm.</p></li><li><p>Điềm tĩnh, đáng tin cậy, có khả năng giao tiếp tốt với nhân viên và các mối quan hệ công việc khác.</p></li></ul><p><strong>3. Yêu cầu về độ tuổi: </strong>Từ 25-35 tuổi.</p>','8:30 - 17:30 thứ T2 đến T6, nghỉ T7, CN',1,2,'2024-07-02 14:30:10.815','2030-07-17 17:00:00.000',1,0,1,'2024-07-07 14:30:12',NULL,'2024-07-10 13:44:54',NULL),(50,18,38,'Trợ Lý Tiếng Trung (Làm Việc Tại Quận 7)',8000000,13000000,NULL,0,1,'','[{\"cityId\": 79, \"address\": [{\"data\": \"\", \"districtId\": null, \"districtName\": \"Quận Phú Nhuận\"}], \"cityName\": \"Hồ Chí Minh\"}]',3,1,0,'<ul><li><p>Tham gia đầy đủ BHXH-BHYT-BHTN theo quy định của Nhà nước;</p></li><li><p>Kí hợp đồng chính thức với công ty sau 2 tháng thử việc;</p></li><li><p>Thưởng các ngày lễ tết, tháng 13, kinh doanh hiệu quả...;</p></li><li><p>Thường xuyên được tham gia các chương trình đào tạo để nâng cao khả năng và nghiệp vụ của bản thân;</p></li><li><p>Gửi xe miễn phí;</p></li><li><p>Quà hiếu hỉ: sinh nhật, tang chế, hỗ trợ khó khăn đột xuất;</p></li><li><p>Khám sức khỏe định kỳ;</p></li><li><p>Được đi nghỉ mát hàng năm và tham gia các ngoại khóa cùng công ty;</p></li><li><p>Ưu đãi mua điện thoại OPPO giảm giá 20% đối với nhân viên (1 năm/lần).</p></li></ul>','<ul><li><p>Phụ trách công việc biên phiên dịch;</p></li><li><p>Theo dõi các hạng mục công việc được giao, thống kê tình hình vận hành phòng thị trường và làm báo cáo;<br>Giải quyết công việc phát sinh, trao đổi với cấp trên và các bộ phận liên quan;</p></li><li><p>Xử lý số liệu, hóa đơn, hợp đồng và biên soạn thông báo;</p></li><li><p>Thống kê, báo cáo công việc cho cấp trên theo tuần, tháng;</p></li><li><p>Theo dõi tổng thể công việc trong các bộ phận, giám sát thực hiện và nhắc nhở các trưởng bộ phận thực hiện;</p></li><li><p>Các công việc theo yêu cầu từ cấp trên.</p></li></ul>','<ul><li><p>Tốt nghiệp Cao đẳng, Đại học;</p></li><li><p>Có kinh nghiệm trợ lý, kinh doanh hoặc các vị trí tương đương;</p></li><li><p>Tiếng Trung 4 kỹ năng (tương đương HSK 5 trở lên);</p></li><li><p>Sử dụng thành thạo tin học văn phòng;</p></li><li><p>Kỹ năng giao tiếp, kỹ năng làm báo cáo.</p></li></ul>','8:30 - 17:30 thứ T2 đến T6, nghỉ T7, CN',0,1,'2024-07-02 01:37:02.223','2030-07-17 17:00:00.000',1,0,1,'2024-07-07 14:37:03',NULL,'2024-07-08 16:41:12',NULL),(51,18,96,'Chuyên Viên Kế Toán Thuế (Làm Việc Tại Quận 7)',8000000,23000000,NULL,1,1,'','[{\"cityId\": 79, \"address\": [{\"data\": \"\", \"districtId\": null, \"districtName\": \"Quận 8\"}], \"cityName\": \"Hồ Chí Minh\"}, {\"cityId\": 1, \"address\": [{\"data\": \"\", \"districtId\": null, \"districtName\": \"Quận Tây Hồ\"}], \"cityName\": \"Hà Nội\"}]',2,1,1,'<ul><li><p>Tham gia đầy đủ BHXH-BHYT-BHTN theo quy định của Nhà nước;</p></li><li><p>Thưởng các ngày lễ tết, tháng 13, kinh doanh hiệu quả...;</p></li><li><p>Thường xuyên được tham gia các chương trình đào tạo để nâng cao khả năng và nghiệp vụ của bản thân;</p></li><li><p>Gửi xe miễn phí;</p></li><li><p>Quà hiếu hỉ: sinh nhật, tang chế, hỗ trợ khó khăn đột xuất;</p></li><li><p>Khám sức khỏe định kỳ;</p></li><li><p>Được đi nghỉ mát hàng năm và tham gia các hoạt động ngoại khóa cùng công ty;</p></li><li><p>Ưu đãi mua điện thoại OPPO giảm giá 20% đối với nhân viên (1 năm/lần).</p></li></ul>','<ul><li><p>Kiểm tra và lập tờ khai thuế định kỳ, bao gồm: thuế GTGT, thuế thuê tài sản,...;</p></li><li><p>Kiểm tra dữ kiệu kê khai thuế TNCN;</p></li><li><p>Cập nhập quy định hiện hành về thuế;</p></li><li><p>Tổ chức đào tạo, cập nhật quy định thuế cho các phòng ban, bộ phận có liên quan thực hiện đúng quy định về thuế;</p></li><li><p>Lưu trữ tờ khai và chứng từ liên quan;</p></li><li><p>Làm việc với Cơ quan thuế về: Công văn, thông báo, đối soát nghĩa vụ thuế,...;</p></li><li><p>Trực tiếp tham gia kiểm tra, thanh tra thuế khi có yêu cầu từ Cơ quan thuế;</p></li><li><p>Thực hiện các công việc liên quan theo sự phân công.</p></li></ul>','<ul><li><p>Tốt nghiêp đại học trở lên trong ngành Kế toán, Kiểm toán hoặc các ngành liên quan;</p></li><li><p>Có ít nhất 02 năm kinh nghiệm làm việc ở vai trò kế toán thuế ;</p></li><li><p>Kỹ năng giao tiếp, trình bày tốt;</p></li><li><p>Khả năng làm việc nhóm và giao tiếp tốt;</p></li><li><p>Khả năng phân tích và đánh giá tốt;</p></li><li><p>Năng động, nhiệt tình, sáng tạo;</p></li><li><p>Nắm vững kiến thức thuế hiện hành;</p></li><li><p>Có kinh nghiệm làm việc với cơ quan thuế, quyết toán thuế;</p></li><li><p>Ngoại ngữ: Tiếng Anh chuyên ngành kế toán.</p></li></ul>','8:30 - 17:30 thứ T2 đến T6, nghỉ T7, CN',0,2,'2024-07-08 14:39:00.480','2030-07-17 17:00:00.000',1,0,1,'2024-07-07 14:39:02',NULL,'2024-07-08 17:31:13',NULL),(52,19,23,'IT Application Support Intern (Business Analyst)',0,0,NULL,0,1,'','[{\"cityId\": 79, \"address\": [{\"data\": \"\", \"districtId\": null, \"districtName\": \"\"}], \"cityName\": \"Hồ Chí Minh\"}]',3,0,0,'<p>Why <strong>BOSCH</strong>?</p><p>Because we don\'t just follow trends, we <strong>create </strong>them.</p><p>Because together we turn ideas into reality, working every day to make the world of tomorrow a better place. Do you have high standards when it comes to your job? So do we. At Bosch, you will discover more than just work.</p><p><strong>Benefits and Career Opportunities</strong></p><ul><li><p>Work in one of the Best Places to Work in Vietnam</p></li><li><p>Join a dynamic and fast growing global company (English-speaking environment)</p></li><li><p>Get<strong> 13th-month salary bonus + attractive performance bonus (you\'ll love it!) + annual performance appraisal</strong></p></li><li><p>100% monthly basic salary and mandatory social insurances in 2-month probation</p></li><li><p>Onsite opportunities: short-term and long-term assignments</p></li><li><p><strong>15++ days of annual leave + 1 day of birthday leave</strong></p></li><li><p><strong>Premium health insurance for employee and 02 family members</strong></p></li><li><p>Flexible working time</p></li><li><p>Lunch and parking <strong>allowance</strong></p></li><li><p><strong><em>Good benefits of company</em></strong><em> activities</em></p></li><li><p><em>Opportunity to work in </em><strong><em>global projects</em></strong><em> </em><strong><em>of fast developing company</em></strong><em> and </em><strong><em>being a part of innovation team </em></strong><em>contributing initiative ideas to the hi-tech world.</em></p></li><li><p><em>Engage in our </em><strong><em>diverse</em></strong><em> </em><strong><em>training programs</em></strong><em> which surely help strengthen both your personal</em></p></li></ul>','<ul><li><p>Support End-User via SMT Ticket following ITIL Process which are maintained with defined SLA &amp; KPI</p></li><li><p>Contribute to problem investigation, change management</p></li><li><p>Working on Oracle PL/SQL</p></li><li><p>Support for new feature release, hot-fixes</p></li><li><p>Maintain and manage the application servers</p></li><li><p>To the holder of this position other tasks and activities related to the current job can be assigned by line-manager</p></li></ul>','<ul><li><p>Final - Year student in IT/ Computer Science or relevant background</p></li><li><p>Having knowledge of SQL, PL/SQL</p></li><li><p>Knowledge in Service Management Tool (Redemy , Service Now, ServiceDesk Plus)</p></li><li><p>Knowledge in Project and Process Management will be an advantage</p></li><li><p>To be trained in process know how (Incident, Problem, Change Management)</p></li><li><p>ITIL foundation Certificate is a plus</p></li><li><p>Flexible and able to support in CET time zone if required (1:00PM - 10:00PM)</p></li><li><p>Have ability to work under pressure during peak periods and respecting the deadlines</p></li><li><p>Have teamwork spirit, pro-active to support, share workload, document/share the knowledge, open mindset and continuous improvement.</p></li><li><p>Strong communication, Open mindset, interpersonal and intercultural skills</p></li></ul>','8:30 - 17:30 thứ T2 đến T6, nghỉ T7, CN',0,1,'2024-07-08 14:50:46.055','2030-07-17 17:00:00.000',1,0,1,'2024-07-07 14:50:46',NULL,'2024-07-07 14:50:46',NULL),(53,19,138,'Sales Controller (Shared Service)',0,0,NULL,0,1,'','[{\"cityId\": 79, \"address\": [{\"data\": \"364 Đ. Cộng Hòa\", \"districtId\": null, \"districtName\": \"Quận Tân Bình\"}], \"cityName\": \"Hồ Chí Minh\"}]',3,0,0,'<ul><li><p>Working in one of the Best Places to Work in Vietnam and Top 30 of the Most Innovative Companies all over the world</p></li><li><p>Join a dynamic and fast growing global company (English-speaking environment)</p></li><li><p>13th-month salary bonus + attractive performance bonus (you\'ll love it!) + annual performance appraisal</p></li><li><p>100% monthly salary and mandatory social insurances in 2-month probation</p></li><li><p>Onsite opportunities: short-term and long-term assignments</p></li><li><p>15++ days of annual leave + 1 day of birthday leave</p></li><li><p>Premium health insurance for employee and 02 family members</p></li><li><p>Flexible working time</p></li><li><p>Lunch and parking allowance</p></li><li><p>Various training on hot-trend technologies/ foreign language (English/Chinese/Japanese) and soft-skills</p></li><li><p>Fitness &amp; sport activities: football, badminton, yoga, Aerobic</p></li><li><p>Free in-house entertainment facilities and snack</p></li><li><p>Join in various team building, company trip, year-end party, tech talks and a lot of charity events</p></li></ul>','<ul><li><p>Create Contract on SAP- SD module.</p></li><li><p>Check and validate supporting documents for invoicing from Delivery Managers and coordinate with requesters to clarify any issues or inconsistencies in the documents;</p></li><li><p>Create Sales Orders and Issue Billing to customers in SAP-SD, SAP-FI and VNPT e-invoice platform;</p></li><li><p>Maintain correct pricing in the system;</p></li><li><p>Prepare invoicing and billing related reports;</p></li><li><p>Support relevant stakeholders for topics related to billing including but not limited to providing supporting documents for Detective Control checks, providing supporting documents for year-end external audit, supporting tax team to provide documents for tax audit and tax refund purposes;</p></li><li><p>Support ad-hoc project related to billing topics (for e.g. system testing, improvement projects)</p></li></ul>','<ul><li><p>Accounting or Finance background (2-3 years of working experience required);</p></li><li><p>Preferably someone with working experiences as Sales administrator or Billing coordinators in service or software related companies.</p></li><li><p>Knowledge of Excel (compulsory), SAP (preferably) and local e-invoice platform.</p></li><li><p>Language skills: English (Fluently).</p></li><li><p>Attention to details and ability to work under pressure and tight deadline.</p></li><li><p>Ability to communicate and collaborate with seniors stakeholders to discuss and resolve any issues.</p></li></ul>','8:30 - 17:30 thứ T2 đến T6, nghỉ T7, CN',0,3,'2024-06-07 14:52:27.653','2030-07-17 17:00:00.000',1,0,1,'2024-07-07 14:52:28',NULL,'2024-07-07 14:52:28',NULL),(54,19,20,'Receptionist Cum Admin Intern',4000000,5000000,NULL,1,0,'','[{\"cityId\": 79, \"address\": [{\"data\": \"32 Đ. Tân Thắng, Sơn Kỳ\", \"districtId\": null, \"districtName\": \"Quận Tân Phú\"}], \"cityName\": \"Hồ Chí Minh\"}]',1,0,0,'<ul><li><p>Monthly Internship allowance + Meal &amp; Parking allowance</p></li><li><p>1 day of paid leave per month</p></li><li><p>1 day of birthday leave (if your birthday falls during the internship)</p></li><li><p>Engage in our diverse training programs which surely help strengthen both your personal and professional skills</p></li></ul>','<ul><li><p>Welcome visitors in a polite and professional manner while ensuring the company security policy on visitor handling</p></li><li><p>Handle calls to the company in a professional manner</p></li><li><p>Handle mails, couriers, etc. and deliver accordingly</p></li><li><p>Manage meeting room booking</p></li><li><p>Manage company taxi cards and parking services</p></li><li><p>Manage stationery for the office</p></li><li><p>Check and verify bills, expenses; make payment request to the suppliers</p></li><li><p>Support internal staff-sales and other events of the company.</p></li></ul>','<ul><li><p>Under-graduate students, can join full-time internship in 6 months. Working day: Monday-Friday</p></li><li><p>Fluent in English and Vietnamese.</p></li><li><p>Proficient in Microsoft Office (Word, Excel, PowerPoint).</p></li><li><p>Strong customer focus</p></li><li><p>Eyes for details and good organization skills.</p></li></ul>','8:30 - 17:30 thứ T2 đến T6, nghỉ T7, CN',0,1,'2024-07-01 14:53:45.242','2030-07-17 17:00:00.000',1,0,1,'2024-07-07 14:53:46',NULL,'2024-07-07 14:53:46',NULL),(55,19,38,'Customer Service (English And Chinese)',0,0,NULL,0,1,'','[{\"cityId\": 79, \"address\": [{\"data\": \"364 Đ. Cộng Hòa\", \"districtId\": null, \"districtName\": \"Quận Tân Bình\"}], \"cityName\": \"Hồ Chí Minh\"}]',3,0,0,'<ul><li><p><strong>Working in one of the Best Places to Work in Vietnam and Top 30 of the Most Innovative Companies all over the world</strong></p></li><li><p>Join in a dynamic and fast-growing global company (English-speaking environment), with opportunity to work in global projects and being a part of innovation team contributing initiative ideas to the hi-tech world</p></li><li><p>Onsite opportunities: short-term and long-term assignments in worldwide offices</p></li><li><p>Engage in our diverse training programs which surely help strengthen both your personal and professionalism</p></li><li><p>13th-month salary bonus + attractive performance bonus (you\'ll love it!) + annual performance appraisal</p></li><li><p>100% offered salary and mandatory social insurances in 2-month probation</p></li><li><p>15++ days of annual leave + 1-day of birthday leave</p></li><li><p>Premium health insurance for employee and 02 family members</p></li><li><p>Flexible working time and working model</p></li><li><p>Lunch and parking allowance</p></li><li><p>Good benefits of company activities such as: football, badminton, yoga, Aerobic, team building...</p></li></ul>','<ul><li><p>Provide information and assistance to customers via inbound/outbound calls and emails.</p></li><li><p>Answer, escalate, and follow up on all requests to ensure proper response and quality of service.</p></li><li><p>Register all details related to customer interactions in the database and contribute to the knowledge base development.</p></li><li><p>Represent the company\'s image by adhering to its Internal Regulations, policies, and the service\'s work instructions and processes.</p></li><li><p>Fulfill additional assignments such as supporting other colleagues, countries, locations, and new services, including Customer Support Representative activities and satisfaction surveys.</p></li><li><p>Meet service key performance indicators.</p></li><li><p>Participate in the continuous development and improvement of processes and services.</p></li><li><p>Read, understand, and apply procedures from the area of responsibility and other interdepartmental procedures applicable within the company.</p></li><li><p>Fulfill any other tasks related to the area of responsibility as requested by the direct superior.</p></li></ul>','<ul><li><p><strong>Proficiency in both English and Chinese (HSK4)</strong></p></li><li><p><strong>Proficiency in IT skills (MS Office); SAP knowledge is a plus.</strong></p></li><li><p>High sense of responsibility, patience, urgency, and customer support orientation.</p></li><li><p>Capacity to organize and make decisions effectively.</p></li><li><p>Flexibility and motivation to solve customer requests.</p></li><li><p>Excellent communication skills (empathy, active listening, persuasion), with a positive attitude.</p></li><li><p>Proactive and responsible in completing all assigned tasks.</p></li><li><p>Willingness to work in shifts.</p></li><li><p>Previous customer support experience is a plus</p></li></ul>','8:30 - 17:30 thứ T2 đến T6, nghỉ T7, CN',0,1,'2024-07-02 12:57:30.314','2030-07-17 17:00:00.000',1,0,1,'2024-07-07 14:57:31',NULL,'2024-07-07 14:57:31',NULL),(56,19,115,'HR Intern (C&B)',0,0,NULL,0,0,'','[{\"cityId\": 1, \"address\": [{\"data\": \"\", \"districtId\": null, \"districtName\": \"Quận Đống Đa\"}], \"cityName\": \"Hà Nội\"}]',1,0,0,'<ul><li><p>Monthly Internship allowance + Meal &amp; Parking allowance</p></li><li><p>1 day of paid leave per month</p></li><li><p>1 day of birthday leave (if your birthday falls during the internship)</p></li><li><p>Engage in our diverse training programs which surely help strengthen both your personal and professional skills</p></li></ul>','<ul><li><p>Assist in delivery and receiving insurance related documents (Marsh Insurance, Social/ Health/ Unemployment insurances).</p></li><li><p>Responsible for HRS part on onboarding process (instruct new hired to fill in and submit P-files).</p></li><li><p>Responsible for employees\' profile, labour contract.</p></li><li><p>Consult associates for HR topic at the HRS counter and by email (such as welfare, dependent, social insurance, payslip...)</p></li><li><p>Support to input data for monthly salary period.</p></li><li><p>E-file and P-file projects</p></li><li><p>Other assignment from supervisor</p></li></ul>','<ul><li><p>Under-graduate students, can join full-time internship in 6 months. Working day: Monday-Friday</p></li><li><p>Majoring in Business English or Business Administration with a strong interest in Human Resources</p></li><li><p>No prior work experience required; active participation in school/social activities is a plus</p></li><li><p>Fluent in English and Vietnamese.</p></li><li><p>Proficient in Microsoft Office (Word, Excel, PowerPoint).</p></li><li><p>Interpersonal skills, Time Management skill, Task management skill, Presentation skills.</p></li><li><p>Eyes for details and good organization skills.</p></li><li><p>High sense of disciplinary and confidentiality, able to work in multicultural teams.</p></li><li><p>Can-do attitude, urge in learning and development.</p></li></ul>','8:30 - 17:30 thứ T2 đến T6, nghỉ T7, CN',1,1,'2024-07-07 04:58:49.567','2030-07-17 17:00:00.000',1,0,1,'2024-07-07 14:58:50',NULL,'2024-07-07 14:58:50',NULL),(57,19,70,'Internal Control Officer',0,0,NULL,0,4,'','[{\"cityId\": 79, \"address\": [{\"data\": \"364 Đ. Cộng Hòa\", \"districtId\": null, \"districtName\": \"Quận Tân Bình\"}], \"cityName\": \"Hồ Chí Minh\"}]',3,2,0,'<p><em>Because we do not just follow trends, we </em><strong><em>create </em></strong><em>them. Together we turn ideas into reality, working every day to make the world of tomorrow a better place. Do you have high standards when it comes to your job? So do we. At Bosch, you will discover more than just work.</em></p><p><strong><em>Benefits and Career Opportunities</em></strong></p><ul><li><p><em>Working in one of the </em><strong><em>Best Places to Work</em></strong><em> in Vietnam and Top 30 of the </em><strong><em>Most Innovative Companies </em></strong><em>all over the world</em></p></li><li><p><em>Join in a dynamic and fast-growing global company (</em><strong><em>English-speaking</em></strong><em> environment), with opportunity to work in global projects and being a part of innovation team contributing initiative ideas to the hi-tech world</em></p></li><li><p><strong><em>Onsite opportunities</em></strong><em>: short-term and long-term assignments in worldwide offices</em></p></li><li><p><em>Engage in our </em><strong><em>diverse training</em></strong><em> programs which surely help strengthen both your personal and professionalism</em></p></li><li><p><strong><em>13th-month</em></strong><em> salary bonus + attractive </em><strong><em>performance bonus</em></strong><em> (you\'ll love it!) + annual performance appraisal</em></p></li><li><p><strong><em>100% offered salary</em></strong><em> and mandatory </em><strong><em>social insurances</em></strong><em> in 2-month probation</em></p></li><li><p><strong><em>15++ days</em></strong><em> of annual leave + 1-day of birthday leave</em></p></li><li><p><em>Premium health insurance for employee and </em><strong><em>02 family members</em></strong></p></li><li><p><strong><em>Flexible </em></strong><em>working time and working model</em></p></li><li><p><em>Lunch and parking allowance</em></p></li></ul><p><em>Good benefits of company activities such as: football, badminton, yoga, Aerobic, team building...</em></p>','<p><strong>Internal Control</strong></p><ul><li><p>Conducting timely monitoring procedures as per risk assessment mitigation plan, reporting of findings and monitoring of measure closure.</p></li><li><p>Shaping and steering an adequate, effective, efficient Internal Control System (ICS)</p></li><li><p>Providing methodical support to identify and mitigate risks at stake holder departments</p></li><li><p>Promoting the standardization and enhancement of ICS processes, methods, and IT tools</p></li><li><p>Fostering a risk-oriented control approach, that balances risk coverage with related control costs</p></li><li><p>Acting as liaison between C/ICS initiatives and BGSW corporate functions for knowledge dissemination</p></li></ul><p><strong>Risk Treatment Management</strong></p><ul><li><p>Capture and assess identified risks.</p></li><li><p>Develop suitable treatment strategies for captured risks.</p></li><li><p>Ensure the implementation of the treatment strategies that have been developed.</p></li><li><p>Determine the resources needed for risk treatment and coordinate with the responsible managers.</p></li><li><p>Regularly inform and coordinate on the status of relevant risks with relevant officeholders and roles, in particular with OE management and RMO.</p></li></ul><p><strong>Act as Export Control Officer: </strong>Conduct minimum export control check as regulated on Bosch’s central directive:</p><ul><li><p>Sanctioned Party List Screening</p></li><li><p>Sensitive End Use</p></li><li><p>Procurement in Embargo Countries</p></li><li><p>Machinery and Equipment (MAE)</p></li><li><p>Use of NLAG, Dummy Numbers</p></li><li><p>Trading and Brokering Transactions</p></li></ul>','<ul><li><p>Good communication in both English &amp; Vietnamese, analytical skills with problem solving attitude</p></li><li><p>Bachelor\'s degree in Auditing/Finance/Business Administration or equivalent practical experience</p></li><li><p>Ability to plan and organize the work in order to meet target set</p></li><li><p>Adaptable and able to multi-task in a fast paced environment</p></li><li><p>Experience in motivating, leading, and creating an effective team environment</p></li><li><p>At least 3-4 years experience in similar position</p></li></ul>','Thứ 2 - Thứ 6 (từ 08:00 đến 17:00)',0,5,'2024-07-03 15:00:58.471','2030-07-17 17:00:00.000',1,0,1,'2024-07-07 15:00:59',NULL,'2024-07-08 16:41:36',NULL),(58,19,91,'Payable Accountant',0,0,NULL,0,1,'','[{\"cityId\": 79, \"address\": [{\"data\": \"364 Đ. Cộng Hòa\", \"districtId\": null, \"districtName\": \"Quận Tân Bình\"}], \"cityName\": \"Hồ Chí Minh\"}]',1,0,0,'<ul><li><p><strong>Working in one of the Best Places to Work in Vietnam and Top 30 of the Most Innovative Companies all over the world</strong></p></li><li><p>Join a dynamic and fast growing global company (English-speaking environment)</p></li><li><p>13th-month salary bonus + attractive performance bonus (you\'ll love it!) + annual performance appraisal</p></li><li><p>100% monthly salary and mandatory social insurances in 2-month probation</p></li><li><p>Onsite opportunities: short-term and long-term assignments</p></li><li><p>15++ days of annual leave + 1 day of birthday leave</p></li><li><p>Premium health insurance for employee and 02 family members</p></li><li><p>Flexible working time</p></li><li><p>Lunch and parking allowance</p></li><li><p>Various training on hot-trend technologies/ foreign language (English/Chinese/Japanese) and soft-skills</p></li><li><p>Fitness &amp; sport activities: football, badminton, yoga, Aerobic</p></li><li><p>Free in-house entertainment facilities and snack</p></li><li><p>Join in various team building, company trip, year-end party, tech talks and a lot of charity events</p></li></ul>','<ul><li><p>Work closely with SAP system to support other Bosch entities for their Accounting processes.</p></li><li><p>Key function with scope: AR, AP</p></li><li><p>Chance to rotate within team: Inter-company transactions, fixed assets, GL and closing.</p></li><li><p>Report directly to Accounting Team Leader</p></li></ul>','<ul><li><p><strong>Proficient in English</strong></p></li><li><p><strong>Korean from TOPIK level 4 or requivalent</strong></p></li><li><p><strong>Good accounting knowledge with 2-6 years of experience</strong></p></li><li><p>Well versed in using office applications</p></li><li><p>Experience with SAP system is a MUST</p></li><li><p>Confidence level to discuss and understand customer\'s requirements</p></li></ul>','8:30 - 17:30 thứ T2 đến T6, nghỉ T7, CN',0,3,'2024-06-29 15:22:22.336','2030-07-17 17:00:00.000',1,0,1,'2024-07-07 15:20:23',NULL,'2024-07-07 15:20:23',NULL),(59,19,22,'SAP FI Supporter',0,0,NULL,0,1,'','[{\"cityId\": 79, \"address\": [{\"data\": \"364 Đ. Cộng Hòa\", \"districtId\": null, \"districtName\": \"Quận Tân Bình\"}], \"cityName\": \"Hồ Chí Minh\"}]',2,0,0,'<ul><li><p><strong>Working in one of the Best Places to Work in Vietnam and Top 30 of the Most Innovative Companies all over the world</strong></p></li><li><p>Join in a dynamic and fast-growing global company (English-speaking environment), with opportunity to work in global projects and being a part of innovation team contributing initiative ideas to the hi-tech world</p></li><li><p>Onsite opportunities: short-term and long-term assignments in worldwide offices</p></li><li><p>Engage in our diverse training programs which surely help strengthen both your personal and professionalism</p></li><li><p>13th-month salary bonus + attractive performance bonus (you\'ll love it!) + annual performance appraisal</p></li><li><p>100% offered salary and mandatory social insurances in 2-month probation</p></li><li><p>15++ days of annual leave + 1-day of birthday leave</p></li><li><p>Premium health insurance for employee and 02 family members</p></li><li><p>Flexible working time and working model</p></li><li><p>Lunch and parking allowance</p></li><li><p>Good benefits of company activities such as: football, badminton, yoga, Aerobic, team building...</p></li></ul>','<ul><li><p>Provide functional support for SAP S/4HANA system, including troubleshooting issues and resolving tickets in a timely manner.</p></li><li><p>Collaborate with cross-functional teams to identify system requirements and implement solutions to meet business needs.</p></li><li><p>Perform testing and documentation for enhancements, upgrades, and patches.</p></li><li><p>Monitor system performance and proactively identify areas for improvement, recommending and implementing solutions as needed.</p></li><li><p>Create documentation to support end-users in utilizing the SAP S/4HANA system effectively.</p></li><li><p>Stay up-to-date with the latest SAP technologies and best practices to ensure continuous improvement of the system.</p></li></ul>','<ul><li><p><strong>Bachelor\'s degree in Finance &amp; Accounting, Commerce, Information Systems, or a related field.</strong></p></li><li><p><strong>Minimum of 2 years of experience in SAP S/4HANA support or implementation.</strong></p></li><li><p>Strong understanding of SAP S/4HANA modules and functionalities, including Finance, Supply Chain, and Manufacturing.</p></li><li><p>Excellent problem-solving and analytical skills, with the ability to troubleshoot complex issues and implement effective solutions.</p></li><li><p>Strong communication and interpersonal skills, with the ability to collaborate effectively with cross-functional teams.</p></li><li><p>SAP certification(s) in relevant modules is a plus.</p></li><li><p>Experience with SAP Fiori, SAP Solution Manager, and other SAP tools and technologies is preferred.</p></li><li><p>Exposure to End to end business processes &amp; strong /proven SAP knowledge</p></li><li><p>Flexibility to work in different time zones as and when required to meet customer demands</p></li><li><p>Willing to travel to other Bosch entities on project assignments</p></li></ul>','8:30 - 17:30 thứ T2 đến T6, nghỉ T7, CN',0,6,'2024-07-01 15:21:51.211','2030-07-17 17:00:00.000',1,0,1,'2024-07-07 15:21:51',NULL,'2024-07-07 15:21:51',NULL),(60,20,62,'Nhân Viên Tư Vấn Tuyển Sinh - Hà Nội - (Toàn Quốc) - Có Đào Tạo, Thu Nhập Upto 25tr/Tháng',0,25000000,NULL,0,1,'','[{\"cityId\": 1, \"address\": [{\"data\": \"96 Hai Bà Trưng, Cửa Nam\", \"districtId\": null, \"districtName\": \"Quận Hoàn Kiếm\"}, {\"data\": \"Số 6 Nguyễn Thị Thập, KDT Trung hòa nhân chính\", \"districtId\": null, \"districtName\": \"Quận Cầu Giấy\"}, {\"data\": \"23, LÔ TT-01, Khu đô thị Mon City, đường Hàm Nghi\", \"districtId\": null, \"districtName\": \"Quận Nam Từ Liêm\"}], \"cityName\": \"Hà Nội\"}, {\"cityId\": 79, \"address\": [{\"data\": \"Lầu 4, 19 Cao Thắng, Phường 2\", \"districtId\": null, \"districtName\": \"Quận 3\"}, {\"data\": \"98 Đường số 17A, Phường Bình Trị Đông B\", \"districtId\": null, \"districtName\": \"Quận Bình Tân\"}, {\"data\": \"366A4 Phan Văn Trị, Phường 5\", \"districtId\": null, \"districtName\": \"Quận Gò Vấp\"}, {\"data\": \"Tầng 5, Lotte Mart Phú Thọ, 968 đường 3/2, Phường 15\", \"districtId\": null, \"districtName\": \"Quận 11\"}], \"cityName\": \"Hồ Chí Minh\"}]',10,1,1,'<p><strong>Lương cứng từ 6,000,000đ - 8,000,000đ/tháng (không phụ thuộc KPI) + Phụ cấp năng lực theo thứ hạng K (500,000đ - 6,000,000 đ/tháng) + Phụ cấp năng suất (1,000,000đ/tháng) + % hoa hồng (2% - 7%) + Thưởng nóng thành tích kinh doanh. Thu nhập trung bình lên tới 25 triệu/tháng.</strong></p><ul><li><p><strong>Thử việc 02 tháng hưởng 100% lương chính thức. Phụ cấp năng lực được đánh giá lại sau 02 tháng/lần</strong></p></li><li><p>Đuợc đóng BHXH, BHYT, BHTN đầy đủ theo chế độ của Nhà nước.</p></li><li><p><strong>Được cho con học miễn phí các khóa học công nghệ tại TEKY</strong></p></li><li><p>Được làm việc trong môi trường Giáo dục năng động, chuyên nghiệp, cơ sở vật chất hiện đại.</p></li><li><p>Lương tháng thứ 13, thưởng tháng, thưởng quý, thưởng nóng theo thành tích kinh doanh.</p></li><li><p><strong>Team building theo Quý, chế độ du lịch, nghỉ mát 1 lần/ năm.</strong></p></li><li><p>Thường xuyên tham gia các buổi đào tạo kĩ năng chuyên môn và kiến thức sản phẩm hàng tháng</p></li><li><p>Được học hỏi, trau dồi kiến thức về kinh doanh và bán hàng</p></li><li><p>Được rèn luyện kỹ năng đánh giá Target và Insight khách hàng.</p></li><li><p><strong>Được trang bị công nghệ hiện đại: hệ thống quản trị khách hàng “hỏi là có thông tin”, được huấn luyện kỹ lưỡng, liên tục.</strong></p></li><li><p><strong>Được cung cấp hàng ngày nguồn học viên dồi dào, không hạn chế, từ nhiều kênh.</strong></p></li></ul>','<ul><li><p>Tiếp nhận, xử lý danh sách khách hàng tiềm năng từ các hoạt động, chiến dịch Marketing để chuyển đổi thành khách hàng.</p></li><li><p>Thực hiện cuộc gọi giới thiệu và tư vấn trực tiếp. Chốt sale và hoàn thành mục tiêu doanh số.</p></li><li><p>Thuyết phục khách hàng là các phụ huynh đăng kí trải nghiệm và ghi danh các sản phẩm, khóa học dành cho trẻ em của Công ty.</p></li><li><p>Báo cáo lên các cấp quản lý về nhu cầu, vấn đề, mối quan tâm của khách hàng; hoạt động của đối thủ cạnh tranh và tiềm năng trong việc phát triển kinh doanh sản phẩm/dịch vụ</p></li><li><p>Các công việc khác theo yêu cầu của ban lãnh đạo.</p></li></ul>','<ul><li><p><strong>Sinh viên năm cuối đang chờ bằng hoặc tốt nghiệp tại các trường Trung cấp/Cao đẳng/Đại học khối ngành: Kinh tế, Quản trị Kinh doanh, Tài chính, Marketing,....</strong></p></li><li><p><strong>Yêu thích công việc tư vấn, chăm sóc khách hàng.</strong></p></li><li><p><strong>Đã có kinh nghiệm làm Bán hàng/Tư vấn/CSKH tại các trung tâm Tin học/Toán học/Tiếng Anh... thuộc lĩnh vực giáo dục là 1 lợi thế.</strong></p></li><li><p>Giọng nói chuẩn. Nhạy bén với các cơ hội kinh doanh, ưu tiên những bạn đạt được thành tích trong công việc (Best sellers, nhân viên xuất sắc nhất tháng/quý/năm...)</p></li><li><p>Có ý thức không ngừng nâng cao trình độ bằng việc tham gia các workshop, seminar, hội thảo,...Chịu được áp lực về mặt doanh thu, telesales...</p></li><li><p>Sẵn sàng cống hiến hết mình để có thu nhập cao, ổn định.</p></li><li><p>Có laptop cá nhân và không ngại làm cuối tuần.</p></li><li><p>Có thể làm online tại nhà trong thời kì dịch bệnh đối với các ứng viên ở tỉnh.</p></li><li><p>Thời gian làm việc: Đăng ký theo ca, 44h/tuần tương đương 6 ca làm việc.</p></li></ul><p>- Thứ 2: Off (cố định)</p><p>- Thứ 3: 13h00-17h00 (Cố định)</p><p>- Thứ 4 - Thứ 6: Đăng ký 1 trong 2 ca</p><p>◦ Ca 1: 09h00 - 18h00 (Nghỉ trưa 1 tiếng)</p><p>◦ Ca 2: 13h00 - 21h00</p><p>- Lịch cuối tuần: Thứ 7 &amp; CN: 09h00 - 18h00 (Nghỉ trưa 1 tiếng)</p>','8:30 - 17:30 thứ T2 đến T6, nghỉ T7, CN',0,1,'2024-07-07 05:39:46.092','2030-07-17 17:00:00.000',1,0,1,'2024-07-07 15:39:46',NULL,'2024-07-08 17:35:26',NULL),(61,20,37,'Nhân Viên Kinh Doanh Khoá Học Công Nghê, Chấp Nhận Sinh Viên Đang Chờ Bằng. Thu Nhập Upto 25M++/Tháng [Hoàn Kiếm/Cầu Giấy/Hà Đông]',6000000,0,NULL,0,1,'','[{\"cityId\": 1, \"address\": [{\"data\": \"Tòa nhà Machino Plaza, Số 10 Trần Phú, Mộ Lao\", \"districtId\": null, \"districtName\": \"Quận Hà Đông\"}, {\"data\": \"Số 96 Hai Bà Trưng, Cửa Nam\", \"districtId\": null, \"districtName\": \"Quận Hoàn Kiếm\"}], \"cityName\": \"Hà Nội\"}]',3,0,0,'<ul><li><p>Lương cứng trung bình <strong>(6,000,000đ – 8,000,000 đ/tháng</strong>, thỏa thuận theo năng lực) + Phụ cấp năng lực theo hệ số K <strong>(500,000 đ – 6,000,000 đ/tháng</strong>) + Phụ cấp năng suất<strong><u> 1.000.000 </u>đ/tháng</strong> + <strong>% </strong>hoa hồng + <strong>Thưởng</strong> thành tích kinh doanh. Thu nhập trung bình lên tới <strong>20 – 25 triệu/tháng</strong>.</p></li><li><p>Thử việc 02 tháng hưởng 100% mức lương chính thức. Phụ cấp năng lực được đánh giá lại sau 02 tháng/lần.</p></li><li><p>Được đóng BHXH, BHYT, BHTN đầy đủ theo chế độ của Nhà nước.</p></li><li><p>Con CBNV được học miễn phí tại TEKY</p></li><li><p>Được làm việc trong môi trường Giáo dục năng động, chuyên nghiệp, cơ sở vật chất hiện đại.</p></li><li><p>Lương tháng thứ 13, thưởng tháng, thưởng quý, thưởng nóng theo thành tích kinh doanh.</p></li><li><p>Team building theo Quý, chế độ du lịch, nghỉ mát 1 lần/ năm.</p></li><li><p>Thường xuyên tham gia các buổi đào tạo kỹ năng chuyên môn và kiến thức sản phẩm hàng tháng</p></li><li><p>Được học hỏi, trau dồi kiến thức về kinh doanh và bán hàng</p></li><li><p>Được rèn luyện kỹ năng đánh giá Target và Insight khách hàng.</p></li><li><p>Lộ trình thăng tiến rõ ràng, cơ hội lên cấp quản lý kinh doanh</p></li></ul>','<ul><li><p>Tiếp nhận, xử lý danh sách khách hàng tiềm năng từ các hoạt động, chiến dịch Marketing để chuyển đổi thành khách hàng.</p></li><li><p>Thực hiện cuộc gọi giới thiệu và tư vấn trực tiếp. .</p></li><li><p>Thuyết phục khách hàng là các phụ huynh đăng ký trải nghiệm và ghi danh các sản phẩm, khóa học công nghệ dành cho trẻ em của Công ty.</p></li><li><p>Chăm sóc và tư vấn tái tục cho các phụ huynh đang sử dụng dịch vụ.</p></li><li><p>Tham gia các hoạt động sự kiện, hội thảo nhằm giới thiệu khóa học cho phụ huynh mới và chăm sóc phụ huynh/ học viên đang học</p></li><li><p>Các công việc khác theo yêu cầu của ban lãnh đạo.</p></li><li><p>Thời gian làm việc: 44h/tuần. Nghỉ thứ 2 và sáng thứ 3. Làm việc từ chiều thứ 3 - Chủ nhật, Ca linh hoạt ( 09h - 18h và 13h - 21h, không bắt buộc làm ca tối)</p></li></ul>','<ul><li><p>Sinh viên năm cuối đang chờ bằng hoặc tốt nghiệp tại các trường Trung cấp/Cao đẳng/Đại học khối ngành: Kinh tế, Quản trị Kinh doanh, Tài chính, Marketing,....</p></li><li><p>Yêu thích công việc tư vấn, chăm sóc khách hàng.</p></li><li><p>Đã có kinh nghiệm làm Bán hàng/Tư vấn/CSKH tại các trung tâm Tin học/Toán học/Tiếng Anh... thuộc lĩnh vực giáo dục là 1 lợi thế.</p></li><li><p>Giọng nói chuẩn. Nhạy bén với các cơ hội kinh doanh, ưu tiên những bạn đạt được thành tích trong công việc (Best sellers, nhân viên xuất sắc nhất tháng/quý/năm...)</p></li><li><p>Có ý thức không ngừng nâng cao trình độ bằng việc tham gia các workshop, seminar, hội thảo,...Chịu được áp lực về mặt doanh thu, telesales...</p></li><li><p>Sẵn sàng cống hiến hết mình để có thu nhập cao, ổn định.</p></li><li><p>Có laptop cá nhân và không ngại làm cuối tuần.</p></li></ul>','',0,1,'2024-07-07 01:49:43.148','2030-07-17 17:00:00.000',1,0,1,'2024-07-07 15:49:43',NULL,'2024-07-07 15:49:43',NULL),(62,20,37,'Cộng Tác Viên Vận Hành Lớp Học Part - Time [Hà Nội] - Thu Nhập 2-4 Triệu ',2000000,4000000,NULL,1,0,'','[{\"cityId\": 1, \"address\": [{\"data\": \"Tòa nhà Machino Plaza, Số 10 Trần Phú, Mộ Lao\", \"districtId\": null, \"districtName\": \"Quận Hà Đông\"}, {\"data\": \"Tầng 3, Toà Nhà Thanh Chân, Số 6 Nguyễn Thị Thập Trung Hòa Nhân Chính\", \"districtId\": null, \"districtName\": \"Quận Cầu Giấy\"}], \"cityName\": \"Hà Nội\"}]',5,2,0,'<ul><li><p>Lương hỗ trợ: 20,000đ/giờ, trung bình 3 – 4 triệu/tháng</p></li><li><p>Được tham gia Team building theo Quý, thường xuyên tham gia các buổi đào tạo kĩ năng chuyên môn và bổ sung kỹ năng mềm.</p></li><li><p>Được làm việc trong môi trường Giáo dục năng động, chuyên nghiệp, cơ sở vật chất hiện đại.</p></li><li><p>Cơ hội làm việc trực tiếp tham gia các dự án giáo dục mang tính quốc tế cao, có sự tham gia của các doanh nghiệp hàng đầu về giáo dục và công nghệ tại Mĩ, Hàn Quốc, Nhật Bản ...</p></li><li><p>Được đào tạo về tư duy quản lý, sáng tạo, phát triển năng lực liên quan</p></li></ul>','<ul><li><p>Hỗ trợ tổ chức, sắp xếp lịch học, lịch giảng dạy của các học viên, giảng viên.</p></li><li><p>Quản lý thời gian và theo dõi tình hình chất lượng vận hành lớp học; xử lý các vấn đề phát sinh.</p></li><li><p>Thực hiện công tác chăm sóc phụ huynh: tiếp nhận, trao đổi thông tin; Phản hồi câu hỏi, yêu cầu hoăc các vấn đề từ Học sinh, Phụ huynh.</p></li><li><p>Chuẩn bị tài liệu học tập và cơ sở vật chất cần thiết cho lớp học.</p></li><li><p>Quản lý kho thiết bị học tập. Gửi tình hình học tập của học sinh cho phụ huynh theo định kì.</p></li><li><p>Làm việc theo ca: Sáng, chiều hoặc tối</p></li></ul>','<ul><li><p>Sinh viên đang theo học các trường Đại học, Cao Đẳng, Trung Cấp,... chuyên ngành kinh tế, sư phạm, quản trị nguồn nhân lực, công nghệ thông tin, luật,..hoặc các nghành nghê liên quan.</p></li><li><p>Nhanh nhẹn, sử dụng máy tính tốt.</p></li><li><p>Giao tiếp linh hoạt, chăm chỉ, cầu tiến.</p></li><li><p>Có kinh nghiệm làm trong môi trường giáo dục là lợi thế</p></li><li><p>Có Laptop cá nhân, làm được cuối tuần.</p></li></ul>','8:30 - 17:30 thứ T2 đến T6, nghỉ T7, CN',0,0,'2024-06-30 15:51:56.183','2030-07-17 17:00:00.000',1,0,1,'2024-07-07 15:51:57',NULL,'2024-07-16 10:19:05',NULL),(63,20,16,'Trưởng Phòng Kinh Doanh Giáo Dục [Hà Nội/ Hồ Chí Minh/ Quảng Ninh/ Hải Phòng/ Bình Dương] - Thu Nhập Upto 40Tr/Tháng, Nhiều Đãi Ngộ Hấp Dẫn',0,0,NULL,0,4,'','[{\"cityId\": 1, \"address\": [{\"data\": \"Headoffice: Tầng 5, tòa MAC Plaza, số 10 Trần Phú\", \"districtId\": null, \"districtName\": \"Quận Hà Đông\"}], \"cityName\": \"Hà Nội\"}]',3,0,0,'<p><strong>Thu nhập: Lương Cứng (10 triệu - 14 triệu/tháng, thỏa thuận theo năng lực) + Phụ cấp năng lực theo thứ hạng K ( 4 triệu – 15 triệu/tháng) + % hoa hồng + Thưởng thành tích kinh doanh (Thưởng nóng/Thưởng Quý). Thu nhập lên tới 40 triệu/tháng</strong></p><ul><li><p>Được làm việc cùng đội ngũ số 1 Việt Nam trong mảng STEAM cho K12: nhân sự tại TEKY là những người đang tạo và dẫn dắt xu hướng STEAM cho K12 ở Việt Nam</p></li><li><p><strong>Thu nhập cạnh tranh: lương, thưởng theo kết quả công việc, có cơ hội ESOP.</strong></p></li><li><p><strong>Được cho con học miễn phí các khóa học công nghệ tại TEKY</strong></p></li><li><p>Thưởng lễ tết, thưởng tháng 13 theo quy định và kết quả kinh doanh của công ty</p></li><li><p>Được đóng BHXH, BHYT, BHTN và các chế độ khác theo quy định hiện hành.</p></li><li><p>Được làm việc trong môi trường Giáo dục năng động, chuyên nghiệp, cơ sở vật chất hiện đại.</p></li><li><p><strong>Được đi du lịch ít nhất 1 lần 1 năm, liên tục tham gia Teambuilding</strong></p></li><li><p><strong>Cơ hội làm việc trực tiếp tham gia các dự án giáo dục mang tính quốc tế cao, có sự tham gia của các doanh nghiệp hàng đầu về giáo dục và công nghệ tại Mĩ, Hàn Quốc, Nhật Bản ...</strong></p></li><li><p>Được đào tạo bài bản về quản trị kinh doanh, mô hình chuỗi và các ứng dụng công nghệ quản trị.</p></li><li><p>Hưởng các chế độ khác ngoài lương theo định kỳ hoặc không định kỳ.</p></li></ul>','<p><strong>Quản lý, phân công thực hiện công việc và chịu trách nhiệm trước Ban lãnh đạo về hoạt động kinh doanh, nhân sự , vận hành của toàn trung tâm/dự án sản phẩm:</strong></p><ul><li><p>Phát triển chiến lược, định hướng kinh doanh, sản phẩm và các vấn đề liên quan.</p></li><li><p>Chịu trách nhiệm về hiệu quả kinh doanh và kế hoạch doanh số của đội ngũ Tư vấn tuyển sinh</p></li><li><p>Hổ trợ, đào tạo và theo sát đội ngũ chuyên viên tư vấn khi cần để giải quyết vấn đề và đảm bảo tiến độ công việc.</p></li><li><p>Trực tiếp phụ trách các khách hàng quan trọng.</p></li><li><p>Tuyển dụng, đào tạo, quản lý, phát triển đội ngũ nhân sự kinh doanh.</p></li><li><p>Báo cáo trực tiếp cho Giám Đốc Kinh Doanh theo lịch báo cáo đề ra.</p></li><li><p>Quản lý, lên lịch và kết hợp với đội ngũ Marketing hội sở tổ chức các sự kiện offline nhằm tạo ra được lượng khách hàng xung quanh trung tâm.</p></li><li><p>Tổ chức, sắp xếp lịch khai giảng mới các lớp học hàng tháng.</p></li><li><p>Các công việc khác theo yêu cầu từ cấp trên.</p></li></ul><p><strong>Thời gian làm việc: Đăng ký theo ca, 44h/tuần tương đương 6 ca làm việc.</strong></p><p>- Thứ 2: Off</p><p>- Thứ 3: 13h00-17h00</p><p>- Thứ 4 - Thứ 6: Đăng ký 1 trong 2 ca</p><p>◦ Ca 1: 09h00 - 18h00</p><p>◦ Ca 2: 13h00 - 21h00</p><p>- Lịch cuối tuần: Thứ 7 &amp; CN: 9h00 -18h00 (Nghỉ trưa 1 tiếng)</p>','<ul><li><p><strong>Có ít nhất 1 năm kinh nghiệm trong lĩnh vực dịch vụ giáo dục.</strong></p></li><li><p><strong>Tối thiểu 2 năm kinh nghiệm làm việc ở vị trí tương đương.</strong></p></li><li><p>Tốt nghiệp Cao đẳng/Đại học trở lên.</p></li><li><p><strong>Có kỹ năng quản lý, điều hành, giao tiếp, đàm phán, thuyết trình, đào tạo, huấn luyện tốt.</strong></p></li><li><p>Kỹ năng lập kế hoạch, tổ chức và giám sát công việc</p></li><li><p>Kỹ năng tư duy/phân tích/tổng hợp</p></li><li><p>Kỹ năng sale tốt</p></li><li><p>Chủ động và sáng tạo trong công việc</p></li><li><p>Nhiệt tình và có trách nhiệm cao, không ngại làm cuối tuần</p></li></ul>','8:30 - 17:30 thứ T2 đến T6, nghỉ T7, CN',0,7,'2024-07-02 15:53:58.845','2030-07-17 17:00:00.000',1,0,1,'2024-07-07 21:53:59',NULL,'2024-07-07 15:53:59',NULL),(64,20,59,'Trợ Giảng/ Gia Sư/ Giáo Viên Part-Time [Hà Nội - Long Biên - Hoàn Kiếm]/Hải Phòng - Ưu Tiên Sinh Viên Ngành CNTT, Thiết Kế, Điện Tử Viễn Thông',3000000,6000000,NULL,1,0,'','[{\"cityId\": 1, \"address\": [{\"data\": \"Tòa nhà Machino Plaza, Số 10 Trần Phú, Mộ Lao\", \"districtId\": null, \"districtName\": \"Quận Hà Đông\"}, {\"data\": \"Số 23, Lô TT-01, Khu đô thị Mon City, đường Hàm Nghi,\", \"districtId\": null, \"districtName\": \"Quận Nam Từ Liêm\"}], \"cityName\": \"Hà Nội\"}]',3,2,1,'<ul><li><p>Thu nhập trung bình từ 2 – 5 triệu/tháng</p></li><li><p>Công việc lành mạnh, văn hoá doanh nghiệp giàu bản sắc</p></li><li><p>Cơ hội làm việc trực tiếp tham gia các dự án giáo dục mang tính quốc tế cao, có sự tham gia của các doanh nghiệp hàng đầu về giáo dục và công nghệ tại Mĩ, Hàn Quốc, Nhật Bản ...</p></li><li><p>Thường xuyên tham gia các buổi đào tạo kĩ năng chuyên môn và kiến thức sư phạm, công nghệ hàng tháng.</p></li><li><p>Được làm việc trong môi trường Giáo dục năng động, chuyên nghiệp, cơ sở vật chất hiện đại.</p></li><li><p>Cơ chế đặc biệt khi hoàn thành nhiệm vụ.</p></li></ul>','<p><strong>Giáo viên dạy bộ môn Lập trình &amp; phát triển ứng dụng.</strong></p><ul><li><p>Tham gia giảng dạy (hoặc trợ giảng) lập trình, sử dụng các ngôn ngữ: Python, Scratch, HTML, Mobile App, JAVASCRIPT, JAVA.</p></li><li><p>Tham gia các buổi seminar, training.</p></li></ul><p><strong>Giáo viên giảng dạy bộ môn Điện tử tự động &amp; Robot.</strong></p><ul><li><p>Tham gia giảng dạy, trợ giảng đối với các môn học thuộc bộ môn điện tử – tự động hóa như: Lego Mindstorm, Arduino, Raspberry Pi...</p></li><li><p>Tham gia các buổi seminar, training.</p></li></ul><p><strong>Giáo viên giảng dạy bộ môn Công nghệ 3D &amp; Truyền thông đa phương tiện</strong></p><ul><li><p>Tham gia giảng dạy, soạn giáo án, dựng khung chương trình, trợ giảng đối với các môn học thuộc bộ môn vẽ tay 3D, In 3D, Quay phim, Làm phim, Nhiếp ảnh....</p></li><li><p>Tham gia các buổi seminar, training</p></li></ul>','<ul><li><p>Đang theo học, Tốt nghiệp Đại học các chuyên ngành Sư phạm, khoa công nghệ thông tin.</p></li><li><p>Là giảng viên đã và đang giảng dạy tại các trường cấp 1, cấp 2 bộ môn Tin học, Công nghệ thông tin.</p></li><li><p>Hoặc đang làm việc tại các công ty Truyền thông, Công nghệ thông tin.</p></li><li><p>Hoặc đang là sinh viên đang theo học khoa CNTT, Điện tử – tự động, mỹ thuật,.truyền thông đa phương tiện, ......... của các trường cao đẳng, đại học liên quan.</p></li></ul>','8:30 - 17:30 thứ T2 đến T6, nghỉ T7, CN',0,1,'2024-07-07 05:56:09.226','2030-07-17 17:00:00.000',1,0,1,'2024-07-07 15:56:10',NULL,'2024-07-16 10:18:07',NULL),(65,20,83,'Trưởng Nhóm Telesale [Hồ Chí Minh] - Thu Nhập 12 - 15M+',12000000,15000000,NULL,0,2,'','[{\"cityId\": 79, \"address\": [{\"data\": \"Tầng 2, Tòa nhà Park View Residence, số 152 Điện Biên Phủ, phường 25\", \"districtId\": null, \"districtName\": \"Quận Bình Thạnh\"}], \"cityName\": \"Hồ Chí Minh\"}]',1,0,0,'<ul><li><p><strong>Lương từ 12.000.000 -15.000.000 + Thưởng % Hoa Hồng + Phụ cấp năng lực</strong></p></li><li><p>Được đóng BHXH, BHYT, BHTN đầy đủ theo chế độ của Nhà nước.</p></li><li><p>Được làm việc trong môi trường Giáo dục năng động, chuyên nghiệp, cơ sở vật chất hiện đại.</p></li><li><p>Lương tháng thứ 13, thưởng tháng, thưởng quý, thưởng nóng theo thành tích kinh doanh.</p></li><li><p>Team building theo Quý, chế độ du lịch, nghỉ mát 1 lần/ năm.</p></li><li><p>Thường xuyên tham gia các buổi đào tạo kĩ năng chuyên môn và kiến thức sản phẩm hàng tháng</p></li><li><p>Được học hỏi, trau dồi kiến thức về kinh doanh và bán hàng</p></li><li><p>Được rèn luyện kỹ năng đánh giá Target và Insight khách hàng.</p></li><li><p>Con CBNV được học các khóa học công nghệ miễn phí tại Học viện</p></li><li><p>Được trang bị công nghệ hiện đại: hệ thống quản trị khách hàng “hỏi là có thông tin”, được huấn luyện kỹ lưỡng, liên tục.</p></li></ul>','<ul><li><p>Tuyển dụng, quản lý, tư vấn, đào tạo và giám sát đội ngũ Chuyên viên, Nhân viên, Cộng tác viên thuộc phạm vi quản lý</p></li><li><p>Xây dựng các kịch bản bán hàng kết hợp với phòng kinh doanh</p></li><li><p>Phát triển nguồn khách hàng, xây dựng mối quan hệ với đối tác cung cấp, khách hàng</p></li><li><p>Kiểm tra, đôn đốc, hỗ trợ công tác bán hàng của các thành viên đảm bảo tuân thủ chặt chẽ về số lượng cuộc gọi, chất lượng cuộc gọi, kịch bản theo kế hoạch</p></li><li><p>Kiểm tra, giám sát, thực hiện việc nghe cuộc gọi. Thực hiện các khóa đào tạo nội bộ để nâng cao kỹ năng telesale cho nhân viên.</p></li><li><p>Báo cáo với cấp trên về tiến độ và kết quả kinh doanh hàng tuần, hàng ngày theo yêu cầu của quản lý. Phân tích hiệu suất làm việc của nhân viên</p></li><li><p>Các công việc khác theo yêu cầu của ban lãnh đạo.</p></li></ul>','<ul><li><p>Tốt nghiệp Cao đẳng/Đại học khối kinh tế trở lên</p></li><li><p><strong>Ưu tiên có kinh nghiệm từ 1-2 năm</strong> ở vị trí quản lý đội nhóm từ ít nhất 5 nhân viên telesales/telemarketing hoặc các vị trí khác liên quan đến sales/chăm sóc khách hàng</p></li><li><p>Có máy tính phục vụ công việc và có khả năng sử dung các phần mềm quản trị khách hàng và hệ thống điện thoại</p></li><li><p>Có kĩ năng quản lý, giao tiếp và đàm phán, thuyết phục khách hàng; không bị ngọng và không bị chất giọng địa phương quá rõ.</p></li><li><p>Bình tĩnh, có khả năng xử lí các tình huống bị từ chối hoặc các vấn đề phát sinh.</p></li><li><p>Sẵn sàng cống hiến hết mình để có thu nhập cao, ổn định.</p></li><li><p><strong>Nơi làm việc:</strong> Teky Holding - Tầng 1, Tòa nhà Park View Residence, 152 Điện Biên Phủ, Phường 25, quận Bình Thạnh, TPHCM.</p></li></ul>','8:30 - 17:30 thứ T2 đến T6, nghỉ T7, CN',0,3,'2024-07-05 16:50:11.487','2030-07-17 17:00:00.000',1,0,1,'2024-07-07 16:50:12',NULL,'2024-07-07 16:50:12',NULL),(66,20,134,'Phó Giám Đốc Marketing (Lương Cơ Bản 35Tr - 45Tr/Tháng) [Hà Nội]',35000000,45000000,NULL,0,6,'','[{\"cityId\": 1, \"address\": [{\"data\": \"10 Trần Phú, Mộ Lao\", \"districtId\": null, \"districtName\": \"Quận Hà Đông\"}], \"cityName\": \"Hà Nội\"}]',1,0,0,'<ul><li><p>Mức lương cơ bản: 35 triệu - 45 triệu/tháng, thỏa thuận theo năng lực</p></li><li><p>Được hưởng đầy đủ các chế độ theo quy định của nhà nước (BHXH, BHYT, BHTN,...)</p></li><li><p>Tham gia môi trường văn hoá năng động, trẻ trung, cơ sở vật chất hiện đại; kết hợp giữa hai lĩnh vực công nghệ và giáo dục; đóng góp giá trị cho xã hội;</p></li><li><p>Cơ hội làm việc trực tiếp tham gia các dự án giáo dục mang tính quốc tế cao, có sự tham gia của các doanh nghiệp hàng đầu về giáo dục và công nghệ tại Mỹ, Hàn Quốc, Nhật Bản</p></li><li><p>Được tham gia vào các hoạt động đào tạo, workshop từ chuyên gia trong lĩnh vực, trong nước và quốc tế;</p></li><li><p>Làm việc trong đơn vị tiên phong, dẫn đầu xu thế về công nghệ giáo dục tại Việt Nam, góp phần thay đổi chất lượng đào tạo Công nghệ ở Việt Nam và nuôi dưỡng tài năng khởi nghiệp trong lĩnh vực Công nghệ trong tương lai</p></li><li><p>Được đi du lịch ít nhất 1 lần 1 năm, liên tục tham gia Teambuilding</p></li><li><p>Hưởng các chế độ khác ngoài lương theo định kỳ hoặc không định kỳ.</p></li><li><p>Con cán bộ nhân viên được học miễn phí 100% các khóa học công nghệ, lập trình tại trung tâm của công ty.</p></li></ul>','<ul><li><p>Xây dựng các giải pháp Marketing toàn diện nhằm thúc đẩy doanh thu: SEO, SEM, Email marketing, content marketing, và social media marketing.</p></li><li><p>Sử dụng các công cụ như AI Call bot, Affiliate, Automation marketing để nâng cao tỷ lệ chuyển đổi của các nguồn data marketing.</p></li><li><p>Tổ chức triển khai các hoạt động sự kiện indoor/outdoor dành cho khách hàng, đối tác phụ huynh nhằm thu hút khách hàng tiềm năng và phát triển thương hiệu</p></li><li><p>Nghiên cứu và phân tích đối thủ cạnh tranh.. để đưa ra chiến lược giá, tối ưu hoá lợi nhuận, thị phần, phát triển các chương trình khuyến mại, khuyến mãi và gia tăng sự hài lòng của khách hàng.</p></li><li><p>Phối hợp cùng các bộ phận chuyên môn, kinh doanh để triển khai các chiến dịch truyền thông bán hàng.</p></li><li><p>Có năng lực xây dựng và phát triển quan hệ đối tác hợp tác cross marketing</p></li><li><p>Theo dõi và quản lý ngân sách hiệu quả.</p></li><li><p>Các nhiệm vụ khác theo sự phân công của Ban Giám Đốc</p></li></ul>','<ul><li><p>Tốt nghiệp đại học chuyên ngành QTKD, Marketing, Ngoại thương, hoặc các ngành nghề khác có liên quan</p></li><li><p>Có ít nhất 3 năm kinh nghiệm từ vị trí Manager trở lên, ưu tiên ứng viên trong lĩnh vực giáo dục. Ưu tiên ứng viên có kinh nghiệm triển khai các sản phẩm liên quan đến lĩnh vực Edtech.</p></li><li><p>Đạt nhiều thành tựu trong việc tăng trưởng doanh thu và lợi nhuận.</p></li><li><p>Thành thạo trong việc sử dụng các công cụ công nghệ và phần mềm quản lý thông tin. Có khả năng phân tích và trình bày số liệu.</p></li><li><p>Có kiến thức về các phương pháp nghiên cứu thị trường, phân tích dữ liệu</p></li><li><p>Có kinh nghiệm triển khai Marketing tích hợp, đa kênh (online, offline, sự kiện, trade, PR, branding etc...)</p></li><li><p>Khả năng gắn kết tạo động lực đội nhóm, phát triển nhân sự mới.</p></li><li><p>Có laptop cá nhân. Không ngại làm cuối tuần</p></li><li><p>Thời gian làm việc: Làm việc theo ca sáng, chiều hoặc tối (tối thiểu 44h/tuần, 11 ca/tuần).</p></li><li><p>Ca sáng: 8h00 – 12h00; ca chiều: 13h00-1700; ca tối: 17h00-21h00.</p></li><li><p>Nghỉ 1,5 ngày/tuần, đăng kí theo tuần.</p></li></ul>','8:30 - 17:30 thứ T2 đến T6, nghỉ T7, CN',0,7,'2024-07-04 17:00:25.219','2030-07-17 17:00:00.000',1,0,1,'2024-07-07 11:00:26',NULL,'2024-07-07 17:00:26',NULL),(67,20,35,'Trưởng Nhóm Chăm Sóc Khách Hàng - Thu Nhập Upto 25M/Tháng [Hồ Chí Minh]',0,25000000,NULL,0,2,'','[{\"cityId\": 79, \"address\": [{\"data\": \"Tầng 2, Tòa nhà Park View Residence, số 152 Điện Biên Phủ, phường 25\", \"districtId\": null, \"districtName\": \"Quận Bình Thạnh\"}], \"cityName\": \"Hồ Chí Minh\"}]',1,1,1,'<ul><li><p>Lương cơ bản: <strong>18.000.000 đ - 25,000,000 đ/tháng</strong>, có thỏa thuận theo năng lực.</p></li><li><p>Thử việc 02 tháng, hưởng 85% lương chính thức.</p></li><li><p>Được làm việc cùng đội ngũ số 1 Việt Nam trong mảng STEAM cho khối mầm non và sau đó là K12: nhân sự tại TEKY là những người đang tạo và dẫn dắt xu hướng STEAM cho K12 ở Việt Nam</p></li><li><p>Được đóng BHXH, BHYT, BHTN đầy đủ theo chế độ của Nhà nước.</p></li><li><p>Được làm việc trong môi trường Giáo dục năng động, chuyên nghiệp, cơ sở vật chất hiện đại.</p></li><li><p>Thường xuyên tham gia các buổi đào tạo kỹ năng chuyên môn và kiến thức sản phẩm hàng tháng</p></li><li><p>Được trang bị công nghệ hiện đại: hệ thống quản trị khách hàng “hỏi là có thông tin”, được huấn luyện kỹ lưỡng, liên tục.</p></li><li><p>Lương tháng thứ 13, thưởng tháng, thưởng quý.</p></li><li><p>Team building theo Quý, chế độ du lịch, nghỉ mát 1 lần/năm</p></li><li><p>Con CBNV được học miễn phí các khóa học công nghệ tại học viện</p></li></ul>','<ul><li><p>Quản lý nhân viên, đào tạo và đảm bảo tiến độ và chất lượng CSKH của nhân viên.</p></li><li><p>Giải đáp thắc mắc, khiếu nại và phản hồi của phụ huynh một cách nhanh chóng và hiệu quả.</p></li><li><p>Tổ chức các cuộc họp phụ huynh định kỳ để cập nhật về tình hình học tập và phát triển của học sinh.</p></li><li><p>Tổ chức và điều phối các sự kiện, hội thảo, và hoạt động ngoại khóa nhằm gắn kết phụ huynh với các hoạt động của nhà trường..</p></li><li><p>Làm việc chặt chẽ với khối chuyên môn để nắm bắt tình hình học tập của học sinh và đưa ra các giải pháp hỗ trợ phù hợp</p></li><li><p>Thực hiện các khảo sát định kỳ để thu thập ý kiến phản hồi từ phụ huynh, từ đó cải thiện chất lượng dịch vụ và hỗ trợ học sinh. Báo cáo, phân tích và đề xuất cải tiến hiệu suất, chất lượng &amp; dịch vụ.</p></li><li><p>Tối ưu trải nghiệm của phụ huynh và học viên khi học tại các trung tâm học viện</p></li><li><p>Đảm bảo chỉ tiêu doanh số, tỷ lệ tái tục, tối ưu chỉ số học sinh trung bình/lớp ACS tại khu vực quản lý</p></li><li><p>Các công việc khác theo yêu cầu của cấp trên.</p></li></ul>','<ul><li><p>Tốt nghiệp đại học chuyên ngành Quản trị kinh doanh, Marketing, hoặc các chuyên ngành liên quan.</p></li><li><p>Ít nhất 1 năm kinh nghiệm quản lý làm việc trong lĩnh vực giáo dục hoặc quản lý quan hệ khách hàng.</p></li><li><p>Kỹ năng giao tiếp, thuyết trình, giải quyết vấn đề và đàm phán tốt.</p></li><li><p>Kỹ năng tổ chức, quản lý thời gian và giải quyết vấn đề tốt.</p></li><li><p>Kỹ năng lắng nghe, tư vấn và hỗ trợ phụ huynh và học sinh.</p></li><li><p>Thành thạo trong việc sử dụng các công cụ công nghệ và phần mềm quản lý thông tin. Có khả năng phân tích và trình bày số liệu.</p></li><li><p>Có laptop cá nhân. Không ngại làm cuối tuần</p></li><li><p>Thời gian làm việc: Làm việc theo ca sáng, chiều hoặc tối (tối thiểu 44h/tuần, 11 ca/tuần).</p></li><li><p>Ca sáng: <strong>8h00 – 12h00; ca chiều: 13h00 - 17h00; ca tối: 17h00 - 21h00.</strong></p></li><li><p>Nghỉ 1,5 ngày/tuần, đăng kí theo tuần.</p></li><li><p>Ưu tiên nghỉ trong tuần và đi làm cuối tuần</p></li></ul>','8:30 - 17:30 thứ T2 đến T6, nghỉ T7, CN',0,5,'2024-07-06 17:02:07.456','2030-07-17 17:00:00.000',1,0,1,'2024-07-07 17:02:08',NULL,'2024-07-08 17:18:19',NULL),(68,21,21,'Fresher Data Analyst ',0,0,NULL,0,0,'','[{\"cityId\": 1, \"address\": [{\"data\": \"Handico Tower, Phạm Hùng\", \"districtId\": null, \"districtName\": \"Quận Nam Từ Liêm\"}], \"cityName\": \"Hà Nội\"}]',1,0,0,'<ul><li><p>Được đào tạo on job training từ 3 tháng cùng mentor dày dặn kinh nghiệm</p></li><li><p>Nhận trợ cấp bằng tiền mặt hàng tháng theo năng lực lên tới 6.000.000 VNĐ</p></li><li><p>Được tham gia làm các dự án thương mại điện tử của các khách hàng quốc tế.</p></li><li><p>Cơ hội trở thành nhân viên sau khi hoành thành chương trình đào tạo.</p></li><li><p>Có cơ hội đi onsite tại Châu Âu, Úc, Singapore, Nhật Bản khi trở thành nhân viên chính thức.</p></li><li><p>Được làm trong môi trường Văn hóa chuyên nghiệp, trẻ trung và năng động.</p></li><li><p>Trải nghiệm công nghệ mới nhất về Thương mại điện tử.</p></li></ul>','<ul><li><p>Serve as in-territory lead for daily email, app push notification, and SMS campaign execution, including interpreting the strategy, generating audience lists in accordance with standard practices, setting and communicating expectations and timelines, organizing resources, assessing possible risks, managing the deliverables, and meeting all deadlines.</p></li><li><p><strong>Collaborate effectively with cross-functional business, brand and store partners throughout the execution of each campaign and inform marketers on which consumers and how many are likely to engage or convert.</strong></p></li><li><p><strong>Be a strategic partner to business team members to inform business strategy under the supervision and partnership with the Global Audience Selection team.</strong></p></li><li><p><strong>Create clear and structured work to clearly communicate significant insights to a non-technical audience.</strong></p></li><li><p><strong>Who you will work with: Will be supporting the APLA marketplace stakeholders (e.g., Marketing, Marketing Science, Operations, and other global/territory partners)</strong></p></li></ul>','<ul><li><p><strong>Bachelor\'s degree in Statistics, Business, Psychology, Economics, or a related quantitative field.</strong></p></li><li><p><strong>0-1 years of experience as a Data Analyst</strong></p></li><li><p><strong>Familiarity with SQL.</strong></p></li><li><p><strong>Strong proficiency in written English.</strong></p></li><li><p><strong>Highly detail-oriented.</strong></p></li></ul>','8:30 - 17:30 thứ T2 đến T6, nghỉ T7, CN',0,1,'2024-07-03 17:10:35.567','2030-07-17 17:00:00.000',1,0,1,'2024-07-07 17:10:36',NULL,'2024-07-07 17:10:36',NULL),(69,21,25,'Java Developer (Banking Project)',25000000,27000000,NULL,0,1,'','[{\"cityId\": 79, \"address\": [{\"data\": \" Tòa nhà Báo Tuổi Trẻ, 60A Hoàng Văn Thụ, Phường 9\", \"districtId\": null, \"districtName\": \"Quận Phú Nhuận\"}], \"cityName\": \"Hồ Chí Minh\"}]',3,13,3,'<ul><li><p>Attractive salary package</p></li><li><p>Salary review twice a year</p></li><li><p>Flexible working hour</p></li><li><p>Premium health care up to $3,000/year</p></li><li><p>Working in One of the largest Ecommerce Agencies in South East Asia – Professional English environment</p></li><li><p>Free English, Japanese and professional training packages</p></li><li><p>Firm’s Certified Qualifications Sponsorship for career development</p></li><li><p>Annual company trip inside or outside Vietnam</p></li><li><p>Other fun activities: happy hour, quarterly team building, football club, yoga club, swimming club, charity activities, etc.</p></li><li><p>Free entertainment parties: Birthday party, Anniversary party, Sum-up Party, Year-End Party, etc.</p></li></ul>','<ul><li><p>Collaborate with cross-functional teams to design and implement robust backend services.</p></li><li><p>Employ modern Java technologies to improve system performance, security, and scalability.</p></li><li><p>Maintain a clean codebase with adherence to industry best practices for upgradability and maintenance.</p></li><li><p>Contribute to code reviews and apply debugging skills to ensure system reliability.</p></li><li><p>Promote a team culture that values diversity, equity, inclusion, and respect.</p></li></ul>','<ul><li><p>Bachelor\'s degree in Computer Science, IT, or related field.</p></li><li><p>Minimum 3 years of experience with Java 8 or newer.</p></li><li><p>Strong background in Java core concepts, Object-Oriented Programming, data structures, and algorithms.</p></li><li><p>Expertise in the Spring Framework (Spring, Spring Boot, Spring Security, Spring JPA, etc.).</p></li><li><p>Extensive experience with SQL databases.</p></li><li><p>In-depth understanding of testing methodologies and frameworks.</p></li><li><p>Proficient with cloud services, especially AWS, and containerization technologies like Docker and Kubernetes.</p></li><li><p>Mastery of version control systems, such as Git and SVN.</p></li><li><p>Experience with build and project management tools: Maven, Gradle, Jira, Confluence, etc.</p></li><li><p>Demonstrated problem-solving skills and a continuous learning mindset when it comes to new technologies.</p></li><li><p>Strong leadership qualities with empathy, integrity, and commitment to team success.</p></li><li><p>Excellent communication and interpersonal skills, with fluency in English for both technical documentation and international collaboration.</p></li><li><p>Advanced knowledge of microservices architecture and event-driven systems, including a deep understanding of Kafka’s ecosystem.</p></li><li><p>Skilled in the setup of CI/CD pipelines, code analysis tools, and quality gates.</p></li><li><p>Knowledgeable in techniques for system performance evaluation and logging management tools.</p></li><li><p>Preferable experience in the banking or financial services sector.</p></li><li><p>This description ensures the Java Backend Team Leader role is complete and can be understood independently, emphasizing the leadership and advanced technical skills required for the position.</p></li></ul>','8:30 - 17:30 thứ T2 đến T6, nghỉ T7, CN',0,4,'2024-07-07 11:11:11.111','2030-07-17 17:00:00.000',1,0,1,'2024-07-01 17:11:57',NULL,'2024-07-08 18:25:14',NULL),(70,21,30,'IT System',0,0,NULL,0,1,'','[{\"cityId\": 1, \"address\": [{\"data\": \"Handico Tower, Phạm Hùng\", \"districtId\": null, \"districtName\": \"Quận Nam Từ Liêm\"}], \"cityName\": \"Hà Nội\"}]',2,1,0,'<p><em>At SmartOSC, we offer the best to your values</em></p><ul><li><p>Attractive salary package</p></li><li><p>Salary review is twice a year</p></li><li><p>Premium health care up to $3,000/year</p></li><li><p>Working with Magento\'s No. 1 partner in Vietnam in Professional English environment</p></li><li><p>Free English and Management training packages</p></li></ul>','<ul><li><p>Research and develop new IT solutions to reduce workload and make the system stronger.</p></li><li><p>Installation / testing / maintenance, / management of IT networks, systems, and development tools</p></li><li><p>Troubleshooting issues for assets, servers, and equipment (wifi, CCTV, and IoT devices)</p></li><li><p>Install software and support the environment\'s installation for the project.</p></li><li><p>Manage and improve the security of the system.</p></li><li><p>Helpdesk ticket service (JIRA) as well as supporting end users for troubleshooting issues</p></li></ul>','<ul><li><p>2-4 years of relevant technical experience</p></li><li><p>Good at network and system knowledge</p></li><li><p>Experience with firewalls (Fortigate, Checkpoint, Pfsense, etc.)</p></li><li><p>Experience with Windows and Linux OS (Ubuntu Server, CentOS, Rocky, etc.)</p></li><li><p>Experience with software development tools (Gitlab, Jira, and Confluence)</p></li><li><p>Experience with CI/CD tools (Jenkins, GitLab CI, Kubernetes)</p></li><li><p>Experience with Active Directory, LDAP, DNS, DHCP, mail servers, antivirus, data backup, virtualization platforms (VMWare Esxi, Proxmox, KVM), and containers (Docker, LXC).</p></li><li><p>Experience with monitoring tools (Nagios, LibreNMS, Grafana, etc.) and logging tools (ELK, Graylog, etc.)</p></li><li><p>Experience in building and maintenance security standards (ISO 27K, CSA STAR, etc.) is a plus.</p></li><li><p>Honest, hardworking, and good at communication.</p></li><li><p>Ready to provide support and work past regular office hours as necessary.</p></li></ul>','8:30 - 17:30 thứ T2 đến T6, nghỉ T7, CN',0,3,'2024-07-07 03:43:56.156','2030-07-17 17:00:00.000',1,0,1,'2024-07-02 17:43:56',NULL,'2024-07-08 12:16:36',NULL),(71,21,26,'Fresher Tester (English Fluent)',0,0,NULL,0,1,'','[{\"cityId\": 1, \"address\": [{\"data\": \"Tòa Handico, Phạm Hùng, Phường Mễ Trì\", \"districtId\": null, \"districtName\": \"Quận Nam Từ Liêm\"}], \"cityName\": \"Hà Nội\"}]',2,2,1,'<ul><li><p>Được đào tạo lý thuyết và on job training từ 3 tháng để học về: quy trình Test, Test skill basic; Soft Skill basic, các phần mềm test Auto, E-commerce và các Ecommerce framework lớn như Magento, Shopify...</p></li><li><p>Nhận trợ cấp bằng tiền mặt hàng tháng theo năng lực lên tới 6.000.000 VNĐ</p></li><li><p>Được tham gia làm các dự án thương mại điện tử của các khách hàng quốc tế.</p></li><li><p>Cơ hội trở thành nhân viên sau khi hoành thành chương trình đào tạo.</p></li><li><p>Có cơ hội đi onsite tại Châu Âu, Úc, Singapore, Nhật Bản khi trở thành nhân viên chính thức.</p></li><li><p>Được làm trong môi trường Văn hóa chuyên nghiệp, trẻ trung và năng động.</p></li><li><p>Trải nghiệm công nghệ mới nhất về Thương mại điện tử.</p></li></ul>','<ul><li><p>Được đào tạo lý thuyết và on job training từ 3 tháng để học về: quy trình Test, Test skill basic; Soft Skill basic, các phần mềm test Auto, E-commerce và các Ecommerce framework lớn như Magento, Shopify...</p></li><li><p>Tham gia trực tiếp vào dự án thương mại điện tử của các khách hàng quốc tế</p></li><li><p>Có cơ hội đi onsite tại Châu Âu, Úc, Singapore, Nhật Bản khi trở thành nhân viên chính thức.</p></li><li><p>Chi tiết công việc sẽ được trao đổi trong buổi phỏng vấn</p></li></ul>','<ul><li><p>Sinh viên năm cuối hoặc đã tốt nghiệp chuyên ngành CNTT hoặc Ngoại Ngữ có định hướng làm testing</p></li><li><p>Có khả năng giao tiếp tiếng tiếng Anh tốt</p></li><li><p>Nhanh nhẹn, ham học hỏi, nhiệt tình và tự tin.</p></li><li><p>Có thể đi làm fulltime</p></li><li><p>Cam kết làm việc 1 năm sau khi tốt nghiệp chương trình đào tạo.</p></li></ul>','8:30 - 17:30 thứ T2 đến T6, nghỉ T7, CN',0,1,'2024-07-07 03:45:14.974','2030-07-17 17:00:00.000',1,0,1,'2024-07-07 17:45:15',NULL,'2024-07-08 17:28:19',NULL),(72,21,25,'Fresher .Net Developer (Englist Fluent)',0,0,NULL,0,1,'','[{\"cityId\": 1, \"address\": [{\"data\": \"Handico Tower, Phạm Hùng\", \"districtId\": null, \"districtName\": \"Quận Nam Từ Liêm\"}], \"cityName\": \"Hà Nội\"}]',3,0,0,'<ul><li><p>Sinh viên năm cuối hoặc đã tốt nghiệp trong chuyên ngành Công nghệ thông tin hoặc tương đương. Điểm trung bình xếp loại khá, giỏi.</p></li><li><p>Tiếng Anh giao tiếp tốt</p></li><li><p>Có khả năng tự học và làm việc nhóm.</p></li><li><p>Có thể tham dự đào tạo full-time</p></li><li><p>Cam kết làm việc một năm sau khi tốt nghiệp được chương trình đào tạo</p></li></ul>','<ul><li><p>Tham gia đào tạo on job từ 3 tháng về công nghệ .Net</p></li><li><p>Tham gia các dự án của các khách hàng quốc tế</p></li><li><p>Tham gia dự án của công ty</p></li></ul>','<ul><li><p>Được đào tạo cơ bản từ 3 tháng về công nghệ .Net.</p></li><li><p>Cơ hội đào tạo chuyên sâu về một trong các framework lớn như Sitecore, Xamarin, Shopify, Umbraco, Kentico, MVC, WebApi, Angularjs, Aws, .Net core...</p></li><li><p>Được tham gia vào các dự án lớn về thương mại điện tử, khách hàng quốc tế.</p></li><li><p>Được làm trong môi trường Văn hóa chuyên nghiệp, trẻ trung và năng động.</p></li><li><p>Trợ cấp hàng tháng tùy thuộc vào kết quả học tập</p></li><li><p>Cơ hội lên chính thức sau quá trình đào tạo</p></li></ul>','8:30 - 17:30 thứ T2 đến T6, nghỉ T7, CN',0,1,'2024-07-07 07:46:42.077','2030-07-17 17:00:00.000',1,0,1,'2024-07-07 17:46:42',NULL,'2024-07-07 17:46:42',NULL),(73,21,26,'Fresher Automation Testing',0,0,NULL,0,1,'','[{\"cityId\": 1, \"address\": [{\"data\": \"Tòa Handico, Phạm Hùng, Phường Mễ Trì\", \"districtId\": null, \"districtName\": \"Quận Nam Từ Liêm\"}], \"cityName\": \"Hà Nội\"}]',1,2,0,'<ul><li><p>Được đào tạo lý thuyết và on job training từ 3 tháng để học về: quy trình Test, Test skill basic; Soft Skill basic, các phần mềm test Auto, E-commerce và các Ecommerce framework lớn như Magento, Shopify...</p></li><li><p>Nhận trợ cấp bằng tiền mặt hàng tháng theo năng lực lên tới 6.000.000 VND.</p></li><li><p>Được tham gia làm các dự án thương mại điện tử của các khách hàng quốc tế.</p></li><li><p>Cơ hội trở thành nhân viên sau khi hoàn thành chương trình đào tạo.</p></li><li><p>Có cơ hội đi onsite tại Châu Âu, Úc, Singapore, Nhật Bản khi trở thành nhân viên chính thức.</p></li><li><p>Được làm trong môi trường Văn hóa chuyên nghiệp, trẻ trung và năng động</p></li><li><p>Trải nghiệm công nghệ mới nhất về Thương mại điện tử.</p></li></ul>','<ul><li><p>Tham gia on job training từ 3 tháng để học về: quy trình Test, Test skill basic; Soft Skill basic, các phần mềm test Auto, E-commerce và các Ecommerce framework lớn như Magento, Shopify...</p></li><li><p>Tham gia trực tiếp vào dự án thương mại điện tử của các khách hàng quốc tế</p></li><li><p>Các công việc khác được giao bởi quản lí trực tiếp</p></li></ul>','<p>Must be:</p><ul><li><p>Sinh viên năm cuối hoặc đã tốt nghiệp trong lĩnh vực Công nghệ thông tin hoặc liên quan, có điểm trung bình xếp loại khá giỏi</p></li><li><p><strong>Hiểu cơ bản về Automation Testing</strong>: Ứng viên nên có hiểu biết cơ bản về quy trình kiểm thử phần mềm, các phương pháp kiểm thử, và các loại kiểm thử khác nhau.</p></li><li><p><strong>Kĩ năng tiếng Anh:</strong> Kỹ năng giao tiếp tốt bằng tiếng Anh, cả trong giao tiếp nói và viết, để giao tiếp hiệu quả với các thành viên nhóm và khách hàng. IELTS 7.0 trở lên.</p></li><li><p><strong>Kĩ năng lập trình cơ bản</strong>: Kiến thức cơ bản về lập trình là cần thiết (Java, Python, ..), có kiến thức về Typescript/Javascript là 1 lợi thế.</p></li></ul><p>Nice to have:</p><ul><li><p><strong>Kiến thức về Automation Testing Tools</strong>: Đã từng sử dụng các công cụ tự động hóa kiểm thử như Selenium, Appium, Playwright, Cypress...</p></li><li><p>Có khả năng tự học và làm việc nhóm.</p></li><li><p>Ưu tiên các bạn có thể tham gia thực tập fulltime.</p></li><li><p>Cam kết làm việc 1 năm sau khi tốt nghiệp chương trình đào tạo.</p></li></ul>','8:30 - 17:30 thứ T2 đến T6, nghỉ T7, CN',0,1,'2024-07-04 17:47:46.046','2030-07-17 17:00:00.000',1,0,1,'2024-07-07 11:47:46',NULL,'2024-07-07 20:20:51',NULL),(74,21,139,'Digital Marketing Intern',0,0,NULL,0,0,'','[{\"cityId\": 1, \"address\": [{\"data\": \"Handico Tower, Phạm Hùng\", \"districtId\": null, \"districtName\": \"Quận Nam Từ Liêm\"}], \"cityName\": \"Hà Nội\"}]',1,1,0,'<ul><li><p>Monthly internship allowance</p></li><li><p>Gain valuable hands-on marketing experience</p></li><li><p>Learn from experienced professionals</p></li><li><p>Opportunity to become an official employee after completing the program</p></li><li><p>Flexible working hours (between 7:30am – 7:30pm on staff’s preference)</p></li><li><p>Working in One of the largest Ecommerce Agencies in South East Asia – Professional English environment</p></li><li><p>Free English, Japanese and professional training packages</p></li><li><p>Other fun activities: happy hour, quarterly team building, football club, yoga club, swimming club, charity activities, etc.</p></li><li><p>Free entertainment parties: Birthday party, Anniversary party, Sum-up Party, Year-End Party, etc.</p></li></ul>','<ul><li><p>Develop ideas, create, manage, and update content for various channels (blog, social media, website, etc.)</p></li><li><p>Assist in the execution of growth marketing campaigns to drive customer acquisition and funnel conversion optimization</p></li><li><p>Assist in researching and analyzing customer insights to optimize marketing strategies</p></li><li><p>Use basic design tools like Canva or cooperate with Design team to create visual content</p></li><li><p>Participate in marketing projects and support other tasks as required by the team</p></li></ul>','<ul><li><p>Bachelor or pursuing a bachelor’s degree (final year/last semester) in Business/ Marketing/ Economics</p></li><li><p>Understanding of marketing principles and practices</p></li><li><p>Familiarity with digital marketing projects and tools is a plus</p></li><li><p>English Proficiency (IELTS 6.5+)</p></li><li><p>Attention to detail, good time management, and communication skills</p></li><li><p>Team player with attitude to work independently and possess a high level of initiative</p></li><li><p>Ability to multi-task in a fast-paced environment</p></li></ul>','8:30 - 17:30 thứ T2 đến T6, nghỉ T7, CN',0,1,'2024-07-07 16:49:06.058','2030-07-17 17:00:00.000',1,0,1,'2024-07-06 20:49:06',NULL,'2024-07-16 10:17:16',NULL),(75,21,68,'Executive Assistant',0,0,NULL,0,1,'','[{\"cityId\": 1, \"address\": [{\"data\": \"Tòa Handico Tower, đường Phạm Hùng\", \"districtId\": null, \"districtName\": \"Quận Nam Từ Liêm\"}], \"cityName\": \"Hà Nội\"}]',1,1,1,'<p><em>At SmartOSC, we offer the bests to your values</em></p><ul><li><p>Attractive salary package</p></li><li><p>Salary review twice a year</p></li><li><p>Flexible working hour (Monday to Friday, between 7.30 am - 7.30 pm on staff’s preference)</p></li><li><p>Premium health care</p></li><li><p>Working in professional English environment</p></li><li><p>Annual company trip inside or outside Vietnam</p></li><li><p>Other fun activities: happy hour, quarterly team building, football club, yoga club, swimming club, charity activities, etc.</p></li><li><p>Free entertainment parties: Birthday party, Anniversary party, Sum-up Party, Year-End Party, etc.</p></li></ul>','<p>An Executive Assistant, together with the Assistant team, is responsible for providing assistance to the company’s Board of Directors. This position is often trusted with complex duties and sensitive information. The ideal person for the job will be a proactive problem-solver with exceptional communication skills and meticulous attention to detail.</p><ul><li><p>Communicate directly, on behalf of the BOD, with the Board of management (BOM), Head of Division/Department (HOD), staff, and others (internals and externals)</p></li><li><p>Create mailings, presentations, reports for BOD and other materials for the BOM</p></li><li><p>Research and analyze market and technology trends to advise the BOD</p></li><li><p>Support and advise the BOD to make the company’s annual and long-term strategies and plans</p></li><li><p>Support BOD to set annual target, KRAs, OKRs, analyze and evaluate the performance of internal departments and make recommendations to increase productivity</p></li><li><p>Attend Board meetings as required and prepare and finalize minutes and follow up on projects</p></li><li><p>Work with Government Agencies and Suppliers in the countries with offices to ensure the maintenance of office operations</p></li><li><p>Be responsible for internal projects as assigned</p></li><li><p>Other tasks as assigned</p></li></ul>','<p><strong>Essential:</strong></p><ul><li><p>2+ years’ experience in an Executive Assistant or similar roles</p></li><li><p>Fluent in both spoken and written English</p></li><li><p>Able to communicate with all levels, assertive and initiative</p></li><li><p>Result oriented</p></li><li><p>Able to handle multiple tasks</p></li><li><p>Aptitude in creative problem-solving</p></li><li><p>Commit to be reachable at all times</p></li></ul><p><strong>Desirable (Good to have):</strong></p><ul><li><p>Experience working in IT industry is a plus</p></li><li><p>A degree in Business Administration/Finance/Accounting</p></li></ul>','8:30 - 17:30 thứ T2 đến T6, nghỉ T7, CN',0,5,'2024-07-03 17:51:08.138','2030-07-17 17:00:00.000',1,0,1,'2024-07-07 17:51:08',NULL,'2024-07-08 16:41:01',NULL),(76,22,25,'Lập Trình Viên Java - Upto 25M',0,25000000,NULL,0,1,'','[{\"cityId\": 1, \"address\": [{\"data\": \"Tầng 2 Tòa N03T1 Ngoại Giao Đoàn, Xuân Tảo\", \"districtId\": null, \"districtName\": \"Quận Bắc Từ Liêm\"}], \"cityName\": \"Hà Nội\"}]',2,3,0,'<ul><li><p>Lương cạnh tranh có thể lên tới 25M/tháng</p></li><li><p>Xem xét điều chỉnh lương cứng 2 lần/năm</p></li><li><p>Thưởng cuối năm theo năng suất làm việc từ 2 – 4 tháng lương</p></li><li><p>Thời gian làm việc: 8h -17h30 từ thứ 2 - thứ 6, nghỉ thứ 7 và CN</p></li><li><p>Ăn trưa miễn phí tại công ty</p></li><li><p>Quà tặng sinh nhật, chế độ ốm đau, thai sản, nghỉ mát, teambuilding, khám sức khỏe đầy đủ</p></li><li><p>Có các CLB Văn hóa, Thể thao và nhiều chương trình văn thể mỹ sinh hoạt thường xuyên</p></li><li><p>Không gian làm việc hiện đại, thoáng đãng, nhiều tiện ích giải trí: quầy bar, sân golf mini, khu leo núi...</p></li><li><p>Khuôn viên xung quanh văn phòng thoáng mát, thuận tiện giao thông</p></li></ul><p><strong>Môi trường cởi mở, chuyên nghiệp, đề cao sự sáng tạo</strong></p><ul><li><p>Làm việc tại Doanh nghiệp với sứ mệnh phụng sự xã hội, mang lại các sản phẩm, dịch vụ nhằm thay đổi năng suất cho các tổ chức và cá nhân</p></li><li><p>Văn hóa trao đổi thẳng thắn, hỗ trợ tận tình; Sếp trẻ tâm lý, đồng nghiệp thân thiện</p></li><li><p>Quy trình làm việc bài bản, tầm nhìn sản phẩm rõ ràng</p></li><li><p>Khuyến khích sự chủ động và tích cực học hỏi</p></li></ul><p><strong>Tập trung hỗ trợ sự phát triển cá nhân</strong></p><ul><li><p>Có lộ trình thăng tiến cho từng vị trí, từng cá nhân cụ thể theo hướng quản lý hoặc chuyên gia</p></li><li><p>Được tham gia các khóa đào tạo về chuyên môn và kỹ năng mềm theo từng giai đoạn</p></li><li><p>Được tham gia các CLB chuyên môn</p></li></ul>','<ul><li><p>Xây dựng, phát triển và duy trì các ứng dụng trên nền tảng Android theo yêu cầu của công ty.</p></li><li><p>Phối hợp với các bộ phận khác như thiết kế, phân tích, QC để đảm bảo ứng dụng đáp ứng các tiêu chuẩn về chất lượng và hiệu suất.</p></li><li><p>Tối ưu hóa ứng dụng đảm bảo ứng dụng hoạt động mượt mà, có hiệu suất cao và thân thiện với người dùng.</p></li></ul>','<ul><li><p>Giới tính: Nam/Nữ. Độ tuổi: 22 – 28.</p></li><li><p>Theo học chuyên ngành Công nghệ thông tin, Công nghệ phần mềm hoặc Trường đào tạo lập trình viên Quốc Tế (NIIT, Aptech) trở lên.</p></li><li><p>Thành thạo Java và/hoặc Kotlin. Có kiến thức tốt về OOP, Code Organization, Coding Convention.</p></li><li><p>Có kinh nghiệm làm việc với các framework và thư viện phổ biến của Android như Android SDK, Jetpack, Retrofit, Dagger, RxJava.</p></li><li><p>Có kinh nghiệm làm việc với Firebase, JSON/XML, Server - Client, xử lý request.</p></li><li><p>Nắm chắc về sự thay đổi qua các phiên bản Android.</p></li><li><p>Có kinh nghiệm làm việc với SQLite, Realm. Có kinh nghiệm làm kết nối với các thiết bị máy in, máy quét mã QR là một lợi thế.</p></li><li><p>Có kỹ năng xây dựng, tùy biến UI phù hợp với đa màn hình. Hiểu biết về nguyên tắc thiết kế giao diện người dùng trên Android và thiết kế giao diện cho nhiều loại màn hình khác nhau.</p></li><li><p>Sử dụng thành thạo các công cụ quản lý source code (git), quản lý dự án (Jira).</p></li></ul>','Thứ 2 - Thứ 6 (từ 08:00 đến 17:30)',0,2,'2024-07-01 08:19:02.838','2030-07-17 17:00:00.000',1,0,1,'2024-07-07 18:19:03',NULL,'2024-07-16 17:17:57',NULL),(77,22,23,'Fresher BA (Không Yêu Cầu Kinh Nghiệm)',0,0,NULL,0,1,'','[{\"cityId\": 1, \"address\": [{\"data\": \"Tòa tecchnosoft, ngõ 15 Duy Tân\", \"districtId\": null, \"districtName\": \"Quận Cầu Giấy\"}], \"cityName\": \"Hà Nội\"}]',2,0,0,'<ul><li><p>Được đào tạo 1,5 tháng theo lộ trình rõ ràng về kiến thức, kỹ năng của một BA chuyên nghiệp</p></li><li><p>Cơ hội trở thành nhân viên chính thức của MISA sau thời gian tham gia chương trình với mức lương cạnh tranh, ngay cả khi bạn chưa tốt nghiệp</p></li><li><p>Áp dụng chế độ vượt chương trình, kết thúc training sớm đối với các bạn xuất sắc</p></li><li><p>Học bổng: 4.000.000/tháng; Lương khởi điểm cạnh tranh</p></li><li><p>Được dẫn dắt bởi đội ngũ mentor nhiều kinh nghiệm</p></li><li><p>Tham gia làm việc trong các sản phẩm thực tế với hàng triệu người sử dụng</p></li><li><p>Ăn trưa + Cafe + Gửi xe MIỄN PHÍ</p></li><li><p>Tham gia các sự kiện nâng cao kỹ năng, hoạt động gắn kết với đồng nghiệp: Happyday, Teambuilding, Câu lạc bộ thể thao,...</p></li></ul>','<p>Tham gia quá trình đào tạo và thực hành nghiệp vụ BA cho dự án AI</p><ul><li><p>Khảo sát và tiếp nhận thông tin về nghiệp vụ hành vi, thói quen khi thực hiện công việc hàng ngày của khách hàng.</p></li><li><p>Phân tích, tổng hợp thông tin về nghiệp vụ đã thu thập và mô tả thành tài liệu nội bộ.</p></li><li><p>Được đào tạo về các kỹ năng mô hình hoá nghiệp vụ khách hàng</p></li><li><p>Được đào tạo về kỹ năng mềm: giao tiếp, thuyết trình, thiết kế slide,...</p></li></ul>','<ul><li><p>Được đào tạo 1,5 tháng theo lộ trình rõ ràng về kiến thức, kỹ năng của một BA chuyên nghiệp</p></li><li><p>Cơ hội trở thành nhân viên chính thức của MISA sau thời gian tham gia chương trình với mức lương cạnh tranh, ngay cả khi bạn chưa tốt nghiệp</p></li><li><p>Áp dụng chế độ vượt chương trình, kết thúc training sớm đối với các bạn xuất sắc</p></li><li><p>Học bổng: 4.000.000/tháng; Lương khởi điểm cạnh tranh</p></li><li><p>Được dẫn dắt bởi đội ngũ mentor nhiều kinh nghiệm</p></li><li><p>Tham gia làm việc trong các sản phẩm thực tế với hàng triệu người sử dụng</p></li><li><p>Ăn trưa + Cafe + Gửi xe MIỄN PHÍ</p></li><li><p>Tham gia các sự kiện nâng cao kỹ năng, hoạt động gắn kết với đồng nghiệp: Happyday, Teambuilding, Câu lạc bộ thể thao,...</p></li></ul>','Thứ 2 - Thứ 6 (từ 08:00 đến 17:30)',0,1,'2024-07-07 04:25:57.708','2030-07-17 17:00:00.000',1,0,1,'2024-07-07 18:25:58',NULL,'2024-07-07 18:25:58',NULL),(78,22,28,'Product Manager - Giám Đốc Sản Phẩm Phần Mềm Quản Lý Nhà Hàng Quán Ăn - Thu Nhập Đến $2,500',0,0,NULL,0,7,'','[{\"cityId\": 1, \"address\": [{\"data\": \"Tầng 2 Tòa N03T1 Ngoại Giao Đoàn, Xuân Tảo\", \"districtId\": null, \"districtName\": \"Quận Bắc Từ Liêm\"}], \"cityName\": \"Hà Nội\"}]',1,1,0,'<p><strong><em>Với truyền thống 30 năm hình thành phát triển, MISA chắc chắn sẽ là nơi làm việc khiến bạn an tâm gắn bó lâu dài, với:</em></strong></p><p><strong>Sự tiên phong trong công nghệ, sự tín nhiệm từ mọi khách hàng:</strong></p><ul><li><p>MISA là doanh nghiệp CNTT xuất sắc nhất khu vực Châu Á - Châu Đại Dương. Tiên phong xuất khẩu giải pháp SaaS</p></li><li><p>TOP đầu doanh nghiệp CNTT tăng trưởng liên tục với quy mô nhân sự tăng 20%/năm, doanh thu tăng 15%/năm</p></li><li><p>Hội tụ 3000 nhân tài cùng khát vọng đưa sản phẩm công nghệ “Make In Vietnam” vươn tầm quốc tế</p></li><li><p>Xây dựng niềm tin với 270.000 khách hàng là đơn vị HCSN, doanh nghiệp, 2.5 triệu khách hàng cá nhân tại Việt Nam và 20 quốc gia</p></li><li><p>Hơn 100 giải thưởng trong ngành CNTT trong nước và quốc tế</p></li></ul><p><strong>Nền tảng vững chắc cho phát triển sự nghiệp, thăng tiến, quyền lợi:</strong></p><ul><li><p>Lương cứng cạnh tranh lên đến 2500$/tháng</p></li><li><p>Thưởng năng suất dựa trên kết quả công việc từ 2-4 tháng lương.</p></li><li><p>Đánh giá review lương 2 lần/năm, nhiều cơ hội tăng lương 50-70%/năm, thưởng sáng kiến...</p></li><li><p>Huấn luyện “Hổ tướng”: chương trình đào tạo quản lý tài năng, bệ phóng trở thành Chiến tướng tinh nhuệ</p></li><li><p>Giải thưởng “Gấu vàng\": nơi tôn vinh những tài năng xuất sắc nhất</p></li><li><p>Gói chăm sóc sức khỏe toàn diện tại Medlatec, cháy hết mình tại các CLB theo sở thích, chương trình teambuilding, du lịch định kỳ</p></li></ul><p><strong>Môi trường thân thiện, chia sẻ, đồng hành:</strong></p><ul><li><p>Kết nối tài năng: tập trung phát triển những con người có chung lý tưởng, mục tiêu, cùng trao giá trị và nhận thành công</p></li><li><p>Tư duy đột phá: môi trường tôn trọng sự khác biệt và đề cao sáng tạo, MISA-er được tự do phát triển các ý tưởng tiến bộ, cải tiến công việc</p></li><li><p>Công nghệ cao: trang bị máy tính làm việc, tối ưu hiệu suất công việc bằng ứng dụng công nghệ, phần mềm tự động</p></li></ul><p><strong>Quy trình phỏng vấn:</strong></p><ul><li><p>Vòng 1: Gửi CV_Trao đổi qua điện thoại</p></li><li><p>Vòng 2: Phỏng vấn lần 1</p></li><li><p>Vòng 3: Phỏng vấn lần 2</p></li></ul>','<ul><li><p><strong>Định hướng, lập kế hoạch để phát triển sản phẩm MISA CukCuk trở thành phần mềm quản lý tốt nhất cho ngành kinh doanh ẩm thực tại Việt Nam..</strong></p></li><li><p><strong>Phối hợp cùng các bộ phận liên quan (Engineering Manager - Quản lý thi công phần mềm, Product Owner - Quản lý phân tích thiết kế sản phẩm) để đảm bảo sản phẩm phát triển đúng định hướng, đúng tiến độ và đạt chất lượng.</strong></p></li><li><p><strong>Phối hợp với bộ phận Marketing &amp; Sales để phát triển khách hàng và thị trường, giúp đạt được mục tiêu kinh doanh công ty đề ra.</strong></p></li><li><p><strong>Thấu hiểu nhu cầu của thị trường và khách hàng, nghiên cứu luật và các quy định liên quan đến hộ kinh doanh, hộ cá thể, theo sát xu hướng phát triển của ngành dịch vụ nhà hàng, ăn uống tại Việt Nam và trên thế giới để tìm kiếm ý tưởng, cải tiến và phát triển sản phẩm ngày càng vượt trội.</strong></p></li></ul>','<ul><li><p><strong>Tốt nghiệp đại học chuyên ngành quản trị kinh doanh, kinh tế... từ các trường ĐH Ngoại thương, ĐH Kinh tế quốc dân, ...</strong></p></li><li><p><strong>Có khả năng tìm hiểu và nghiên cứu thị trường, khách hàng một cách bài bản. Có khả năng phân tích dữ liệu để ra quyết định. Có khả năng lập kế hoạch: Kế hoạch kinh doanh, triển khai, phát triển sản phẩm, ...</strong></p></li><li><p><strong>Có kỹ năng giao tiếp, trình bày, thuyết phục tốt. Có kỹ năng làm việc nhóm &amp; giải quyết vấn đề tốt.</strong></p></li><li><p><strong>Yêu thích và định hướng lâu dài, làm việc gắn bó trong lĩnh vực phát triển sản phẩm công nghệ, quan tâm đến việc sử dụng công nghệ để nâng cao hiệu quả công việc. Có mong muốn phát triển sản phẩm để mang lại giá trị cho xã hội.</strong></p></li><li><p><strong>Ưu tiên các ứng viên làm vị trí Senior BA/PO/PM trong các công ty phần mềm có sản phẩm dành cho mảng F&amp;B .</strong></p></li><li><p><strong>Ưu tiên các ứng viên có bằng MBA.</strong></p></li></ul>','Thứ 2 - Thứ 6 (từ 08:00 đến 17:30)',0,7,'2024-07-02 18:27:33.149','2030-07-17 17:00:00.000',1,0,1,'2024-07-07 18:27:33',NULL,'2024-07-08 12:16:00',NULL),(79,22,26,'Tester /QC',14000000,20000000,NULL,0,1,'','[{\"cityId\": 1, \"address\": [{\"data\": \"Tầng 2 Tòa N03T1 Ngoại Giao Đoàn, Xuân Tảo\", \"districtId\": null, \"districtName\": \"Quận Bắc Từ Liêm\"}], \"cityName\": \"Hà Nội\"}]',1,1,1,'<ul><li><p>Lương khởi điểm cạnh tranh theo năng lực, xem xét tăng lương 6 tháng/lần</p></li><li><p>Thưởng cuối năm theo năng suất làm việc tương đương 2-4 tháng lương</p></li><li><p>Làm việc tại công ty quy mô lớn, quy trình làm việc chuyên nghiệp, sếp trẻ tâm lý, đồng nghiệp thân thiện, văn hóa trao đổi thẳng thắn, cởi mở</p></li><li><p>Ăn trưa miễn phí tại công ty; quà lễ tết, sinh nhật, hiếu hỉ, thăm hỏi, khám sức khỏe, Teambuilding, nghỉ mát hấp dẫn, các CLB thể thao, văn thể mỹ...</p></li><li><p>Không gian làm việc mới, hiện đại, rộng thoáng; đầy đủ cơ sở vật chất và các trang thiết bị phục vụ công việc</p></li></ul>','<ul><li><p>Chịu trách nhiệm kiểm soát chất lượng phần mềm của Công ty trước khi phát hành</p></li><li><p>Lập kế hoạch test, xây dựng testcase, thực hiện test, log bug và kiểm soát tiến độ xử lý</p></li><li><p>Tiếp nhận feedback, bug report của khách hàng và đốc thúc đội dự án cùng xử lý</p></li><li><p>Hỗ trợ tiếp nhận, làm rõ requirements hoặc tham gia xây dựng tài liệu mô tả nghiệp vụ khi cần</p></li></ul>','<ul><li><p>Có ít nhất 1,5 năm kinh nghiệm thực tế tham gia test dự án phần mềm (web app và mobile app)</p></li><li><p>Tư duy test hướng nghiệp vụ, hướng người dùng</p></li><li><p>Nắm rõ về các phương pháp và công cụ test</p></li><li><p>Hiểu rõ quy trình test sản phẩm phần mềm</p></li><li><p>Kỹ năng xây dựng test case nghiệp vụ, data test tốt, mô tả bug rõ ràng, dễ hiểu</p></li><li><p>Có khả năng viết tài liệu</p></li><li><p>Giao tiếp tốt, tư duy logic tốt, trách nhiệm cao với công việc</p></li></ul>','Thứ 2 - Thứ 6 (từ 08:00 đến 17:00)',0,3,'2024-07-01 18:29:28.407','2030-07-17 17:00:00.000',1,0,1,'2024-07-07 18:29:29',NULL,'2024-07-08 17:28:08',NULL),(80,22,25,'React Native Developer',0,0,NULL,0,1,'','[{\"cityId\": 1, \"address\": [{\"data\": \"Tòa nhà FPT Cầu Giấy, số 17 phố Duy Tân, Phường Dịch Vọng Hậu\", \"districtId\": null, \"districtName\": \"Quận Cầu Giấy\"}], \"cityName\": \"Hà Nội\"}]',3,4,0,'<p>• “FPT care” health insurance provided by AON and is exclusive for FPT employees.</p><p>• Annual Summer Vacation: follows company’s policy and starts from May every year</p><p>• Salary review 2 times/year or on excellent performance</p><p>• Work from Monday – Friday</p><p>• Opportunity to work onsite in US for 2-3 months</p><p>• Annual free training and certification support</p><p>• International, dynamic, friendly working environment</p><p>• Annual leave, working conditions follow Vietnam labor laws.</p><p>• Other allowances: lunch allowance, working on-site allowance, etc.</p>','<p>• Work as part of a small team to build React Native iOS/Windows applications.</p><p>• Design architect, build and maintain excellent React Native applications with clean code.</p><p>• Implement clean, modern, smooth animations and transitions that provide an excellent user experience.</p><p>• Integrate third-party API\'s.</p><p>• Write unit and integration tests.</p><p>• Release applications to IOS and Google Play stores.</p><p>• Work with native modules when required.</p><p>• Work as part of a small team, which will include other React Native developers, a project manager, QA professional, and a designer.</p><p>• Complete two week sprints and participate in sprint retrospectives and daily standups.</p><p>• Assist with building estimates.</p><p>FOR SENIOR LEVEL: Coach other junior team members to help them reach their maximum potential</p>','<p>• 3+ years of professional experience working with React Native.</p><p>• 3+ years of professional software development experience.</p><p>• Experience working with Swift, Objective C, and Java is a plus</p><p>• Meaningful experience working on large, complex systems</p><p>• Ability to take extreme ownership over your work.</p><p>• An understanding of React Native best practices and a commitment to following them.</p><p>• Ability to work through new and difficult React Native issues and contribute to libraries as needed.</p><p>• Ability to create and maintain continuous integration and delivery of React Native applications.</p><p>• A positive mindset and can-do attitude.</p><p>• Forensic attention to detail.</p><p>• You work well within a team environment and enjoy working in the office with your colleagues.</p><p>• Good English</p>','8:30 - 17:30 thứ T2 đến T6, nghỉ T7, CN',0,4,'2024-07-07 08:31:33.298','2030-07-17 17:00:00.000',1,0,1,'2024-07-07 18:31:33',NULL,'2024-07-08 12:24:22',NULL),(81,22,25,'React Developer Intern',3000000,5000000,NULL,1,0,'','[{\"cityId\": 1, \"address\": [{\"data\": \"Phố Thọ Tháp, Phường Dịch Vọng\", \"districtId\": null, \"districtName\": \"Quận Cầu Giấy\"}], \"cityName\": \"Hà Nội\"}]',3,7,3,'<ul><li><p>Được training và học hỏi từ những chuyên gia có kinh nghiệm lâu năm</p></li><li><p>Làm việc với nền tảng low-code hàng đầu thế giới Mendix</p></li><li><p>Tham gia vào các dự án lớn, cập nhật xu hướng công nghệ với thế giới</p></li><li><p>Làm việc với các khách hàng lớn, đối tác là các tập đoàn đa quốc gia</p></li><li><p>Môi trường làm việc trẻ trung và năng động</p></li></ul>','<ul><li><p>Phát triển các giải pháp/ứng dụng trên nền tảng Mendix</p></li><li><p>Mô hình Agile/Scrum</p></li><li><p>Stack công nghệ: Java, Git</p></li></ul>','<ul><li><p>Đang học hoặc mới tốt nghiệp chuyên nghành CNTT</p></li><li><p>Thời gian cam kết tối thiểu 6 tháng, 1 tuần tối thiểu 5 buổi (sáng/chiều)</p></li><li><p>Ham học hỏi và sẵn sàng tiếp thu những kiến thức và công nghệ mới</p></li><li><p>Có kiến thức cơ bản về lập trình hướng đối tượng, cơ sở dữ liệu, frontend.</p></li></ul>','8:30 - 17:30 thứ T2 đến T6, nghỉ T7, CN',0,0,'2024-07-03 18:33:05.815','2030-07-17 17:00:00.000',1,0,1,'2024-07-01 22:33:06',NULL,'2024-07-08 18:13:39',NULL),(82,22,25,'Middle Frontend Developer (React)',0,0,NULL,0,1,'','[{\"cityId\": 1, \"address\": [{\"data\": \"Tầng 4, số 11 Nguyễn Xiển, phường Hạ Đình\", \"districtId\": null, \"districtName\": \"Quận Thanh Xuân\"}], \"cityName\": \"Hà Nội\"}]',3,4,1,'<p>- Lương thỏa thuận theo năng lực, upto 1500 USD , review lương 2 lần/ năm, lương tháng 13</p><p>- Được hưởng đầy đủ chế độ phúc lợi của người lao động theo Quy định của Nhà nước.</p><p>- Được lựa chọn và cởi mở đề xuất các công nghệ mới để sử dụng trong quá trình làm dự án.</p><p>- Định hướng và đào tạo để trở thành Key member/ Senior Developer/Technical leader.</p><p>- Cơ hội tham gia các khóa đào tạo, nâng cao nghiệp vụ chuyên nghiệp hoàn toàn miễn phí theo tiêu chuẩn của công ty.</p><p>- Không gian làm việc “cực thông minh” với môi trường làm việc trẻ trung, năng động.</p>','<p>- Tham gia xây dựng và phát triển Frontend cho hệ thống chấm công, điểm danh và truyền thông nội bộ trên web và mobile sử dụng công nghệ ReactJS<br>- Đề xuất giải pháp cho các yêu cầu để hoàn thành công việc đúng tiến độ và chất lượng<br>- Phối hợp với các thành viên khác trong nhóm như backend, designer cải tiến sản phẩm liên tục.<br>- Thực hiện các design patterns, tối ưu, caching, bảo mật và tính khả dụng mang lại trải nghiệm mượt mà đơn giản, dễ sử dụng<br>- Xây dựng các components/modules linh hoạt và tái sử dụng tốt.<br>- Tối ưu hóa giao diện các ứng dụng/trang web để có được tốc độ và hiệu suất tối đa.</p>','<p>- Trình độ học vấn: Đại Học<br>- Tối thiểu 3 năm kinh nghiệm lập trình frontend với ReactJS<br>- Biết cơ bản về JS/TS<br>- Có kinh nghiệm từng làm việc với các framework, lib ReactJS/VueJS/Angular<br>- Hiểu biết về ES6, Webpack<br>- Có kiến thức về Redux ( Redux Saga, Redux Toolkit )<br>- Nắm vững kiến thức về HTML, CSS<br>- Biết cơ bản về Git<br>- Có mindset hướng tối ưu trải nghiệm người dùng cho sản phẩm<br>- Chịu được áp lực công việc cao với deadline liên tục<br>- Tinh thần cầu tiến, ham học hỏi, chủ động trong công việc.<br>- Tinh thần trách nhiệm cao.</p>','8:30 - 17:30 thứ T2 đến T6, nghỉ T7, CN',0,4,'2024-07-04 19:19:30.747','2030-07-17 17:00:00.000',1,0,1,'2024-07-07 19:19:31',NULL,'2024-07-08 12:26:12',NULL),(83,22,25,'React Native Developer',0,0,NULL,0,1,'','[{\"cityId\": 1, \"address\": [{\"data\": \"số 35 Nguyễn Đình Chiểu, Hai Bà Trưng\", \"districtId\": null, \"districtName\": \"Quận Hai Bà Trưng\"}], \"cityName\": \"Hà Nội\"}]',1,7,2,'<ul><li><p>Thời gian: 8h -17h30, từ T2 – T6, nghỉ T7 - CN</p></li><li><p>Mức lương: <strong>500$ -1000$ (tùy level)</strong></p></li><li><p>Thưởng thâm niên làm việc: 5tr/năm</p></li><li><p>Thưởng tháng lương 13 theo hoạt động kết quả kinh doanh</p></li><li><p>Tham gia đầy đủ BHXH, Gói bảo hiểm sức khỏe Bảo Việt (theo thâm niên)</p></li><li><p>Sử dụng sách miễn phí tại thư viện và các trò chơi giải trí: PS5, Bi lắc, ....</p></li><li><p>Đa dạng các hoạt động nội bộ các ngày lễ 8/3, 20/10, giáng sinh, sinh nhật, teambuilding, YEP,..</p></li></ul>','<ul><li><p>Tham gia phát triển ứng dụng điện thoại trên nền tảng React Native (Android/IOS).</p></li><li><p>Hoàn thiện trải nhiệm người dùng(UX), đảm bảo tính ổn định của Mobile Apps</p></li><li><p>Thiết kế và phát triển tính năng mới.</p></li><li><p>Tham gia vào phân tích và phát triển những sản phẩm dịch vụ mới của công ty</p></li><li><p>Làm việc với backend developer, BA, thiết kế để tạo ra ứng dụng tốt nhất cho khách hàng</p></li></ul>','<ul><li><p>Có kinh nghiệm phát triển ứng dụng mobile với 1 trong các ngôn ngữ: Java, Swift/Object C.</p></li><li><p>Ưu tiên có từ 1 năm kinh nghiệm trong phát triển ứng dụng và API sử dụng React Native.</p></li><li><p>Có kinh nghiệm lập trình giao tiếp giữa mobile với server qua các giao thức TCP/IP, Firebase, Websocket, WebService và JSON/XML.</p></li><li><p>Có kinh nghiệm và xử lý tốt về animation, quản lý state (redux, flux, mobx), offline mode.</p></li><li><p>Hiểu biết về Cloud Message API và Push Notification.</p></li><li><p>Có kinh nghiệm trong việc sử dụng Javascript để tham gia phát triển các website, ứng dụng mobile là một lợi thế.</p></li><li><p>Có kinh nghiệm làm việc với local database như SQLite, Realm hoặc các thư viện khác là một lợi thế</p></li></ul>','8:30 - 17:30 thứ T2 đến T6, nghỉ T7, CN',0,3,'2024-07-07 11:20:48.500','2030-07-17 17:00:00.000',1,0,1,'2024-07-02 21:20:49',NULL,'2024-07-16 10:08:25',NULL),(84,22,25,'Front End Developer (TypeScript/Vue 3)',12000000,15000000,NULL,0,1,'','[{\"cityId\": 1, \"address\": [{\"data\": \"Số 247 đường Cầu Giấy\", \"districtId\": null, \"districtName\": \"Quận Cầu Giấy\"}], \"cityName\": \"Hà Nội\"}]',3,7,2,'<p>- Lương cứng từ 12-15 triệu đồng/tháng; review lương theo thực tế năng lực.</p><p>- Thưởng dự án, thưởng hiệu quả công việc.</p><p>- Lương tháng 13 &amp; Thưởng kết quả kinh doanh năm (Thưởng Tết)</p><p>- Chế độ phúc lợi: BHXH, thưởng lễ/tết/sinh nhật/trung thu..., hiếu/hỉ...</p><p>- Nghỉ hè, nghỉ đông, dã ngoại và đa dạng các hoạt động nội bộ...</p><p>- Cơ hội học tập, được đào tạo liên tục trong và các khóa học ngoài công ty.</p><p>- Môi trường làm việc thân thiện, minh bạch, lành mạnh và công bằng.</p><p>- Cơ hội thăng tiến chuyên môn, quản lý ở các vị trí cao hơn cụ thể, rõ ràng.</p><p>- Ăn trưa FREE tại canteen công ty.</p><p>- Ngày làm việc hành chính 5 ngày/tuần (Thứ 2 - Thứ 6)</p>','<p>- Tham gia phát triển các sản phẩm phần mềm trên nền tảng Web bằng VueJS.</p><p>- Chuyển đổi thiết kế giao diện người dùng (UI) từ bản thiết kế (PSD/Figma) sang mã HTML/CSS.</p><p>- Tối ưu hóa ứng dụng Web về hiệu suất và khả năng tương thích trên các trình duyệt và thiết bị khác nhau.</p><p>- Làm việc với đội ngũ thiết kế và Back-End để đảm bảo tính nhất quán và chức năng của các ứng dụng.</p><p>- Tham gia vào quy trình kiểm thử và gỡ lỗi để cải thiện chất lượng sản phẩm.</p><p>- Cập nhật và duy trì tài liệu kỹ thuật liên quan đến các dự án.</p>','<p>- Bạn đã có ít nhất 1 năm kinh nghiệm làm việc với VueJS và các công nghệ Front-End khác (JavaScript, HTML5, CSS3)</p><p>- Bạn có kinh nghiệm làm việc với các công cụ và thư viện Front-End khác như Vue Router, Pinia, Axios...</p><p>- Bạn có kiến thức về các nguyên tắc thiết kế Responsive và khả năng tương thích trên các trình duyệt.</p><p>- Bạn có khả năng xử lý vấn đề và gỡ lỗi.</p><p>- Có kinh nghiệm với các công cụ quản lý phiên bản mã nguồn (Git).- Ưu tiên ứng viên có kinh nghiệm với các framework CSS như Tailwind CSS hoặc Ant Design Vue.<br>- Có khả năng làm việc độc lập cũng như làm việc nhóm tốt.</p>','8:30 - 17:30 thứ T2 đến T6, nghỉ T7, CN',0,2,'2024-07-01 19:31:49.350','2030-07-17 17:00:00.000',1,0,1,'2024-07-07 19:31:50',NULL,'2024-07-08 12:25:24',NULL),(85,3,25,'Senior Golang Developer',0,0,NULL,0,1,'','[{\"cityId\": 1, \"address\": [{\"data\": \"Tòa nhà 15 + 17, ngõ 81 Láng Hạ, Ba Đình\", \"districtId\": null, \"districtName\": \"Quận Ba Đình\"}], \"cityName\": \"Hà Nội\"}]',3,1,0,'<ul><li><p>Mức lương cạnh tranh và tương xứng với kinh nghiệm; xét điều chỉnh lương 6 tháng/lần;</p></li><li><p>BHXH, BHYT, BHTN full lương;</p></li><li><p>Ăn sáng, chiều FREE tại công ty;</p></li><li><p>Được hưởng gói bảo hiểm sức khoẻ hàng năm;</p></li><li><p>Được khám sức khoẻ định kỳ hàng năm;</p></li><li><p>Thưởng các ngày lễ tết, thưởng dự án, thưởng KPI, hiệu suất công việc hàng tháng....</p></li><li><p>Được thường xuyên tham gia các hoạt động teambuilding, hoạt động văn hóa tinh thần cho anh em trong công ty;</p></li><li><p>Cơ hội được học hỏi, trao quyền, phát triển bản thân trong môi trường trẻ, năng động và sáng tạo;</p></li><li><p>Cơ hội tham dự các buổi Master Talk, CEO Talk với sự giao lưu chia sẻ kinh nghiệm của các chuyên gia và CEO hàng đầu trong cùng lĩnh vực;</p></li><li><p>Môi trường cực kỳ năng động, vui vẻ và thoải mái. Nơi các bạn được thỏa sức sáng tạo và thể hiện đam mê, phát triển bản thân.</p></li></ul>','<ul><li><p>Phát triển hệ thống Backend của AppotaPay</p></li><li><p>Tham gia phát triển dự án ví điện tử, cổng thanh toán, thương mại điện tử</p></li><li><p>Phân tích thiết kế hệ thống, đưa ra giải pháp triển khai cho yêu cầu chức năng được mô tả</p></li><li><p>Phát triển, maintain ứng dụng web, API cho các chức năng của dự án, kết nối API tới các đối tác, kết nối API core banking</p></li><li><p>Viết test để đảm bảo service chạy đúng yêu cầu.</p></li></ul>','<ul><li><p>Có kiến thức về phân tích thiết kế hệ thống.</p></li><li><p>Có kinh nghiệm làm việc với Golang ít nhất 2 năm.</p></li><li><p>Nắm được các kiến thức về testing, viết unit test.</p></li><li><p>Sử dụng thành thạo SQL database(Mysql) &amp; một số NoSQL thông dụng khác (mongodb, redis,...)</p></li><li><p>Biết sử dụng Docker để tạo môi trường dev, đóng gói application</p></li><li><p>Nắm được các kiến thức về bảo mật: các lỗi bảo mật &amp; cách phòng tránh</p></li></ul>','8:30 - 17:30 thứ T2 đến T6, nghỉ T7, CN',0,3,'2024-07-07 09:37:48.592','2030-07-17 17:00:00.000',1,0,1,'2024-07-07 16:37:49',NULL,'2024-07-08 12:25:43',NULL),(86,3,25,'Lập Trình Viên Blockchain (Golang)',0,0,NULL,0,1,'','[{\"cityId\": 1, \"address\": [{\"data\": \"22 Láng Hạ\", \"districtId\": null, \"districtName\": \"Quận Đống Đa\"}], \"cityName\": \"Hà Nội\"}]',2,11,1,'<p><strong>1. Chế độ lương &amp; thưởng hấp dẫn:</strong></p><ul><li><p>Mức lương thỏa thuận theo năng lực, đánh giá năng lực hàng năm</p></li><li><p>Chế độ thưởng phong phú và hấp dẫn (Theo quy định và chính sách công ty)</p></li><li><p>Hỗ trợ ăn sáng miễn phí</p></li><li><p>Hỗ trợ ăn trưa: 50.000đ/ngày</p></li><li><p>Hỗ trợ gửi xe, xăng xe, điện thoại (tùy vị trí)</p></li><li><p>Hỗ trợ trang điểm cho CBNV nữ</p></li><li><p>Quà tặng các ngày lễ trong năm</p></li></ul><p></p><p><strong>2. Bảo hiểm &amp; chăm sóc sức khỏe toàn diện:</strong></p><ul><li><p>BHXH, BHYT, BHTN theo pháp luật hiện hành</p></li><li><p>Gói bảo hiểm sức khỏe cao cấp 24/7 mua cho nhân viên &amp; người thân nhân viên</p></li><li><p>Khám sức khỏe định kỳ hàng năm</p></li></ul><p></p><p><strong>3. Môi trường làm việc hiện đại:</strong></p><ul><li><p>Cung cấp máy tính &amp; trang thiết bị làm việc hiện đại</p></li><li><p>Văn phòng làm việc hiện đại, trang thiết bị làm việc Hi- tech</p></li><li><p>Không gian ăn nhẹ miễn phí (nước uống, trà cafe, hoa quả, sữa chua)</p></li></ul><p></p><p><strong>4. Phát triển nghề nghiệp:</strong></p><ul><li><p>Cơ hội tiếp cận với những công nghệ mới, những dự án quy mô lớn</p></li><li><p>Làm việc cùng đội ngũ hơn 1000 nhân sự tài năng, có chuyên môn giỏi, dày dặn kinh nghiệm, tư duy chia sẻ</p></li><li><p>Được tài trợ kinh phí tham gia các chương trình đào tạo nâng cao năng lực</p></li><li><p>Công ty thành lập hơn 16 năm với các sản phẩm &amp; dịch vụ đã được khẳng định vị thế trên thị trường</p></li></ul><p></p><p><strong>5. Hoạt động ngoại khóa phong phú:</strong></p><ul><li><p>Văn hóa công ty đặc sắc với nhiều hoạt động đoàn thể được quan tâm đầu tư: Team building, Nghỉ mát (trong nước và nước ngoài), 20/10, Year End Party, hoạt động thiện nguyện,...</p></li><li><p>Các câu lạc bộ:</p><p>+ CLB Cầu lông</p><p>+ CLB Bóng đá</p><p>+ CLB Yoga</p><p>+ CLB Điền kinh</p><p>+ CLB Bơi</p><p>Ghi chú: <strong>Chúng tôi sẽ liên hệ qua điện thoại với những CV phù hợp trong vòng 7 ngày làm việc kể từ ngày ứng tuyển.</strong></p></li></ul>','<ul><li><p>Tham gia phát triển các dự án Blockchain hiện tại của công ty trên nền tảng Ethereum và HyperLedger</p></li><li><p>Xây dựng hệ thống Blockchain thực tế, phát triển Smart contract đáp ứng các nghiệp vụ của dự án</p></li><li><p>Nghiên cứu các kỹ thuật ứng dụng trong các dự án/nền tảng Blockchain nổi bật</p></li><li><p>Tham dự các Seminar, hội thảo, chương trình đào tạo về Blockchain được tổ chức trong và ngoài công ty</p></li><li><p>Các công việc khác theo chỉ đạo của quản lý trực tiếp</p></li><li><p>Công việc sẽ được trao đổi cụ thể hơn trong quá trình phỏng vấn</p></li></ul>','<ul><li><p>Có kinh nghiệm trong lĩnh vực lập trình</p></li><li><p>Có kinh nghiệm với nền tảng Ethereum/Hyperledger là một lợi thế</p></li><li><p>Có kinh nghiệm sử dụng một trong các ngôn ngữ: Golang, NodeJS, Python, Java</p></li><li><p>Có đam mê tìm hiểu các công nghệ mới, phát triển các sản phẩm mới</p></li><li><p>Tiếng Anh đọc hiểu tốt</p></li><li><p>Khả năng tư duy tốt, chủ động trong công việc, có tinh thần trách nhiệm cao để hoàn thành công việc được giao</p></li><li><p>Có khả năng làm việc teamwork cũng như làm việc độc lập</p></li></ul>','8:30 - 17:30 thứ T2 đến T6, nghỉ T7, CN',0,3,'2024-07-07 19:39:32.142','2030-07-17 17:00:00.000',1,0,1,'2024-07-04 19:39:32',NULL,'2024-07-18 10:25:43',NULL),(87,3,25,'NodeJS /ReactJS(Từ 2 Năm KN) - Thử Việc Full Lương - Tại Hà Nội - Thu Nhập 15 - 35 Triệu',0,0,NULL,0,1,'','[{\"cityId\": 1, \"address\": [{\"data\": \"Toà nhà Tây Hà, 19 Tố Hữu, Trung Văn\", \"districtId\": null, \"districtName\": \"Quận Nam Từ Liêm\"}], \"cityName\": \"Hà Nội\"}]',3,15,8,'<ul><li><p>Thử việc full lương</p></li><li><p>Được làm việc trong môi trường trẻ, năng động</p></li><li><p>Thời gian làm việc từ thứ 2 đến thứ 6. Một tuần có 1 ngày làm việc remote.</p></li><li><p>Khám sức khỏe định kỳ</p></li><li><p>Tiếp xúc với TL, PO chuyên nghiệp</p></li><li><p>13 tháng lương + thưởng</p></li><li><p>Lương cạnh tranh theo năng lực.</p></li><li><p>Tăng lương 2 lần trên năm. Xem xét review lương sớm nếu có hiệu quả tốt trong công việc</p></li><li><p>Các hoạt động team building, du lịch hàng năm.</p></li></ul>','<ul><li><p>Thiết kế và phát triển các REST API để hỗ trợ nhiều loại client khác nhau: Mobile, web...</p></li><li><p>Sử dụng thành thạo NodeJS (NestJS) để xây dựng các hệ thống backend mạnh, có khả năng mở rộng tốt, an toàn và đáng tin cậy</p></li><li><p>Có khả năng viết test E2E, Unit test</p></li><li><p>Nghiên cứu và đề xuất các hướng tiếp cận công nghệ mới và đưa vào ứng dụng thực tế trong công ty nhằm nâng cao năng lực cạnh tranh, cải thiện chất lượng dịch vụ và tiên phong trong các lĩnh vực mới.</p></li><li><p>Đánh giá và/hoặc tham gia thiết kế kiến trúc các giải pháp cũng như lựa chọn giải pháp phù hợp với định hướng và chiến lược phát triển của công ty.</p></li><li><p>Đảm bảo tính an toàn của hệ thống bằng cách xác định và khắc phục các lỗ hổng bảo mật. Xử lý lỗi một cách nhanh chóng và hiệu quả.</p></li><li><p>Viết tài liệu kỹ thuật và thực hiện kiểm tra để đảm bảo tính ổn định và chất lượng của source code.</p></li></ul>','<ul><li><p><strong>Làm việc cẩn thận, chủ động, tinh thần trách nhiệm cao</strong></p></li><li><p>Có ít nhất 2 năm kinh nghiệm trong việc phát triển, triển khai thực tế các ứng dụng liên quan đến Web App</p></li><li><p><strong>Có tinh thần học hỏi và thích thử thách bản thân với các vai trò trong nhóm: Backend engineer, Frontend Engineer, DevOps Engineer, TL, ..</strong></p></li><li><p>Kinh nghiệm làm việc với Database (MySQL/PostgreSQL/MongoDB...)</p></li><li><p>Có hiểu biết về OOP và các nguyên lý cơ bản của clean code, convention code.</p></li><li><p>Kinh nghiệm thiết kế và phát triển web services được viết dựa trên kiến trúc REST</p></li><li><p>Có kinh nghiệm làm việc với redis, queue message</p></li><li><p>Có hiểu biết nhất định về Design pattern, CI/CD, architecture (3 layers, clean arch,..</p></li><li><p>Ưu tiên:</p></li><li><p>Có kinh nghiệm làm việc với ReactJS, VueJS</p></li><li><p>Có kinh nghiệm làm việc với Cloud: AWS, Google Cloud</p></li><li><p>Có khả năng viết unit test, feature test</p></li><li><p>Có hiểu biết về Domain driven design, microservice</p></li><li><p>Có kinh nghiệm làm việc với blockchain</p></li><li><p>Có kinh nghiệm làm việc với AWS Lambda</p></li><li><p>Có tinh thần không ngừng học hỏi, luôn chủ động tìm hiểu các kiến thức mới để cải thiện bản thân</p></li><li><p>Ưu tiên các ứng viên có kinh nghiệm làm việc với các dự án của KH Nhật</p></li></ul>','8:30 - 17:30 thứ T2 đến T6, nghỉ T7, CN',0,3,'2024-07-01 19:46:30.300','2030-07-17 17:00:00.000',1,0,1,'2024-07-07 09:46:31',NULL,'2024-07-08 17:12:41',NULL),(88,3,25,'Junior VueJS',0,0,NULL,0,1,'','[{\"cityId\": 1, \"address\": [{\"data\": \"Tòa nhà Audi Hà Nội, số 8 Phạm Hùng\", \"districtId\": null, \"districtName\": \"Quận Nam Từ Liêm\"}], \"cityName\": \"Hà Nội\"}]',3,5,0,'<ul><li><p>Thu nhập: Thỏa thuận theo năng lực, lương cứng up to 30M NET + thưởng theo hiệu quả và sự đóng góp</p></li><li><p>Thời gian làm việc: Từ thứ 2 đến thứ 6. Không làm việc T7, CN, có thể làm việc remote nếu tham gia các dự án với khách hàng nước ngoài</p></li><li><p>Chế độ xét duyệt tăng lương định kỳ hàng năm</p></li><li><p>Được hưởng quyền lợi BHXH, BHYT, BHTN đầy đủ theo quy định của nhà nước.</p></li><li><p>Được đánh giá xét kết quả công việc, đề bạt lên các vị trí phù hợp với năng lực bản thân</p></li><li><p>Cơ hội tham gia các dự án quốc tế với các khách hàng US/EU</p></li><li><p>Làm việc tại môi trường chuyên nghiệp, năng động, trẻ trung, thân thiện và trải nghiệm các hoạt động văn hóa doanh nghiệp đặc sắc</p></li><li><p>Cơ hội tiếp cận với những doanh nghiệp, dự án lớn, những xu hướng công nghệ/nền tảng mới nhất, thỏa sức sáng tạo phát triển bản thân</p></li><li><p>Các chế độ phúc lợi theo chính sách của Công ty: Nghỉ phép năm, thưởng các ngày lễ, tết, thăm hỏi, tặng quà, hỗ trợ ...</p></li></ul>','<ul><li><p>Tham gia phân tích, thiết kế các dự án của công ty</p></li><li><p>Tham gia xây dựng các dự án của công ty</p></li><li><p>Nghiên cứu, học hỏi các công nghệ mới để ứng dụng vào dự án</p></li></ul>','<ul><li><p>Có kinh nghiệm từ 3 năm trở lên với các framework Vue</p></li><li><p>Có kiến thức chuyên sâu về ngôn ngữ JavaScript và TypeScript</p></li><li><p>Có khả năng giao tiếp tiếng Anh là 1 lợi thế</p></li><li><p>Có kinh nghiệm với các ngôn ngữ backend như .NET/Java/NodeJS/PHP là 1 lợi thế</p></li></ul>','',0,3,'2024-07-06 19:57:35.183','2030-07-17 17:00:00.000',1,0,1,'2024-07-07 17:57:36',NULL,'2024-07-08 18:28:37',NULL),(89,3,25,'Backend Golang Leader',0,0,NULL,0,2,'','[{\"cityId\": 1, \"address\": [{\"data\": \"vhjj jhk\", \"districtId\": null, \"districtName\": \"Quận Hoàn Kiếm\"}, {\"data\": \"h hkj j\", \"districtId\": null, \"districtName\": \"Quận Long Biên\"}], \"cityName\": \"Hà Nội\"}, {\"cityId\": 8, \"address\": [{\"data\": \"u hkj\", \"districtId\": null, \"districtName\": \"Thành phố Tuyên Quang\"}], \"cityName\": \"Tuyên Quang\"}]',3,4,2,'<ul><li><p><strong>OPPORTUNITIES AND CHALLENGES:</strong></p></li></ul><ul><li><p>Opportunity to work in a professional, modern and energizing setting.</p></li><li><p>Challenging projects, possibilities, cutting-edge technology, and problems.</p></li><li><p>An open and dynamic working atmosphere that promotes the interchange of ideas, while also empowering you to work and create in your own style. Each employee\'s talent and accomplishments are valued, and outstanding employees are recognized and rewarded on a yearly basis.</p></li><li><p>Opportunities for capacity development, as well as assistance with professional certification expenses, are available to those who work in the field (1 million - 5 million).</p></li><li><p>Some advanced certifications will cover the full cost of studying and taking the exam.</p></li></ul><p><strong>ATTRACTIVE REWARDING POLICY AND WORK-LIFE BALANCE:</strong></p><ul><li><p>Review salary 1-2 times/year, with the possibility of an unexpected salary rise based on capacity an infinite number of times per year</p></li><li><p>Bonuses for the 13th month of employment, project bonuses, and company, Tet holiday, September 2, company birthday, ...</p></li><li><p>Holiday travel mode (package 5-7 million/person), team building (2-3 times/year).</p></li><li><p>Full participation in social insurance, as well as a yearly health checkup at a reputable hospital.</p></li><li><p>Comprehensive visit policy for personnel and relatives: birthday, marriage, childbirth, illness, etc.</p></li><li><p>The football club, cycling car, badminton, ... are just a few of the sports and cultural activities available.</p></li><li><p>Allowance for classes and training awards: Learning Star of the Month,</p></li><li><p>A chance to be the face of the year\'s study, the royalties...</p></li></ul><p><br><br></p>','<p>We are in search of a Backend Team Lead with a solid foundation in Golang and SQL databases (Postgres + SAP Hana), and extensive knowledge of backend systems architecture. The successful candidate will play a critical role in leading the development team, making key system design decisions, and fostering an environment conducive to growth and learning. This position requires an individual who is not only technically proficient but also exhibits strong leadership skills and the ability to communicate effectively with a range of stakeholders.</p><ul><li><p>Lead and mentor a team of software engineers in the design, development, and maintenance of scalable backend services.</p></li><li><p>Guide architectural decisions, advocate for best practices in system design, and anticipate future scaling challenges</p></li><li><p>Work collaboratively with product managers and other stakeholders to define requirements, deliverables, and set expectations for development tasks.</p></li><li><p>Foster a team culture that is focused on quality code, continuous improvement, and proactive problem-solving.</p></li><li><p>Encourage a learning environment, promoting knowledge sharing and professional growth among team members.</p></li><li><p>Lead by example in the resolution of challenging software issues, implementing measures to prevent future occurrences.</p></li><li><p>Maintain a collaborative, approachable leadership style, encouraging team members to seek guidance and offering support as needed.</p></li></ul><p><br></p>','<ul><li><p>Bachelor’s or master’s degree in computer science, Engineering, or a related field.</p></li><li><p>Minimum of 5 years of professional backend development experience, with a demonstrated trajectory of increasing responsibility.</p></li><li><p>Strong background in Golang and expert-level experience with SQL and database design (Postgres, SAP Hana).</p></li><li><p>Proven leadership skills with the ability to manage, mentor, and grow a team of software engineers.</p></li><li><p>Robust understanding of system design principles and a track record of delivering scalable, high-quality software.</p></li><li><p>Effective communication skills, capable of liaising between technical teams and non-technical stakeholders.</p></li><li><p>Experience with Kubernetes, Docker, and the implementation of CI/CD pipelines is essential.</p></li><li><p>Fluency in English (4 skills), communicate directly with the foreign client</p></li></ul>','T2-T6 8:30-18:30',0,7,'2024-07-09 15:34:06.970','2030-07-17 17:00:00.000',1,0,1,'2024-07-09 15:34:07',NULL,'2024-07-21 17:13:09',NULL);
/*!40000 ALTER TABLE `job` ENABLE KEYS */;
UNLOCK TABLES;

--
-- Table structure for table `job_category`
--

DROP TABLE IF EXISTS `job_category`;
/*!40101 SET @saved_cs_client     = @@character_set_client */;
/*!50503 SET character_set_client = utf8mb4 */;
CREATE TABLE `job_category` (
  `id` int NOT NULL AUTO_INCREMENT,
  `job_category_parent_id` int NOT NULL,
  `name` varchar(255) COLLATE utf8mb4_unicode_ci NOT NULL,
  PRIMARY KEY (`id`),
  KEY `job_category_job_category_parent_id_fkey` (`job_category_parent_id`),
  CONSTRAINT `job_category_job_category_parent_id_fkey` FOREIGN KEY (`job_category_parent_id`) REFERENCES `job_category_parent` (`id`) ON DELETE RESTRICT ON UPDATE CASCADE
) ENGINE=InnoDB AUTO_INCREMENT=150 DEFAULT CHARSET=utf8mb4 COLLATE=utf8mb4_unicode_ci;
/*!40101 SET character_set_client = @saved_cs_client */;

--
-- Dumping data for table `job_category`
--

LOCK TABLES `job_category` WRITE;
/*!40000 ALTER TABLE `job_category` DISABLE KEYS */;
INSERT INTO `job_category` VALUES (1,1,'Quản lý cửa hàng'),(2,1,'Quản lý khu vực'),(3,1,'Thu mua'),(4,1,'Trợ lý bán lẻ'),(5,2,'Bảo tiêu/Bảo lãnh'),(6,2,'Bồi thường bảo hiểm'),(7,2,'Tư vấn rủi ro'),(8,2,'Định phí bảo hiểm'),(9,3,'Cho thuê và quản lý căn hộ'),(10,3,'Kinh doanh thương mại, cho thuê & '),(11,3,'Phát triển Bất động sản'),(12,3,'Phân tích dự án Bất động sản'),(13,3,'Quản lý cơ sở vật chất'),(14,3,'Định giá'),(15,4,'CEO'),(16,4,'Quản lý cấp cao'),(17,5,'Chính sách, Quy hoạch & Quy định'),(18,5,'NGO/Phi lợi nhuận'),(19,6,'Bảo mật Công nghệ thông tin'),(20,6,'Chuyển đổi số'),(21,6,'Data Engineer/Data Analyst/AI'),(22,6,'IT support/Help Desk'),(23,6,'Phân tích kinh doanh/Phân tích hệ thống'),(24,6,'Phần cứng máy tính'),(25,6,'Phần phềm máy tính'),(26,6,'QA/QC/Software Testing'),(27,6,'Quản lý công nghệ thông tin'),(28,6,'Quản lý dự án công nghệ'),(29,6,'Quản trị cơ sở dữ liệu'),(30,6,'System/Cloud/DevOps Engineer'),(31,6,'UI/UX design'),(32,6,'Viễn thông'),(33,7,'Phân phối dược phẩm'),(34,8,'Phát triển sản phẩm may mặc'),(35,9,'Dịch vụ khách hàng'),(36,10,'Quản lý F&B'),(37,11,'Dịch vụ sinh viên/Hỗ trợ học viên'),(38,12,'Phiên dịch viên'),(39,13,'Quản lý chuỗi cung ứng'),(40,14,'Công nghệ sinh học'),(41,15,'Bán hàng kỹ thuật'),(42,16,'An toàn lao động'),(43,17,'Kiểm soát viên tài chính'),(44,18,'Bảo trì/bảo dưỡng'),(45,19,'In ấn & Xuất bản'),(46,20,'Dịch vụ hỗ trợ khách hàng'),(47,21,'Gắn kết nhân viên'),(48,22,'Nông/Lâm/Ngư nghiệp'),(49,23,'Luật lao đông/Hưu trí'),(50,24,'Hoạch định và quản lý sản xuất'),(51,25,'Chỉnh sửa video'),(52,26,'Nghiên cứu và phân tích thị trường'),(53,27,'Dịch vụ hàng không'),(54,28,'Bác Sĩ/Điều Trị Đa Khoa/Điều Trị Nội Trú'),(55,29,'Khác'),(56,8,'Quản lý đơn hàng'),(57,10,'Quầy bar/Phục vụ/Đồ uống'),(58,10,'Đầu bếp'),(59,11,'Giảng dạy/Đào tạo'),(60,11,'Nghiên cứu học thuật'),(61,11,'Quản lý giáo dục'),(62,11,'Tư vấn giáo dục'),(63,12,'Bảo vệ'),(64,12,'Hành chính'),(65,12,'Lễ tân/Tiếp tân'),(66,12,'Quản lý văn phòng'),(67,12,'Thu mua'),(68,12,'Thư ký'),(69,12,'Trợ lý kinh doanh'),(70,12,'Điều phối'),(71,13,'Quản lý kho & điều phối'),(72,13,'Quản lý đội xe'),(73,13,'Thu mua, quản trị hàng tồn kho'),(74,13,'Vận tải, giao nhận hàng hóa'),(75,13,'Xuất nhập khẩu, thủ tục hải quan'),(76,14,'Công nghệ thực phẩm'),(77,14,'Cơ khí/Điện lạnh'),(78,14,'Khai thác mỏ'),(79,14,'Kỹ thuật hóa học'),(80,14,'Kỹ thuật môi trường'),(81,14,'Kỹ thuật ô tô'),(82,14,'Kỹ thuật điện/điện tử'),(83,15,'Bán hàng qua điện thoại'),(84,15,'Bán hàng, phát triển kinh doanh'),(85,16,'Phát triển dự án/Đấu thâù'),(86,16,'Quản lý dự án'),(87,16,'Thiết kế và quy hoạch đô thị'),(88,16,'Thiết kế nội thất'),(89,16,'Xây dựng'),(90,17,'Kiểm toán'),(91,17,'Kế toán chi phí'),(92,17,'Kế toán công nợ'),(93,17,'Kế toán doanh thu'),(94,17,'Kế toán quản trị'),(95,17,'Kế toán thanh toán'),(96,17,'Kế toán thuế'),(97,17,'Kế toán tài chính'),(98,17,'Kế toán tổng hợp'),(99,18,'Cơ khí tự động hóa'),(100,18,'In ấn'),(101,18,'Kỹ thuật CNC'),(102,19,'Sản xuất chương trình'),(103,19,'Đạo diễn nghệ thuật & nhiếp ảnh'),(104,20,'Môi giới, giao dịch chứng khoán'),(105,20,'Phân tích báo cáo tài chính'),(106,20,'Quản lý quan hệ khách hàng'),(107,20,'Quản lý quỹ'),(108,20,'Thu hồi nợ'),(109,20,'Tuân thủ & kiếm soát rủi ro'),(110,20,'Tín dụng'),(111,20,'Đầu tư tài chính'),(112,21,'Lương thưởng & phúc lợi'),(113,21,'Nhân sự tổng hợp'),(114,21,'Quản trị hiệu suất & sự nghiệp'),(115,21,'Tuyển dụng'),(116,21,'Đào tạo & phát triển'),(117,23,'Luật sở hưu trí tuệ'),(118,23,'Luật thuế'),(119,23,'Luật tài chính ngân hàng thương mại'),(120,23,'Luật xây dựng'),(121,23,'Quản lý thi hành pháp luật'),(122,23,'Thư ký luật & trợ lý luật'),(123,23,'Thư ký pháp lý'),(124,23,'Trợ lý pháp lý'),(125,24,'Nghiên cứu & phát triển'),(126,24,'Phân tích sản xuất'),(127,24,'Quy trình & lắp ráp'),(128,24,'Vận hành máy móc'),(129,24,'Đảm bảo/Kiếm soát chất lượng'),(130,25,'Thiết kế công nghiệp/kỹ thuật'),(131,25,'Thiết kế thời trang/trang sức'),(132,25,'Thiết kế đồ họa'),(133,26,'Quan hệ công chúng'),(134,26,'Quản lý & phát triển sản phẩm'),(135,26,'Quản lý sự kiện'),(136,26,'Quản lý thương hiệu'),(137,26,'Quản lý tài khoản khách hàng'),(138,26,'Tiếp thị'),(139,26,'Nghiên cứu và phân tích thị trường'),(140,26,'Tiếp thị nội dung'),(141,26,'Tiếp thị thương mại'),(142,26,'Tiếp thị trực tuyến'),(143,27,'Dịch vụ vận tải công cộng'),(144,27,'Vận tải đường bộ'),(145,27,'Vận tải đường sắt & hàng hải'),(146,28,'Dược sĩ'),(147,28,'Kỹ thuật viên y tế'),(148,28,'Tư vấn tâm lý & công tác xã hội'),(149,28,'Y tá');
/*!40000 ALTER TABLE `job_category` ENABLE KEYS */;
UNLOCK TABLES;

--
-- Table structure for table `job_category_parent`
--

DROP TABLE IF EXISTS `job_category_parent`;
/*!40101 SET @saved_cs_client     = @@character_set_client */;
/*!50503 SET character_set_client = utf8mb4 */;
CREATE TABLE `job_category_parent` (
  `id` int NOT NULL AUTO_INCREMENT,
  `name` varchar(255) COLLATE utf8mb4_unicode_ci NOT NULL,
  PRIMARY KEY (`id`)
) ENGINE=InnoDB AUTO_INCREMENT=30 DEFAULT CHARSET=utf8mb4 COLLATE=utf8mb4_unicode_ci;
/*!40101 SET character_set_client = @saved_cs_client */;

--
-- Dumping data for table `job_category_parent`
--

LOCK TABLES `job_category_parent` WRITE;
/*!40000 ALTER TABLE `job_category_parent` DISABLE KEYS */;
INSERT INTO `job_category_parent` VALUES (1,'Bán lẻ/Tiêu dùng'),(2,'Bảo hiểm'),(3,'Bất động sản'),(4,'CEO & General Management'),(5,'Chính Phủ/Phi lợi nhuận'),(6,'Công nghệ thông tin/Viễn thông'),(7,'Dược'),(8,'Dệt may/Da giày'),(9,'Dịch vụ khách hàng'),(10,'Dịch vụ ăn uống'),(11,'Giáo dục'),(12,'Hành chính văn phòng'),(13,'Hậu cần/Xuất nhập kho/Kho bãi'),(14,'Khoa học & Kỹ thuật'),(15,'Kinh doanh'),(16,'Kiến Trúc/Xây dựng'),(17,'Kế toàn/Kiểm toán'),(18,'Kỹ thuật'),(19,'Nghệ thuật, truyền thông/In ấn/Xuất bản'),(20,'Ngân hàng & Dịch vụ tài chính'),(21,'Nhân sự/Tuyền dụng'),(22,'Nông/Lâm/Ngư nghiệp'),(23,'Pháp lý'),(24,'Sản xuất'),(25,'Thiết kế'),(26,'Tiếp thị, quảng cáo/Truyền thông'),(27,'Vận tải'),(28,'Y tế/Chăm sóc sức khỏe'),(29,'Khác');
/*!40000 ALTER TABLE `job_category_parent` ENABLE KEYS */;
UNLOCK TABLES;

--
-- Table structure for table `job_has_city`
--

DROP TABLE IF EXISTS `job_has_city`;
/*!40101 SET @saved_cs_client     = @@character_set_client */;
/*!50503 SET character_set_client = utf8mb4 */;
CREATE TABLE `job_has_city` (
  `id` int NOT NULL AUTO_INCREMENT,
  `job_id` int NOT NULL,
  `city_id` int NOT NULL,
  PRIMARY KEY (`id`),
  KEY `job_has_city_job_id_fkey` (`job_id`),
  KEY `job_has_city_city_id_fkey` (`city_id`),
  CONSTRAINT `job_has_city_city_id_fkey` FOREIGN KEY (`city_id`) REFERENCES `city` (`id`) ON DELETE RESTRICT ON UPDATE CASCADE,
  CONSTRAINT `job_has_city_job_id_fkey` FOREIGN KEY (`job_id`) REFERENCES `job` (`id`) ON DELETE RESTRICT ON UPDATE CASCADE
) ENGINE=InnoDB AUTO_INCREMENT=111 DEFAULT CHARSET=utf8mb4 COLLATE=utf8mb4_unicode_ci;
/*!40101 SET character_set_client = @saved_cs_client */;

--
-- Dumping data for table `job_has_city`
--

LOCK TABLES `job_has_city` WRITE;
/*!40000 ALTER TABLE `job_has_city` DISABLE KEYS */;
INSERT INTO `job_has_city` VALUES (6,4,79),(7,5,1),(10,7,1),(17,10,79),(18,10,1),(21,12,79),(22,13,79),(23,14,1),(24,15,1),(25,16,79),(26,11,1),(27,11,48),(28,17,1),(29,18,1),(30,19,1),(31,20,1),(32,21,1),(33,22,1),(34,23,1),(35,24,1),(36,25,1),(37,25,79),(38,26,1),(39,27,1),(40,27,79),(41,28,1),(42,28,79),(43,29,60),(44,30,1),(45,31,79),(46,32,1),(47,33,79),(48,34,1),(49,35,1),(50,35,48),(51,35,79),(52,36,1),(53,37,1),(54,38,1),(55,39,1),(56,40,1),(57,41,1),(58,42,1),(59,43,1),(60,44,1),(61,45,79),(62,46,79),(63,47,79),(64,48,79),(65,49,79),(66,50,79),(67,51,79),(68,51,1),(69,52,79),(70,53,79),(71,54,79),(72,55,79),(73,56,1),(74,57,79),(75,58,79),(76,59,79),(77,60,1),(78,60,79),(79,61,1),(80,62,1),(81,63,1),(82,64,1),(83,65,79),(84,66,1),(85,67,79),(86,68,1),(87,69,79),(88,70,1),(89,71,1),(90,72,1),(91,73,1),(92,74,1),(93,75,1),(94,76,1),(95,77,1),(96,78,1),(97,79,1),(98,80,1),(99,81,1),(100,82,1),(101,83,1),(102,84,1),(103,85,1),(104,86,1),(105,87,1),(107,89,1),(108,89,8),(110,9,1);
/*!40000 ALTER TABLE `job_has_city` ENABLE KEYS */;
UNLOCK TABLES;

--
-- Table structure for table `job_has_tag`
--

DROP TABLE IF EXISTS `job_has_tag`;
/*!40101 SET @saved_cs_client     = @@character_set_client */;
/*!50503 SET character_set_client = utf8mb4 */;
CREATE TABLE `job_has_tag` (
  `id` int NOT NULL AUTO_INCREMENT,
  `tag_id` int NOT NULL,
  `job_id` int NOT NULL,
  PRIMARY KEY (`id`),
  UNIQUE KEY `job_has_tag_tag_id_job_id_key` (`tag_id`,`job_id`),
  KEY `job_has_tag_job_id_fkey` (`job_id`),
  CONSTRAINT `job_has_tag_job_id_fkey` FOREIGN KEY (`job_id`) REFERENCES `job` (`id`) ON DELETE RESTRICT ON UPDATE CASCADE,
  CONSTRAINT `job_has_tag_tag_id_fkey` FOREIGN KEY (`tag_id`) REFERENCES `tag` (`id`) ON DELETE RESTRICT ON UPDATE CASCADE
) ENGINE=InnoDB DEFAULT CHARSET=utf8mb4 COLLATE=utf8mb4_unicode_ci;
/*!40101 SET character_set_client = @saved_cs_client */;

--
-- Dumping data for table `job_has_tag`
--

LOCK TABLES `job_has_tag` WRITE;
/*!40000 ALTER TABLE `job_has_tag` DISABLE KEYS */;
/*!40000 ALTER TABLE `job_has_tag` ENABLE KEYS */;
UNLOCK TABLES;

--
-- Table structure for table `message`
--

DROP TABLE IF EXISTS `message`;
/*!40101 SET @saved_cs_client     = @@character_set_client */;
/*!50503 SET character_set_client = utf8mb4 */;
CREATE TABLE `message` (
  `id` int NOT NULL AUTO_INCREMENT,
  `creator_id` int NOT NULL,
  `conversation_id` int NOT NULL,
  `content` text COLLATE utf8mb4_unicode_ci NOT NULL,
  `status` tinyint NOT NULL DEFAULT '1',
  `create_at` timestamp NULL DEFAULT CURRENT_TIMESTAMP,
  `create_by` int DEFAULT NULL,
  `update_at` timestamp NULL DEFAULT CURRENT_TIMESTAMP,
  `update_by` int DEFAULT NULL,
  PRIMARY KEY (`id`),
  KEY `message_creator_id_fkey` (`creator_id`),
  KEY `message_conversation_id_fkey` (`conversation_id`),
  CONSTRAINT `message_conversation_id_fkey` FOREIGN KEY (`conversation_id`) REFERENCES `conversation` (`id`) ON DELETE RESTRICT ON UPDATE CASCADE,
  CONSTRAINT `message_creator_id_fkey` FOREIGN KEY (`creator_id`) REFERENCES `user` (`id`) ON DELETE RESTRICT ON UPDATE CASCADE
) ENGINE=InnoDB AUTO_INCREMENT=83 DEFAULT CHARSET=utf8mb4 COLLATE=utf8mb4_unicode_ci;
/*!40101 SET character_set_client = @saved_cs_client */;

--
-- Dumping data for table `message`
--

LOCK TABLES `message` WRITE;
/*!40000 ALTER TABLE `message` DISABLE KEYS */;
INSERT INTO `message` VALUES (1,2,1,'xin chào',1,'2024-06-30 14:13:08',NULL,'2024-06-30 14:13:08',NULL),(2,3,1,'hallo',1,'2024-06-30 14:13:18',NULL,'2024-06-30 14:13:18',NULL),(3,3,1,'àd',1,'2024-06-30 14:13:45',NULL,'2024-06-30 14:13:45',NULL),(4,9,6,'ádfsadfsdf',1,'2024-07-02 17:03:06',NULL,'2024-07-02 17:03:06',NULL),(5,3,6,'dm Vương Bền',1,'2024-07-02 19:04:09',NULL,'2024-07-02 19:04:09',NULL),(6,3,6,'à sadf ádf sa',1,'2024-07-06 17:27:37',NULL,'2024-07-06 17:27:37',NULL),(7,3,6,'qwẻq ff',1,'2024-07-06 17:27:38',NULL,'2024-07-06 17:27:38',NULL),(8,2,1,'fdà',1,'2024-07-06 18:04:08',NULL,'2024-07-06 18:04:08',NULL),(9,3,1,'fdsgdg',1,'2024-07-06 18:04:15',NULL,'2024-07-06 18:04:15',NULL),(10,2,1,'fấdf',1,'2024-07-06 18:04:49',NULL,'2024-07-06 18:04:49',NULL),(11,29,7,'Yew Global Tech',1,'2024-07-08 16:43:29',NULL,'2024-07-08 16:43:29',NULL),(12,3,7,'Hê nô Ánh',1,'2024-07-08 16:43:39',NULL,'2024-07-08 16:43:39',NULL),(13,3,7,'fsadfà',1,'2024-07-08 16:43:46',NULL,'2024-07-08 16:43:46',NULL),(14,29,7,'ádf',1,'2024-07-08 16:43:49',NULL,'2024-07-08 16:43:49',NULL),(15,29,7,'fads',1,'2024-07-08 16:43:50',NULL,'2024-07-08 16:43:50',NULL),(16,29,7,'fa',1,'2024-07-08 16:43:50',NULL,'2024-07-08 16:43:50',NULL),(17,3,7,'wè',1,'2024-07-08 16:43:52',NULL,'2024-07-08 16:43:52',NULL),(18,3,7,'qwf',1,'2024-07-08 16:43:54',NULL,'2024-07-08 16:43:54',NULL),(19,3,7,'wqè',1,'2024-07-08 16:43:54',NULL,'2024-07-08 16:43:54',NULL),(20,29,7,'dgfsdb',1,'2024-07-08 16:43:57',NULL,'2024-07-08 16:43:57',NULL),(21,29,7,'adg',1,'2024-07-08 16:43:58',NULL,'2024-07-08 16:43:58',NULL),(22,29,7,'wedsfg',1,'2024-07-08 16:43:59',NULL,'2024-07-08 16:43:59',NULL),(23,29,7,'rgsdfg',1,'2024-07-08 16:44:01',NULL,'2024-07-08 16:44:01',NULL),(24,3,7,'ádf',1,'2024-07-08 16:44:06',NULL,'2024-07-08 16:44:06',NULL),(25,3,7,'egfdg',1,'2024-07-08 16:44:07',NULL,'2024-07-08 16:44:07',NULL),(26,3,7,'ẻgfdsg',1,'2024-07-08 16:44:09',NULL,'2024-07-08 16:44:09',NULL),(27,29,7,'weg',1,'2024-07-08 16:44:12',NULL,'2024-07-08 16:44:12',NULL),(28,29,7,'rg',1,'2024-07-08 16:44:12',NULL,'2024-07-08 16:44:12',NULL),(29,29,7,'qrg',1,'2024-07-08 16:44:13',NULL,'2024-07-08 16:44:13',NULL),(30,29,7,'ág',1,'2024-07-08 16:44:14',NULL,'2024-07-08 16:44:14',NULL),(31,29,7,'àg',1,'2024-07-08 16:44:14',NULL,'2024-07-08 16:44:14',NULL),(32,29,7,'ag',1,'2024-07-08 16:44:15',NULL,'2024-07-08 16:44:15',NULL),(33,29,7,'dfg',1,'2024-07-08 16:44:16',NULL,'2024-07-08 16:44:16',NULL),(34,29,7,'sdfg',1,'2024-07-08 16:44:16',NULL,'2024-07-08 16:44:16',NULL),(35,29,7,'wè',1,'2024-07-08 16:44:17',NULL,'2024-07-08 16:44:17',NULL),(36,3,7,'fqwe',1,'2024-07-08 16:44:22',NULL,'2024-07-08 16:44:22',NULL),(37,3,7,'weg',1,'2024-07-08 16:44:22',NULL,'2024-07-08 16:44:22',NULL),(38,3,7,'ádf',1,'2024-07-08 16:44:23',NULL,'2024-07-08 16:44:23',NULL),(39,3,7,'yew',1,'2024-07-08 16:44:24',NULL,'2024-07-08 16:44:24',NULL),(40,3,7,'qtr',1,'2024-07-08 16:44:24',NULL,'2024-07-08 16:44:24',NULL),(41,3,7,'f',1,'2024-07-08 16:44:25',NULL,'2024-07-08 16:44:25',NULL),(42,3,7,'qẻ',1,'2024-07-08 16:44:25',NULL,'2024-07-08 16:44:25',NULL),(43,29,7,'fsd',1,'2024-07-08 16:44:28',NULL,'2024-07-08 16:44:28',NULL),(44,29,7,'grg',1,'2024-07-08 16:44:29',NULL,'2024-07-08 16:44:29',NULL),(45,3,7,'gre',1,'2024-07-08 16:44:31',NULL,'2024-07-08 16:44:31',NULL),(46,3,7,'gr',1,'2024-07-08 16:44:32',NULL,'2024-07-08 16:44:32',NULL),(47,29,7,'ewgr',1,'2024-07-08 16:44:34',NULL,'2024-07-08 16:44:34',NULL),(48,40,8,'Hế nhổ',1,'2024-07-08 17:36:28',NULL,'2024-07-08 17:36:28',NULL),(49,3,8,'fds ád jaksdf',1,'2024-07-08 17:36:39',NULL,'2024-07-08 17:36:39',NULL),(50,3,8,'weqfh',1,'2024-07-08 17:36:40',NULL,'2024-07-08 17:36:40',NULL),(51,3,8,'ewfhqw',1,'2024-07-08 17:36:41',NULL,'2024-07-08 17:36:41',NULL),(52,3,8,'fqwekj',1,'2024-07-08 17:36:42',NULL,'2024-07-08 17:36:42',NULL),(53,40,8,'wef',1,'2024-07-08 17:36:45',NULL,'2024-07-08 17:36:45',NULL),(54,3,8,'qwf',1,'2024-07-08 17:36:46',NULL,'2024-07-08 17:36:46',NULL),(55,3,8,'wqè',1,'2024-07-08 17:36:47',NULL,'2024-07-08 17:36:47',NULL),(56,40,8,'fqw',1,'2024-07-08 17:36:49',NULL,'2024-07-08 17:36:49',NULL),(57,40,8,'qwè',1,'2024-07-08 17:36:49',NULL,'2024-07-08 17:36:49',NULL),(58,40,8,'wqè',1,'2024-07-08 17:36:50',NULL,'2024-07-08 17:36:50',NULL),(59,40,8,'qwf',1,'2024-07-08 17:36:50',NULL,'2024-07-08 17:36:50',NULL),(60,3,8,'weqf jwqelfkhewqjh fì hqwe qwhjè kjwhè khwkè hjhewkf jh fjeh hjwè fjeh jè hjehw ',1,'2024-07-08 17:37:00',NULL,'2024-07-08 17:37:00',NULL),(61,40,8,'fdá fá fàda',1,'2024-07-08 17:37:06',NULL,'2024-07-08 17:37:06',NULL),(62,3,8,'sadf ádf à',1,'2024-07-08 17:37:09',NULL,'2024-07-08 17:37:09',NULL),(63,41,9,'Chào công ty Global Tech',1,'2024-07-08 18:23:50',NULL,'2024-07-08 18:23:50',NULL),(64,3,9,'Chào NXH',1,'2024-07-08 18:27:13',NULL,'2024-07-08 18:27:13',NULL),(65,41,9,'adsf',1,'2024-07-08 18:27:18',NULL,'2024-07-08 18:27:18',NULL),(66,3,9,'ádf',1,'2024-07-08 18:27:22',NULL,'2024-07-08 18:27:22',NULL),(67,3,9,'ádf',1,'2024-07-08 18:27:22',NULL,'2024-07-08 18:27:22',NULL),(68,3,9,'ádf',1,'2024-07-08 18:27:22',NULL,'2024-07-08 18:27:22',NULL),(69,41,9,'ádf',1,'2024-07-08 18:27:25',NULL,'2024-07-08 18:27:25',NULL),(70,41,9,'àd',1,'2024-07-08 18:27:25',NULL,'2024-07-08 18:27:25',NULL),(71,41,9,'àd',1,'2024-07-08 18:27:25',NULL,'2024-07-08 18:27:25',NULL),(72,41,9,'àdf dsấdf',1,'2024-07-08 18:27:28',NULL,'2024-07-08 18:27:28',NULL),(73,3,9,'sadf',1,'2024-07-08 18:27:31',NULL,'2024-07-08 18:27:31',NULL),(74,3,9,'adsf',1,'2024-07-09 13:52:23',NULL,'2024-07-09 13:52:23',NULL),(75,3,8,'qwer',1,'2024-07-09 13:52:27',NULL,'2024-07-09 13:52:27',NULL),(76,2,1,'fábkjdfsa',1,'2024-07-09 15:25:51',NULL,'2024-07-09 15:25:51',NULL),(77,3,1,'fadgdf',1,'2024-07-09 15:26:22',NULL,'2024-07-09 15:26:22',NULL),(78,2,1,'fgdfs',1,'2024-07-09 15:26:26',NULL,'2024-07-09 15:26:26',NULL),(79,3,1,'asdfsaf',1,'2024-07-09 15:26:29',NULL,'2024-07-09 15:26:29',NULL),(80,3,1,'XIn chào',1,'2024-07-09 15:26:33',NULL,'2024-07-09 15:26:33',NULL),(81,2,1,'Chào',1,'2024-07-09 15:26:36',NULL,'2024-07-09 15:26:36',NULL),(82,2,1,'Xin chào',1,'2024-07-16 17:55:05',NULL,'2024-07-16 17:55:05',NULL);
/*!40000 ALTER TABLE `message` ENABLE KEYS */;
UNLOCK TABLES;

--
-- Table structure for table `notification`
--

DROP TABLE IF EXISTS `notification`;
/*!40101 SET @saved_cs_client     = @@character_set_client */;
/*!50503 SET character_set_client = utf8mb4 */;
CREATE TABLE `notification` (
  `id` int NOT NULL AUTO_INCREMENT,
  `from_user_id` int DEFAULT NULL,
  `to_user_id` int NOT NULL,
  `content` text COLLATE utf8mb4_unicode_ci NOT NULL,
  `status` tinyint NOT NULL DEFAULT '0',
  `create_at` timestamp NULL DEFAULT CURRENT_TIMESTAMP,
  `create_by` int DEFAULT NULL,
  `update_at` timestamp NULL DEFAULT CURRENT_TIMESTAMP,
  `update_by` int DEFAULT NULL,
  `type` tinyint DEFAULT NULL,
  `link` varchar(255) COLLATE utf8mb4_unicode_ci DEFAULT NULL,
  PRIMARY KEY (`id`),
  KEY `notification_from_user_id_fkey` (`from_user_id`),
  KEY `notification_to_user_id_fkey` (`to_user_id`),
  CONSTRAINT `notification_from_user_id_fkey` FOREIGN KEY (`from_user_id`) REFERENCES `user` (`id`) ON DELETE SET NULL ON UPDATE CASCADE,
  CONSTRAINT `notification_to_user_id_fkey` FOREIGN KEY (`to_user_id`) REFERENCES `user` (`id`) ON DELETE RESTRICT ON UPDATE CASCADE
) ENGINE=InnoDB AUTO_INCREMENT=117 DEFAULT CHARSET=utf8mb4 COLLATE=utf8mb4_unicode_ci;
/*!40101 SET character_set_client = @saved_cs_client */;

--
-- Dumping data for table `notification`
--

LOCK TABLES `notification` WRITE;
/*!40000 ALTER TABLE `notification` DISABLE KEYS */;
INSERT INTO `notification` VALUES (1,2,3,'<p>Ứng viên <strong>Nguyễn Sơn</strong> đã ứng tuyển vào công việc <strong>Tuyển intern NodeJS/ReactJS</strong></p>',1,'2024-06-30 10:34:12',NULL,'2024-07-16 18:47:45',NULL,0,NULL),(2,2,3,'<p>Ứng viên <strong>Nguyễn Sơn</strong> đã hủy ứng tuyển vào công việc <strong>Tuyển intern NodeJS/ReactJS</strong></p>',1,'2024-06-30 11:02:07',NULL,'2024-07-16 18:47:45',NULL,1,NULL),(3,2,3,'<p>Ứng viên <strong>Nguyễn Sơn</strong> đã ứng tuyển vào công việc <strong>Tuyển intern NodeJS/ReactJS</strong></p>',1,'2024-06-30 11:02:40',NULL,'2024-07-16 18:47:45',NULL,0,NULL),(4,3,2,'<p>Công ty <strong>TNHH NXS</strong> đã cập nhật trạng thái <strong>Đã liên hệ</strong> cho hồ sơ ứng tuyển vào công việc <strong>Tuyển intern NodeJS/ReactJS</strong></p>',1,'2024-06-30 14:13:34',NULL,'2024-07-16 17:25:26',NULL,2,NULL),(5,3,2,'<p>Công ty <strong>TNHH NXS</strong> đã cập nhật trạng thái <strong>Chưa liên hệ</strong> cho hồ sơ ứng tuyển vào công việc <strong>Tuyển intern NodeJS/ReactJS</strong></p>',1,'2024-06-30 14:13:50',NULL,'2024-07-16 17:25:26',NULL,2,NULL),(6,6,2,'<p>Hồ sơ của bạn đã được xem bởi công ty <strong>CÔNG TY TNHH GLODIVAL</strong></p>',1,'2024-06-30 14:34:35',NULL,'2024-07-16 17:25:26',NULL,5,NULL),(7,2,6,'<p>Ứng viên <strong>Nguyễn Sơn</strong> đã ứng tuyển vào công việc <strong>Senior Backend Developer (Java/ NodeJs)</strong></p>',0,'2024-07-01 12:41:17',NULL,'2024-07-01 12:41:17',NULL,0,NULL),(8,2,6,'<p>Ứng viên <strong>Nguyễn Sơn</strong> đã hủy ứng tuyển vào công việc <strong>Senior Backend Developer (Java/ NodeJs)</strong></p>',0,'2024-07-01 12:41:25',NULL,'2024-07-01 12:41:25',NULL,1,NULL),(9,2,6,'<p>Ứng viên <strong>Nguyễn Sơn</strong> đã ứng tuyển vào công việc <strong>Senior Backend Developer (Java/ NodeJs)</strong></p>',0,'2024-07-01 12:41:30',NULL,'2024-07-01 12:41:30',NULL,0,NULL),(10,8,6,'<p>Ứng viên <strong>Nguyễn Minh Tuấn</strong> đã ứng tuyển vào công việc <strong>Senior Backend Developer (Java/ NodeJs)</strong></p>',0,'2024-07-02 01:55:28',NULL,'2024-07-02 01:55:28',NULL,0,NULL),(11,3,2,'<p>Công ty <strong>TNHH NXS</strong> đã cập nhật trạng thái <strong>Đã liên hệ</strong> cho hồ sơ ứng tuyển vào công việc <strong>Tuyển intern NodeJS/ReactJS</strong></p>',1,'2024-07-02 10:16:05',NULL,'2024-07-16 17:25:26',NULL,2,NULL),(12,9,3,'<p>Ứng viên <strong>dsaf ádf</strong> đã ứng tuyển vào công việc <strong>Tuyển intern NodeJS/ReactJS</strong></p>',1,'2024-07-02 17:02:32',NULL,'2024-07-16 18:47:45',NULL,0,NULL),(13,9,3,'<p>Ứng viên <strong>dsaf ádf</strong> đã hủy ứng tuyển vào công việc <strong>Tuyển intern NodeJS/ReactJS</strong></p>',1,'2024-07-02 17:02:42',NULL,'2024-07-16 18:47:45',NULL,1,NULL),(14,9,3,'<p>Ứng viên <strong>dsaf ádf</strong> đã ứng tuyển vào công việc <strong>Tuyển intern NodeJS/ReactJS</strong></p>',1,'2024-07-02 17:02:51',NULL,'2024-07-16 18:47:45',NULL,0,NULL),(15,12,6,'<p>Ứng viên <strong>Lang Long</strong> đã ứng tuyển vào công việc <strong>Senior Backend Developer (Java/ NodeJs)</strong></p>',0,'2024-07-03 11:11:26',NULL,'2024-07-03 11:11:26',NULL,0,NULL),(16,8,13,'<p>Ứng viên <strong>Nguyễn Minh Tuấn</strong> đã ứng tuyển vào công việc <strong>Intern Mobile Developer</strong></p>',1,'2024-07-04 02:53:57',NULL,'2024-07-04 02:54:21',NULL,0,NULL),(17,13,8,'<p>Công ty <strong>Komartek</strong> đã cập nhật trạng thái <strong>Trúng tuyển</strong> cho hồ sơ ứng tuyển vào công việc <strong>Intern Mobile Developer</strong></p>',1,'2024-07-04 02:54:45',NULL,'2024-07-11 06:32:37',NULL,2,NULL),(18,3,2,'<p>Hồ sơ của bạn đã được xem bởi công ty <strong>TNHH NXS</strong></p>',1,'2024-07-06 10:11:47',NULL,'2024-07-16 17:25:26',NULL,5,NULL),(19,3,2,'<p>Công ty <strong>TNHH NXS</strong> đã thêm lịch phỏng vấn vào lúc <strong>19:00 ngày 10/07/2024</strong> cho công việc <strong>Nodejs Developer</strong></p>',1,'2024-07-06 17:26:19',NULL,'2024-07-16 17:25:26',NULL,4,NULL),(20,2,3,'<p>Ứng viên <strong>Nguyễn Sơn</strong> đã ứng tuyển vào công việc <strong>sadf ádf</strong></p>',1,'2024-07-06 18:05:25',NULL,'2024-07-16 18:47:45',NULL,0,NULL),(21,2,3,'<p>Ứng viên <strong>Nguyễn Sơn</strong> đã ứng tuyển vào công việc <strong>Nodejs Developer</strong></p>',1,'2024-07-06 18:40:46',NULL,'2024-07-16 18:47:45',NULL,0,NULL),(22,2,3,'<p>Ứng viên <strong>Nguyễn Sơn</strong> đã hủy ứng tuyển vào công việc <strong>Nodejs Developer</strong></p>',1,'2024-07-06 18:41:01',NULL,'2024-07-16 18:47:45',NULL,1,NULL),(23,23,3,'<p>Ứng viên <strong>Nguyễn Anh Vương</strong> đã ứng tuyển vào công việc <strong>NodeJS /ReactJS(Từ 2 Năm KN) - Thử Việc Full Lương - Tại Hà Nội - Thu Nhập 15 - 35 Triệu</strong></p>',1,'2024-07-07 20:20:19',NULL,'2024-07-16 18:47:45',NULL,0,NULL),(24,23,22,'<p>Ứng viên <strong>Nguyễn Anh Vương</strong> đã ứng tuyển vào công việc <strong>Front End Developer (TypeScript/Vue 3)</strong></p>',0,'2024-07-07 20:20:28',NULL,'2024-07-07 20:20:28',NULL,0,NULL),(25,23,3,'<p>Ứng viên <strong>Nguyễn Anh Vương</strong> đã ứng tuyển vào công việc <strong>Nodejs Developer</strong></p>',1,'2024-07-07 20:21:29',NULL,'2024-07-16 18:47:45',NULL,0,NULL),(26,23,3,'<p>Ứng viên <strong>Nguyễn Anh Vương</strong> đã ứng tuyển vào công việc <strong>Lập Trình Viên React Native</strong></p>',1,'2024-07-07 20:21:32',NULL,'2024-07-16 18:47:45',NULL,0,NULL),(27,24,3,'<p>Ứng viên <strong>Nguyễn Minh Tuấn</strong> đã ứng tuyển vào công việc <strong>NodeJS /ReactJS(Từ 2 Năm KN) - Thử Việc Full Lương - Tại Hà Nội - Thu Nhập 15 - 35 Triệu</strong></p>',1,'2024-07-07 20:23:28',NULL,'2024-07-16 18:47:45',NULL,0,NULL),(28,24,22,'<p>Ứng viên <strong>Nguyễn Minh Tuấn</strong> đã ứng tuyển vào công việc <strong>Middle Frontend Developer (React)</strong></p>',0,'2024-07-07 20:23:41',NULL,'2024-07-07 20:23:41',NULL,0,NULL),(29,24,22,'<p>Ứng viên <strong>Nguyễn Minh Tuấn</strong> đã ứng tuyển vào công việc <strong>React Developer Intern</strong></p>',0,'2024-07-07 20:24:51',NULL,'2024-07-07 20:24:51',NULL,0,NULL),(30,24,3,'<p>Ứng viên <strong>Nguyễn Minh Tuấn</strong> đã ứng tuyển vào công việc <strong>Nodejs Developer</strong></p>',1,'2024-07-07 20:25:24',NULL,'2024-07-16 18:47:45',NULL,0,NULL),(31,24,13,'<p>Ứng viên <strong>Nguyễn Minh Tuấn</strong> đã ứng tuyển vào công việc <strong>Intern Mobile Developer</strong></p>',0,'2024-07-07 20:25:36',NULL,'2024-07-07 20:25:36',NULL,0,NULL),(32,25,22,'<p>Ứng viên <strong>Chu Mạnh  Tiến</strong> đã ứng tuyển vào công việc <strong>React Native Developer</strong></p>',0,'2024-07-07 20:28:26',NULL,'2024-07-07 20:28:26',NULL,0,NULL),(33,25,3,'<p>Ứng viên <strong>Chu Mạnh  Tiến</strong> đã ứng tuyển vào công việc <strong>NodeJS /ReactJS(Từ 2 Năm KN) - Thử Việc Full Lương - Tại Hà Nội - Thu Nhập 15 - 35 Triệu</strong></p>',1,'2024-07-07 20:29:08',NULL,'2024-07-16 18:47:45',NULL,0,NULL),(34,25,6,'<p>Ứng viên <strong>Chu Mạnh  Tiến</strong> đã ứng tuyển vào công việc <strong>Senior Backend Developer (Java/ NodeJs)</strong></p>',0,'2024-07-07 20:29:46',NULL,'2024-07-07 20:29:46',NULL,0,NULL),(35,3,26,'<p>Hồ sơ của bạn đã được xem bởi công ty <strong>Global Tech</strong></p>',1,'2024-07-08 12:13:56',NULL,'2024-07-08 12:14:11',NULL,5,NULL),(36,27,3,'<p>Ứng viên <strong>Trần Văn Long</strong> đã ứng tuyển vào công việc <strong>NodeJS /ReactJS(Từ 2 Năm KN) - Thử Việc Full Lương - Tại Hà Nội - Thu Nhập 15 - 35 Triệu</strong></p>',1,'2024-07-08 12:15:31',NULL,'2024-07-16 18:47:45',NULL,0,NULL),(37,27,3,'<p>Ứng viên <strong>Trần Văn Long</strong> đã hủy ứng tuyển vào công việc <strong>NodeJS /ReactJS(Từ 2 Năm KN) - Thử Việc Full Lương - Tại Hà Nội - Thu Nhập 15 - 35 Triệu</strong></p>',1,'2024-07-08 12:23:44',NULL,'2024-07-16 18:47:45',NULL,1,NULL),(38,27,3,'<p>Ứng viên <strong>Trần Văn Long</strong> đã ứng tuyển vào công việc <strong>NodeJS /ReactJS(Từ 2 Năm KN) - Thử Việc Full Lương - Tại Hà Nội - Thu Nhập 15 - 35 Triệu</strong></p>',1,'2024-07-08 12:23:54',NULL,'2024-07-16 18:47:45',NULL,0,NULL),(39,27,22,'<p>Ứng viên <strong>Trần Văn Long</strong> đã ứng tuyển vào công việc <strong>Front End Developer (TypeScript/Vue 3)</strong></p>',0,'2024-07-08 12:24:06',NULL,'2024-07-08 12:24:06',NULL,0,NULL),(40,27,22,'<p>Ứng viên <strong>Trần Văn Long</strong> đã ứng tuyển vào công việc <strong>React Developer Intern</strong></p>',0,'2024-07-08 12:24:42',NULL,'2024-07-08 12:24:42',NULL,0,NULL),(41,26,3,'<p>Ứng viên <strong>Nguyễn Duy  Hùng</strong> đã ứng tuyển vào công việc <strong>NodeJS /ReactJS(Từ 2 Năm KN) - Thử Việc Full Lương - Tại Hà Nội - Thu Nhập 15 - 35 Triệu</strong></p>',1,'2024-07-08 12:25:15',NULL,'2024-07-16 18:47:45',NULL,0,NULL),(42,26,22,'<p>Ứng viên <strong>Nguyễn Duy  Hùng</strong> đã ứng tuyển vào công việc <strong>React Developer Intern</strong></p>',0,'2024-07-08 12:25:38',NULL,'2024-07-08 12:25:38',NULL,0,NULL),(43,26,3,'<p>Ứng viên <strong>Nguyễn Duy  Hùng</strong> đã ứng tuyển vào công việc <strong>Lập Trình Viên React Native</strong></p>',1,'2024-07-08 12:26:06',NULL,'2024-07-16 18:47:45',NULL,0,NULL),(44,24,3,'<p>Ứng viên <strong>Nguyễn Minh Tuấn</strong> đã hủy ứng tuyển vào công việc <strong>Nodejs Developer</strong></p>',1,'2024-07-08 14:49:43',NULL,'2024-07-16 18:47:45',NULL,1,NULL),(45,24,3,'<p>Ứng viên <strong>Nguyễn Minh Tuấn</strong> đã hủy ứng tuyển vào công việc <strong>NodeJS /ReactJS(Từ 2 Năm KN) - Thử Việc Full Lương - Tại Hà Nội - Thu Nhập 15 - 35 Triệu</strong></p>',1,'2024-07-08 14:49:49',NULL,'2024-07-16 18:47:45',NULL,1,NULL),(46,24,3,'<p>Ứng viên <strong>Nguyễn Minh Tuấn</strong> đã ứng tuyển vào công việc <strong>NodeJS /ReactJS(Từ 2 Năm KN) - Thử Việc Full Lương - Tại Hà Nội - Thu Nhập 15 - 35 Triệu</strong></p>',1,'2024-07-08 14:50:34',NULL,'2024-07-16 18:47:45',NULL,0,NULL),(47,24,3,'<p>Ứng viên <strong>Nguyễn Minh Tuấn</strong> đã hủy ứng tuyển vào công việc <strong>NodeJS /ReactJS(Từ 2 Năm KN) - Thử Việc Full Lương - Tại Hà Nội - Thu Nhập 15 - 35 Triệu</strong></p>',1,'2024-07-08 14:50:42',NULL,'2024-07-16 18:47:45',NULL,1,NULL),(48,3,24,'<p>Hồ sơ của bạn đã được xem bởi công ty <strong>Global Tech</strong></p>',0,'2024-07-08 14:55:34',NULL,'2024-07-08 14:55:34',NULL,5,NULL),(49,24,3,'<p>Ứng viên <strong>Nguyễn Minh Tuấn</strong> đã ứng tuyển vào công việc <strong>NodeJS /ReactJS(Từ 2 Năm KN) - Thử Việc Full Lương - Tại Hà Nội - Thu Nhập 15 - 35 Triệu</strong></p>',1,'2024-07-08 15:09:22',NULL,'2024-07-16 18:47:45',NULL,0,NULL),(50,3,25,'<p>Hồ sơ của bạn đã được xem bởi công ty <strong>Global Tech</strong></p>',1,'2024-07-08 15:13:04',NULL,'2024-07-08 15:41:51',NULL,5,NULL),(51,25,3,'<p>Ứng viên <strong>Chu Mạnh  Tiến</strong> đã ứng tuyển vào công việc <strong>Thực Tập Sinh Java</strong></p>',1,'2024-07-08 15:41:21',NULL,'2024-07-16 18:47:45',NULL,0,NULL),(52,25,21,'<p>Ứng viên <strong>Chu Mạnh  Tiến</strong> đã ứng tuyển vào công việc <strong>Java Developer (Banking Project)</strong></p>',0,'2024-07-08 15:41:35',NULL,'2024-07-08 15:41:35',NULL,0,NULL),(53,28,21,'<p>Ứng viên <strong>Đỗ Đặng Phương</strong> đã ứng tuyển vào công việc <strong>Java Developer (Banking Project)</strong></p>',0,'2024-07-08 16:24:30',NULL,'2024-07-08 16:24:30',NULL,0,NULL),(54,28,6,'<p>Ứng viên <strong>Đỗ Đặng Phương</strong> đã ứng tuyển vào công việc <strong>Senior Backend Developer (Java/ NodeJs)</strong></p>',0,'2024-07-08 16:24:54',NULL,'2024-07-08 16:24:54',NULL,0,NULL),(55,28,3,'<p>Ứng viên <strong>Đỗ Đặng Phương</strong> đã ứng tuyển vào công việc <strong>Thực Tập Sinh Java</strong></p>',1,'2024-07-08 16:25:43',NULL,'2024-07-16 18:47:45',NULL,0,NULL),(56,28,3,'<p>Ứng viên <strong>Đỗ Đặng Phương</strong> đã ứng tuyển vào công việc <strong>Lập Trình Viên Blockchain (Golang)</strong></p>',1,'2024-07-08 16:25:48',NULL,'2024-07-16 18:47:45',NULL,0,NULL),(57,3,28,'<p>Hồ sơ của bạn đã được xem bởi công ty <strong>Global Tech</strong></p>',1,'2024-07-08 16:27:44',NULL,'2024-07-08 16:27:50',NULL,5,NULL),(58,29,21,'<p>Ứng viên <strong>Nguyễn Thị Ngọc Ánh</strong> đã ứng tuyển vào công việc <strong>Executive Assistant</strong></p>',0,'2024-07-08 16:41:01',NULL,'2024-07-08 16:41:01',NULL,0,NULL),(59,3,29,'<p>Hồ sơ của bạn đã được xem bởi công ty <strong>Global Tech</strong></p>',0,'2024-07-08 16:42:14',NULL,'2024-07-08 16:42:14',NULL,5,NULL),(60,30,15,'<p>Ứng viên <strong>Lê Thị Thùy Dương</strong> đã ứng tuyển vào công việc <strong>Nhân Viên Bán Hàng , Trực Page / Nhân Viên Quản Lý Sàn Thương Mại Điện Tử TMĐT (Shopee, Tiktok)/ Chăm Sóc Khách Hàng</strong></p>',0,'2024-07-08 16:53:53',NULL,'2024-07-08 16:53:53',NULL,0,NULL),(61,3,30,'<p>Hồ sơ của bạn đã được xem bởi công ty <strong>Global Tech</strong></p>',1,'2024-07-08 16:54:40',NULL,'2024-07-08 16:55:03',NULL,5,NULL),(62,31,15,'<p>Ứng viên <strong>Nguyễn Thị Kiều Trinh</strong> đã ứng tuyển vào công việc <strong>Nhân Viên Bán Hàng , Trực Page / Nhân Viên Quản Lý Sàn Thương Mại Điện Tử TMĐT (Shopee, Tiktok)/ Chăm Sóc Khách Hàng</strong></p>',0,'2024-07-08 16:58:33',NULL,'2024-07-08 16:58:33',NULL,0,NULL),(63,3,31,'<p>Hồ sơ của bạn đã được xem bởi công ty <strong>Global Tech</strong></p>',0,'2024-07-08 16:58:47',NULL,'2024-07-08 16:58:47',NULL,5,NULL),(64,3,32,'<p>Hồ sơ của bạn đã được xem bởi công ty <strong>Global Tech</strong></p>',0,'2024-07-08 17:02:34',NULL,'2024-07-08 17:02:34',NULL,5,NULL),(65,32,3,'<p>Ứng viên <strong>Đàm Quân Sơn</strong> đã ứng tuyển vào công việc <strong>Nodejs Developer</strong></p>',1,'2024-07-08 17:03:32',NULL,'2024-07-16 18:47:45',NULL,0,NULL),(66,32,3,'<p>Ứng viên <strong>Đàm Quân Sơn</strong> đã ứng tuyển vào công việc <strong>NodeJS /ReactJS(Từ 2 Năm KN) - Thử Việc Full Lương - Tại Hà Nội - Thu Nhập 15 - 35 Triệu</strong></p>',1,'2024-07-08 17:03:40',NULL,'2024-07-16 18:47:45',NULL,0,NULL),(67,32,6,'<p>Ứng viên <strong>Đàm Quân Sơn</strong> đã ứng tuyển vào công việc <strong>Senior Backend Developer (Java/ NodeJs)</strong></p>',0,'2024-07-08 17:03:57',NULL,'2024-07-08 17:03:57',NULL,0,NULL),(68,33,3,'<p>Ứng viên <strong>Nguyễn Minh Thắng</strong> đã ứng tuyển vào công việc <strong>NodeJS /ReactJS(Từ 2 Năm KN) - Thử Việc Full Lương - Tại Hà Nội - Thu Nhập 15 - 35 Triệu</strong></p>',1,'2024-07-08 17:09:32',NULL,'2024-07-16 18:47:45',NULL,0,NULL),(69,33,22,'<p>Ứng viên <strong>Nguyễn Minh Thắng</strong> đã ứng tuyển vào công việc <strong>React Native Developer</strong></p>',0,'2024-07-08 17:09:51',NULL,'2024-07-08 17:09:51',NULL,0,NULL),(70,33,21,'<p>Ứng viên <strong>Nguyễn Minh Thắng</strong> đã ứng tuyển vào công việc <strong>Java Developer (Banking Project)</strong></p>',0,'2024-07-08 17:10:14',NULL,'2024-07-08 17:10:14',NULL,0,NULL),(71,33,6,'<p>Ứng viên <strong>Nguyễn Minh Thắng</strong> đã ứng tuyển vào công việc <strong>Senior Backend Developer (Java/ NodeJs)</strong></p>',0,'2024-07-08 17:10:23',NULL,'2024-07-08 17:10:23',NULL,0,NULL),(72,34,3,'<p>Ứng viên <strong>Nguyễn Hồng Sơn</strong> đã ứng tuyển vào công việc <strong>NodeJS /ReactJS(Từ 2 Năm KN) - Thử Việc Full Lương - Tại Hà Nội - Thu Nhập 15 - 35 Triệu</strong></p>',1,'2024-07-08 17:12:35',NULL,'2024-07-16 18:47:45',NULL,0,NULL),(73,3,34,'<p>Hồ sơ của bạn đã được xem bởi công ty <strong>Global Tech</strong></p>',0,'2024-07-08 17:15:30',NULL,'2024-07-08 17:15:30',NULL,5,NULL),(74,35,20,'<p>Ứng viên <strong>Bùi Thị Kim Dung</strong> đã ứng tuyển vào công việc <strong>Trưởng Nhóm Chăm Sóc Khách Hàng - Thu Nhập Upto 25M/Tháng [Hồ Chí Minh]</strong></p>',0,'2024-07-08 17:18:19',NULL,'2024-07-08 17:18:19',NULL,0,NULL),(75,36,18,'<p>Ứng viên <strong>Nguyễn Việt Khanh</strong> đã ứng tuyển vào công việc <strong>Nhân Viên Tài Xế B2 (Làm Việc Tại Quận 7, TP. Hồ Chí Minh)</strong></p>',0,'2024-07-08 17:21:05',NULL,'2024-07-08 17:21:05',NULL,0,NULL),(76,36,18,'<p>Ứng viên <strong>Nguyễn Việt Khanh</strong> đã ứng tuyển vào công việc <strong>Nhân Viên Thao Tác Bưu Cục (Không Yêu Cầu Kinh Nghiệm)</strong></p>',0,'2024-07-08 17:21:31',NULL,'2024-07-08 17:21:31',NULL,0,NULL),(77,3,34,'<p>Công ty <strong>Global Tech</strong> đã cập nhật trạng thái <strong>Đã liên hệ</strong> cho hồ sơ ứng tuyển vào công việc <strong>NodeJS /ReactJS(Từ 2 Năm KN) - Thử Việc Full Lương - Tại Hà Nội - Thu Nhập 15 - 35 Triệu</strong></p>',0,'2024-07-08 17:22:28',NULL,'2024-07-08 17:22:28',NULL,2,NULL),(78,3,33,'<p>Công ty <strong>Global Tech</strong> đã cập nhật trạng thái <strong>Đã phỏng vấn</strong> cho hồ sơ ứng tuyển vào công việc <strong>NodeJS /ReactJS(Từ 2 Năm KN) - Thử Việc Full Lương - Tại Hà Nội - Thu Nhập 15 - 35 Triệu</strong></p>',0,'2024-07-08 17:22:31',NULL,'2024-07-08 17:22:31',NULL,2,NULL),(79,3,32,'<p>Công ty <strong>Global Tech</strong> đã cập nhật trạng thái <strong>Đã phỏng vấn</strong> cho hồ sơ ứng tuyển vào công việc <strong>NodeJS /ReactJS(Từ 2 Năm KN) - Thử Việc Full Lương - Tại Hà Nội - Thu Nhập 15 - 35 Triệu</strong></p>',0,'2024-07-08 17:22:33',NULL,'2024-07-08 17:22:33',NULL,2,NULL),(80,3,32,'<p>Công ty <strong>Global Tech</strong> đã cập nhật trạng thái <strong>Trúng tuyển</strong> cho hồ sơ ứng tuyển vào công việc <strong>Nodejs Developer</strong></p>',0,'2024-07-08 17:22:36',NULL,'2024-07-08 17:22:36',NULL,2,NULL),(81,3,28,'<p>Công ty <strong>Global Tech</strong> đã cập nhật trạng thái <strong>Trúng tuyển</strong> cho hồ sơ ứng tuyển vào công việc <strong>Lập Trình Viên Blockchain (Golang)</strong></p>',0,'2024-07-08 17:22:38',NULL,'2024-07-08 17:22:38',NULL,2,NULL),(82,3,28,'<p>Công ty <strong>Global Tech</strong> đã cập nhật trạng thái <strong>Từ chối</strong> cho hồ sơ ứng tuyển vào công việc <strong>Thực Tập Sinh Java</strong></p>',0,'2024-07-08 17:22:40',NULL,'2024-07-08 17:22:40',NULL,2,NULL),(83,3,25,'<p>Công ty <strong>Global Tech</strong> đã cập nhật trạng thái <strong>Trúng tuyển</strong> cho hồ sơ ứng tuyển vào công việc <strong>Thực Tập Sinh Java</strong></p>',0,'2024-07-08 17:22:43',NULL,'2024-07-08 17:22:43',NULL,2,NULL),(84,3,24,'<p>Công ty <strong>Global Tech</strong> đã cập nhật trạng thái <strong>Từ chối</strong> cho hồ sơ ứng tuyển vào công việc <strong>NodeJS /ReactJS(Từ 2 Năm KN) - Thử Việc Full Lương - Tại Hà Nội - Thu Nhập 15 - 35 Triệu</strong></p>',0,'2024-07-08 17:22:45',NULL,'2024-07-08 17:22:45',NULL,2,NULL),(85,3,26,'<p>Công ty <strong>Global Tech</strong> đã cập nhật trạng thái <strong>Đã liên hệ</strong> cho hồ sơ ứng tuyển vào công việc <strong>Lập Trình Viên React Native</strong></p>',0,'2024-07-08 17:23:00',NULL,'2024-07-08 17:23:00',NULL,2,NULL),(86,3,26,'<p>Công ty <strong>Global Tech</strong> đã cập nhật trạng thái <strong>Đã phỏng vấn</strong> cho hồ sơ ứng tuyển vào công việc <strong>NodeJS /ReactJS(Từ 2 Năm KN) - Thử Việc Full Lương - Tại Hà Nội - Thu Nhập 15 - 35 Triệu</strong></p>',0,'2024-07-08 17:23:02',NULL,'2024-07-08 17:23:02',NULL,2,NULL),(87,3,23,'<p>Công ty <strong>Global Tech</strong> đã cập nhật trạng thái <strong>Đã liên hệ</strong> cho hồ sơ ứng tuyển vào công việc <strong>Lập Trình Viên React Native</strong></p>',0,'2024-07-08 17:23:06',NULL,'2024-07-08 17:23:06',NULL,2,NULL),(88,3,9,'<p>Công ty <strong>Global Tech</strong> đã cập nhật trạng thái <strong>Đã phỏng vấn</strong> cho hồ sơ ứng tuyển vào công việc <strong>Nodejs Developer</strong></p>',0,'2024-07-08 17:23:09',NULL,'2024-07-08 17:23:09',NULL,2,NULL),(89,3,23,'<p>Công ty <strong>Global Tech</strong> đã cập nhật trạng thái <strong>Từ chối</strong> cho hồ sơ ứng tuyển vào công việc <strong>Nodejs Developer</strong></p>',0,'2024-07-08 17:23:15',NULL,'2024-07-08 17:23:15',NULL,2,NULL),(90,37,22,'<p>Ứng viên <strong>Nguyễn Thị Hòa</strong> đã ứng tuyển vào công việc <strong>Tester /QC</strong></p>',0,'2024-07-08 17:28:08',NULL,'2024-07-08 17:28:08',NULL,0,NULL),(91,37,21,'<p>Ứng viên <strong>Nguyễn Thị Hòa</strong> đã ứng tuyển vào công việc <strong>Fresher Tester (English Fluent)</strong></p>',0,'2024-07-08 17:28:19',NULL,'2024-07-08 17:28:19',NULL,0,NULL),(92,37,3,'<p>Ứng viên <strong>Nguyễn Thị Hòa</strong> đã ứng tuyển vào công việc <strong>UX Designer</strong></p>',1,'2024-07-08 17:28:51',NULL,'2024-07-16 18:47:45',NULL,0,NULL),(93,38,18,'<p>Ứng viên <strong>Nguyễn Ngọc Tuyết</strong> đã ứng tuyển vào công việc <strong>Chuyên Viên Kế Toán Thuế (Làm Việc Tại Quận 7)</strong></p>',0,'2024-07-08 17:31:13',NULL,'2024-07-08 17:31:13',NULL,0,NULL),(94,38,18,'<p>Ứng viên <strong>Nguyễn Ngọc Tuyết</strong> đã ứng tuyển vào công việc <strong>Nhân Viên Kế Toán Khu Vực Làm Việc Tại Quận 7</strong></p>',0,'2024-07-08 17:31:27',NULL,'2024-07-08 17:31:27',NULL,0,NULL),(95,39,20,'<p>Ứng viên <strong>Nguyễn Ngọc Mai</strong> đã ứng tuyển vào công việc <strong>Nhân Viên Tư Vấn Tuyển Sinh - Hà Nội - (Toàn Quốc) - Có Đào Tạo, Thu Nhập Upto 25tr/Tháng</strong></p>',0,'2024-07-08 17:35:26',NULL,'2024-07-08 17:35:26',NULL,0,NULL),(96,39,20,'<p>Ứng viên <strong>Nguyễn Ngọc Mai</strong> đã ứng tuyển vào công việc <strong>Trợ Giảng/ Gia Sư/ Giáo Viên Part-Time [Hà Nội - Long Biên - Hoàn Kiếm]/Hải Phòng - Ưu Tiên Sinh Viên Ngành CNTT, Thiết Kế, Điện Tử Viễn Thông</strong></p>',0,'2024-07-08 17:35:35',NULL,'2024-07-08 17:35:35',NULL,0,NULL),(97,41,3,'<p>Ứng viên <strong>Nguyễn Xuân Hà</strong> đã ứng tuyển vào công việc <strong>Thực Tập Sinh Java</strong></p>',1,'2024-07-08 18:23:04',NULL,'2024-07-16 18:47:45',NULL,0,NULL),(98,41,3,'<p>Ứng viên <strong>Nguyễn Xuân Hà</strong> đã hủy ứng tuyển vào công việc <strong>Thực Tập Sinh Java</strong></p>',1,'2024-07-08 18:23:27',NULL,'2024-07-16 18:47:45',NULL,1,NULL),(99,41,3,'<p>Ứng viên <strong>Nguyễn Xuân Hà</strong> đã ứng tuyển vào công việc <strong>Thực Tập Sinh Java</strong></p>',1,'2024-07-08 18:23:29',NULL,'2024-07-16 18:47:45',NULL,0,NULL),(100,3,23,'<p>Công ty <strong>Global Tech</strong> đã thêm lịch phỏng vấn vào lúc <strong>00:00 ngày 18/07/2024</strong> cho công việc <strong>NodeJS /ReactJS(Từ 2 Năm KN) - Thử Việc Full Lương - Tại Hà Nội - Thu Nhập 15 - 35 Triệu</strong></p>',0,'2024-07-08 18:37:58',NULL,'2024-07-08 18:37:58',NULL,4,NULL),(101,3,23,'<p>Công ty <strong>Global Tech</strong> đã cập nhật trạng thái <strong>Đã liên hệ</strong> cho hồ sơ ứng tuyển vào công việc <strong>NodeJS /ReactJS(Từ 2 Năm KN) - Thử Việc Full Lương - Tại Hà Nội - Thu Nhập 15 - 35 Triệu</strong></p>',0,'2024-07-08 18:38:05',NULL,'2024-07-08 18:38:05',NULL,2,NULL),(102,3,27,'<p>Công ty <strong>Global Tech</strong> đã thêm lịch phỏng vấn vào lúc <strong>08:00 ngày 12/07/2024</strong> cho công việc <strong>NodeJS /ReactJS(Từ 2 Năm KN) - Thử Việc Full Lương - Tại Hà Nội - Thu Nhập 15 - 35 Triệu</strong></p>',0,'2024-07-08 18:38:28',NULL,'2024-07-08 18:38:28',NULL,4,NULL),(103,3,32,'<p>Công ty <strong>Global Tech</strong> đã thêm lịch phỏng vấn vào lúc <strong>01:00 ngày 10/07/2024</strong> cho công việc <strong>NodeJS /ReactJS(Từ 2 Năm KN) - Thử Việc Full Lương - Tại Hà Nội - Thu Nhập 15 - 35 Triệu</strong></p>',0,'2024-07-08 18:38:42',NULL,'2024-07-08 18:38:42',NULL,4,NULL),(104,3,33,'<p>Công ty <strong>Global Tech</strong> đã thêm lịch phỏng vấn vào lúc <strong>14:30 ngày 09/07/2024</strong> cho công việc <strong>NodeJS /ReactJS(Từ 2 Năm KN) - Thử Việc Full Lương - Tại Hà Nội - Thu Nhập 15 - 35 Triệu</strong></p>',0,'2024-07-08 18:39:04',NULL,'2024-07-08 18:39:04',NULL,4,NULL),(105,3,27,'<p>Công ty <strong>Global Tech</strong> đã cập nhật trạng thái <strong>Đã liên hệ</strong> cho hồ sơ ứng tuyển vào công việc <strong>NodeJS /ReactJS(Từ 2 Năm KN) - Thử Việc Full Lương - Tại Hà Nội - Thu Nhập 15 - 35 Triệu</strong></p>',0,'2024-07-08 18:39:36',NULL,'2024-07-08 18:39:36',NULL,2,NULL),(106,3,26,'<p>Công ty <strong>Global Tech</strong> đã cập nhật trạng thái <strong>Đã liên hệ</strong> cho hồ sơ ứng tuyển vào công việc <strong>NodeJS /ReactJS(Từ 2 Năm KN) - Thử Việc Full Lương - Tại Hà Nội - Thu Nhập 15 - 35 Triệu</strong></p>',0,'2024-07-08 18:39:45',NULL,'2024-07-08 18:39:45',NULL,2,NULL),(107,3,26,'<p>Công ty <strong>Global Tech</strong> đã cập nhật trạng thái <strong>Chưa liên hệ</strong> cho hồ sơ ứng tuyển vào công việc <strong>NodeJS /ReactJS(Từ 2 Năm KN) - Thử Việc Full Lương - Tại Hà Nội - Thu Nhập 15 - 35 Triệu</strong></p>',0,'2024-07-08 18:39:47',NULL,'2024-07-08 18:39:47',NULL,2,NULL),(108,3,34,'<p>Công ty <strong>Global Tech</strong> đã thêm lịch phỏng vấn vào lúc <strong>03:00 ngày 10/07/2024</strong> cho công việc <strong>NodeJS /ReactJS(Từ 2 Năm KN) - Thử Việc Full Lương - Tại Hà Nội - Thu Nhập 15 - 35 Triệu</strong></p>',0,'2024-07-08 18:40:06',NULL,'2024-07-08 18:40:06',NULL,4,NULL),(109,3,35,'<p>Hồ sơ của bạn đã được xem bởi công ty <strong>Global Tech</strong></p>',0,'2024-07-08 18:40:37',NULL,'2024-07-08 18:40:37',NULL,5,NULL),(110,3,27,'<p>Hồ sơ của bạn đã được xem bởi công ty <strong>Global Tech</strong></p>',0,'2024-07-08 18:40:48',NULL,'2024-07-08 18:40:48',NULL,5,NULL),(111,2,3,'<p>Ứng viên <strong>Nguyễn Sơn</strong> đã ứng tuyển vào công việc <strong>Thực Tập Sinh Java</strong></p>',1,'2024-07-09 15:25:10',NULL,'2024-07-16 18:47:45',NULL,0,NULL),(112,3,2,'<p>Công ty <strong>Global Tech</strong> đã cập nhật trạng thái <strong>Đã liên hệ</strong> cho hồ sơ ứng tuyển vào công việc <strong>Thực Tập Sinh Java</strong></p>',1,'2024-07-09 15:26:57',NULL,'2024-07-16 17:25:26',NULL,2,NULL),(113,42,3,'<p>Ứng viên <strong>as sa</strong> đã ứng tuyển vào công việc <strong>Backend Golang Leader</strong></p>',1,'2024-07-16 10:10:54',NULL,'2024-07-16 18:47:45',NULL,0,NULL),(114,2,3,'<p>Ứng viên <strong>Nguyễn Sơn</strong> đã ứng tuyển vào công việc <strong>Backend Golang Leader</strong></p>',1,'2024-07-16 17:56:13',NULL,'2024-07-16 18:47:45',NULL,0,NULL),(115,2,3,'<p>Ứng viên <strong>Nguyễn Sơn</strong> đã hủy ứng tuyển vào công việc <strong>Backend Golang Leader</strong></p>',1,'2024-07-16 18:46:05',NULL,'2024-07-16 18:47:45',NULL,1,NULL),(116,2,3,'<p>Ứng viên <strong>Nguyễn Sơn</strong> đã ứng tuyển vào công việc <strong>Backend Golang Leader</strong></p>',1,'2024-07-16 18:46:08',NULL,'2024-07-16 18:47:45',NULL,0,NULL);
/*!40000 ALTER TABLE `notification` ENABLE KEYS */;
UNLOCK TABLES;

--
-- Table structure for table `notification_template`
--

DROP TABLE IF EXISTS `notification_template`;
/*!40101 SET @saved_cs_client     = @@character_set_client */;
/*!50503 SET character_set_client = utf8mb4 */;
CREATE TABLE `notification_template` (
  `id` int NOT NULL AUTO_INCREMENT,
  `type` tinyint NOT NULL DEFAULT '0',
  `code` varchar(255) COLLATE utf8mb4_unicode_ci NOT NULL,
  `content` text COLLATE utf8mb4_unicode_ci NOT NULL,
  `status` tinyint NOT NULL DEFAULT '1',
  `create_at` timestamp NULL DEFAULT CURRENT_TIMESTAMP,
  `create_by` int DEFAULT NULL,
  `update_at` timestamp NULL DEFAULT CURRENT_TIMESTAMP,
  `update_by` int DEFAULT NULL,
  PRIMARY KEY (`id`),
  UNIQUE KEY `notification_template_code_key` (`code`)
) ENGINE=InnoDB AUTO_INCREMENT=7 DEFAULT CHARSET=utf8mb4 COLLATE=utf8mb4_unicode_ci;
/*!40101 SET character_set_client = @saved_cs_client */;

--
-- Dumping data for table `notification_template`
--

LOCK TABLES `notification_template` WRITE;
/*!40000 ALTER TABLE `notification_template` DISABLE KEYS */;
INSERT INTO `notification_template` VALUES (1,0,'CANDIDATE_APPLY_JOB','<p>Ứng viên <strong>{0}</strong> đã ứng tuyển vào công việc <strong>{1}</strong></p>',1,'2024-06-29 20:33:52',NULL,'2024-06-29 20:33:52',NULL),(2,0,'CANDIDATE_DELETE_APPLY_JOB','<p>Ứng viên <strong>{0}</strong> đã hủy ứng tuyển vào công việc <strong>{1}</strong></p>',1,'2024-06-29 20:33:52',NULL,'2024-06-29 20:33:52',NULL),(3,0,'COMPANY_UPDATE_APPLICATION_STATUS','<p>Công ty <strong>{0}</strong> đã cập nhật trạng thái <strong>{1}</strong> cho hồ sơ ứng tuyển vào công việc <strong>{2}</strong></p>',1,'2024-06-29 20:33:52',NULL,'2024-06-29 20:33:52',NULL),(4,0,'COMPANY_ADD_INTERVIEW_SCHEDULE','<p>Công ty <strong>{0}</strong> đã thêm lịch phỏng vấn vào lúc <strong>{1}</strong> cho công việc <strong>{2}</strong></p>',1,'2024-06-29 20:33:52',NULL,'2024-06-29 20:33:52',NULL),(5,0,'COMPANY_DELETE_JOB','<p>Công ty <strong>{0}</strong> đã loại bỏ công việc <strong>{1}</strong></p>',1,'2024-06-29 20:33:52',NULL,'2024-06-29 20:33:52',NULL),(6,0,'COMPANY_VIEW_CV','<p>Hồ sơ của bạn đã được xem bởi công ty <strong>{0}</strong></p>',1,'2024-06-29 20:33:52',NULL,'2024-06-29 20:33:52',NULL);
/*!40000 ALTER TABLE `notification_template` ENABLE KEYS */;
UNLOCK TABLES;

--
-- Table structure for table `permission`
--

DROP TABLE IF EXISTS `permission`;
/*!40101 SET @saved_cs_client     = @@character_set_client */;
/*!50503 SET character_set_client = utf8mb4 */;
CREATE TABLE `permission` (
  `id` int NOT NULL AUTO_INCREMENT,
  `action` varchar(255) COLLATE utf8mb4_unicode_ci NOT NULL,
  PRIMARY KEY (`id`),
  UNIQUE KEY `permission_action_key` (`action`)
) ENGINE=InnoDB AUTO_INCREMENT=44 DEFAULT CHARSET=utf8mb4 COLLATE=utf8mb4_unicode_ci;
/*!40101 SET character_set_client = @saved_cs_client */;

--
-- Dumping data for table `permission`
--

LOCK TABLES `permission` WRITE;
/*!40000 ALTER TABLE `permission` DISABLE KEYS */;
INSERT INTO `permission` VALUES (1,'AuthController.changePassword'),(2,'AuthController.userSignIn'),(3,'AuthController.userSignUp'),(4,'AuthController.userVerify'),(36,'BlogController.createBlog'),(39,'BlogController.deleteBlog'),(37,'BlogController.getDetail'),(38,'BlogController.getListBlog'),(40,'BlogController.updateBlog'),(41,'BlogController.userFollowBlog'),(26,'CandidateController.getListCandidate'),(42,'CompanyController.companyViewProfileCandidate'),(5,'CompanyController.getJobsApplication'),(23,'CompanyController.getListCandidate'),(6,'CompanyController.getListJob'),(7,'CompanyController.getMyCompany'),(8,'CompanyController.updateJobApplication'),(9,'CompanyController.updateMyCompany'),(31,'ConversationController.createConversationPair'),(35,'ConversationController.getConversationDetail'),(33,'ConversationController.getListConversation'),(32,'ConversationController.getMessageConversation'),(10,'FileController.uploadImagesToS3'),(11,'FileController.uploadPdfsToS3'),(12,'JobController.createJob'),(13,'JobController.deleteJob'),(27,'JobController.followJob'),(14,'JobController.getJob'),(15,'JobController.getListJob'),(43,'JobController.recommendJob'),(34,'JobController.reopenJob'),(16,'JobController.updateJob'),(29,'NotificationController.getListNotification'),(30,'NotificationController.updateManyNotification'),(24,'UserController.getAccountInfo'),(17,'UserController.getListApplications'),(21,'UserController.getMyProfile'),(25,'UserController.updateAccountInfo'),(22,'UserController.updateMyProfile'),(18,'UserController.updateUser'),(19,'UserController.userApplyJob'),(20,'UserController.userDeleteApplyJob'),(28,'UserController.userListFavorite');
/*!40000 ALTER TABLE `permission` ENABLE KEYS */;
UNLOCK TABLES;

--
-- Table structure for table `role`
--

DROP TABLE IF EXISTS `role`;
/*!40101 SET @saved_cs_client     = @@character_set_client */;
/*!50503 SET character_set_client = utf8mb4 */;
CREATE TABLE `role` (
  `id` int NOT NULL AUTO_INCREMENT,
  `name` varchar(255) COLLATE utf8mb4_unicode_ci NOT NULL,
  PRIMARY KEY (`id`),
  UNIQUE KEY `role_name_key` (`name`)
) ENGINE=InnoDB AUTO_INCREMENT=5 DEFAULT CHARSET=utf8mb4 COLLATE=utf8mb4_unicode_ci;
/*!40101 SET character_set_client = @saved_cs_client */;

--
-- Dumping data for table `role`
--

LOCK TABLES `role` WRITE;
/*!40000 ALTER TABLE `role` DISABLE KEYS */;
INSERT INTO `role` VALUES (2,'ADMIN'),(3,'COMPANY'),(1,'ROOT'),(4,'USER');
/*!40000 ALTER TABLE `role` ENABLE KEYS */;
UNLOCK TABLES;

--
-- Table structure for table `role_permission`
--

DROP TABLE IF EXISTS `role_permission`;
/*!40101 SET @saved_cs_client     = @@character_set_client */;
/*!50503 SET character_set_client = utf8mb4 */;
CREATE TABLE `role_permission` (
  `id` int NOT NULL AUTO_INCREMENT,
  `permission_id` int NOT NULL,
  `role_id` int NOT NULL,
  PRIMARY KEY (`id`),
  UNIQUE KEY `role_permission_permission_id_role_id_key` (`permission_id`,`role_id`),
  KEY `role_permission_role_id_fkey` (`role_id`),
  CONSTRAINT `role_permission_permission_id_fkey` FOREIGN KEY (`permission_id`) REFERENCES `permission` (`id`) ON DELETE RESTRICT ON UPDATE CASCADE,
  CONSTRAINT `role_permission_role_id_fkey` FOREIGN KEY (`role_id`) REFERENCES `role` (`id`) ON DELETE RESTRICT ON UPDATE CASCADE
) ENGINE=InnoDB AUTO_INCREMENT=106 DEFAULT CHARSET=utf8mb4 COLLATE=utf8mb4_unicode_ci;
/*!40101 SET character_set_client = @saved_cs_client */;

--
-- Dumping data for table `role_permission`
--

LOCK TABLES `role_permission` WRITE;
/*!40000 ALTER TABLE `role_permission` DISABLE KEYS */;
INSERT INTO `role_permission` VALUES (37,1,1),(1,1,3),(42,1,4),(39,2,1),(3,2,3),(45,2,4),(41,3,1),(2,3,3),(47,3,4),(43,4,1),(4,4,3),(49,4,4),(44,5,1),(5,5,3),(46,6,1),(6,6,3),(48,7,1),(7,7,3),(50,8,1),(8,8,3),(52,9,1),(9,9,3),(54,10,1),(10,10,3),(51,10,4),(56,11,1),(11,11,3),(53,11,4),(58,12,1),(12,12,3),(60,13,1),(13,13,3),(62,14,1),(14,14,3),(55,14,4),(64,15,1),(15,15,3),(57,15,4),(66,16,1),(16,16,3),(68,17,1),(59,17,4),(70,18,1),(61,18,4),(72,19,1),(63,19,4),(74,20,1),(65,20,4),(76,21,1),(67,21,4),(78,22,1),(69,22,4),(81,23,1),(17,23,3),(82,24,1),(18,24,3),(71,24,4),(84,25,1),(19,25,3),(73,25,4),(86,26,1),(20,26,3),(88,27,1),(75,27,4),(90,28,1),(77,28,4),(91,29,1),(21,29,3),(79,29,4),(92,30,1),(22,30,3),(80,30,4),(93,31,1),(23,31,3),(83,31,4),(94,32,1),(24,32,3),(85,32,4),(95,33,1),(25,33,3),(87,33,4),(96,34,1),(26,34,3),(97,35,1),(27,35,3),(89,35,4),(98,36,1),(28,36,3),(99,37,1),(30,37,3),(29,37,4),(100,38,1),(32,38,3),(31,38,4),(102,39,1),(34,39,3),(101,40,1),(36,40,3),(103,41,1),(38,41,3),(33,41,4),(104,42,1),(40,42,3),(105,43,1),(35,43,4);
/*!40000 ALTER TABLE `role_permission` ENABLE KEYS */;
UNLOCK TABLES;

--
-- Table structure for table `tag`
--

DROP TABLE IF EXISTS `tag`;
/*!40101 SET @saved_cs_client     = @@character_set_client */;
/*!50503 SET character_set_client = utf8mb4 */;
CREATE TABLE `tag` (
  `id` int NOT NULL AUTO_INCREMENT,
  `job_category_id` int NOT NULL,
  `name` varchar(255) COLLATE utf8mb4_unicode_ci NOT NULL,
  PRIMARY KEY (`id`),
  KEY `tag_job_category_id_fkey` (`job_category_id`),
  CONSTRAINT `tag_job_category_id_fkey` FOREIGN KEY (`job_category_id`) REFERENCES `job_category` (`id`) ON DELETE RESTRICT ON UPDATE CASCADE
) ENGINE=InnoDB DEFAULT CHARSET=utf8mb4 COLLATE=utf8mb4_unicode_ci;
/*!40101 SET character_set_client = @saved_cs_client */;

--
-- Dumping data for table `tag`
--

LOCK TABLES `tag` WRITE;
/*!40000 ALTER TABLE `tag` DISABLE KEYS */;
/*!40000 ALTER TABLE `tag` ENABLE KEYS */;
UNLOCK TABLES;

--
-- Table structure for table `user`
--

DROP TABLE IF EXISTS `user`;
/*!40101 SET @saved_cs_client     = @@character_set_client */;
/*!50503 SET character_set_client = utf8mb4 */;
CREATE TABLE `user` (
  `id` int NOT NULL AUTO_INCREMENT,
  `company_id` int DEFAULT NULL,
  `city_id` int DEFAULT NULL,
  `district_id` int DEFAULT NULL,
  `email` varchar(191) COLLATE utf8mb4_unicode_ci NOT NULL,
  `first_name` varchar(255) COLLATE utf8mb4_unicode_ci NOT NULL,
  `last_name` varchar(255) COLLATE utf8mb4_unicode_ci NOT NULL,
  `password` varchar(255) COLLATE utf8mb4_unicode_ci NOT NULL,
  `avatar` varchar(255) COLLATE utf8mb4_unicode_ci DEFAULT NULL,
  `dob` datetime(3) DEFAULT NULL,
  `gender` int DEFAULT NULL,
  `phone_number` varchar(255) COLLATE utf8mb4_unicode_ci DEFAULT NULL,
  `marital_status` int DEFAULT NULL,
  `address` varchar(255) COLLATE utf8mb4_unicode_ci DEFAULT NULL,
  `education_level` int DEFAULT NULL,
  `status` tinyint NOT NULL DEFAULT '0',
  `create_at` timestamp NULL DEFAULT CURRENT_TIMESTAMP,
  `create_by` int DEFAULT NULL,
  `update_at` timestamp NULL DEFAULT CURRENT_TIMESTAMP,
  `update_by` int DEFAULT NULL,
  PRIMARY KEY (`id`),
  UNIQUE KEY `user_email_key` (`email`),
  KEY `user_company_id_fkey` (`company_id`),
  KEY `user_city_id_fkey` (`city_id`),
  KEY `user_district_id_fkey` (`district_id`),
  FULLTEXT KEY `user_first_name_last_name_idx` (`first_name`,`last_name`),
  CONSTRAINT `user_city_id_fkey` FOREIGN KEY (`city_id`) REFERENCES `city` (`id`) ON DELETE SET NULL ON UPDATE CASCADE,
  CONSTRAINT `user_company_id_fkey` FOREIGN KEY (`company_id`) REFERENCES `company` (`id`) ON DELETE SET NULL ON UPDATE CASCADE,
  CONSTRAINT `user_district_id_fkey` FOREIGN KEY (`district_id`) REFERENCES `district` (`id`) ON DELETE SET NULL ON UPDATE CASCADE
) ENGINE=InnoDB AUTO_INCREMENT=44 DEFAULT CHARSET=utf8mb4 COLLATE=utf8mb4_unicode_ci;
/*!40101 SET character_set_client = @saved_cs_client */;

--
-- Dumping data for table `user`
--

LOCK TABLES `user` WRITE;
/*!40000 ALTER TABLE `user` DISABLE KEYS */;
INSERT INTO `user` VALUES (1,NULL,NULL,NULL,'admin@gmail.com','','Admin','$2b$10$VirGJb9/nxKpDOxUTTvETOxXtqZ/MDJjspr/qOKuZU078xp65ggWW','https://job-nest.s3.ap-southeast-1.amazonaws.com/logo.jpg','2002-06-29 20:33:51.983',0,NULL,NULL,NULL,NULL,1,'2024-06-29 20:33:52',NULL,'2024-06-29 20:33:52',NULL),(2,NULL,15,110,'user@gmail.com','Nguyễn','Sơn','$2b$10$a7kNLkoGgxfoWepWItJ7jux94uKi9NZ0prRn86Kk3Pma1v3CvI/i.','https://job-nest.s3.amazonaws.com/images/40d3b4b7001b02b863a862df661d4e8af6ed028f115d25e7a77cfd96a4089664fd31bc9e581a44aa49895f8a185671ebd9c374efeeb705b968bd0897e9d81d01.png','2002-06-29 20:33:51.983',0,'0987654321',0,'Vĩnh Ngọc',5,1,'2024-06-29 20:33:52',NULL,'2024-07-09 15:28:39',NULL),(3,1,NULL,NULL,'company@gmail.com','Global','Tech','$2b$10$VirGJb9/nxKpDOxUTTvETOxXtqZ/MDJjspr/qOKuZU078xp65ggWW','https://job-nest.s3.amazonaws.com/images/d18e66eccb46a6218d0175d370f8f27f73cc8e9d5960d0cdfdbc4a56c1dc0087af8d3142553ede35acd664ce2851fe5c99d97a23851807b92fc16b0e9d5767cd.png','2002-06-29 20:33:51.983',0,NULL,NULL,NULL,NULL,1,'2024-06-29 20:33:52',NULL,'2024-07-06 18:30:31',NULL),(4,NULL,NULL,NULL,'ng.xson194160@gmail.com','Nguyễn Xuân','Sơn','$2b$10$u1QiZqJSu6Qv/VspSKYxduS4GlBqybVqbIkBmKElRxWGeK.GiqkDC','https://job-nest.s3.ap-southeast-1.amazonaws.com/user-avatar-default.jpg',NULL,NULL,'0964815431',NULL,NULL,NULL,1,'2024-06-30 09:46:44',NULL,'2024-06-30 09:46:44',NULL),(5,NULL,NULL,NULL,'sona1k50cl@gmail.com','Nguyễn','Hà','$2b$10$3QnzdUiB29dpPMCzkDWjde86X7IgVRH.Jt3LhXgfvIDqLo5hpUDVW','https://job-nest.s3.ap-southeast-1.amazonaws.com/user-avatar-default.jpg',NULL,NULL,'0987654321',NULL,NULL,NULL,1,'2024-06-30 11:28:59',NULL,'2024-06-30 11:29:30',NULL),(6,2,NULL,NULL,'sonxzys1@gmail.com','Nguyễn Xuân','Hà','$2b$10$C0hB6agvp4bHVvoOpcqjrOSvhYj7UcIbjhHGjW6i.TXmCIUJ36Iui','https://job-nest.s3.ap-southeast-1.amazonaws.com/user-avatar-default.jpg',NULL,NULL,NULL,NULL,NULL,NULL,1,'2024-06-30 14:33:24',NULL,'2024-06-30 14:34:11',NULL),(7,NULL,NULL,NULL,'tiencm194182@gmail.com','Chu ','Mạnh Tiến','$2b$10$/6Zj0I919CqeeooUnfbpceNdKQ7OcnL/j4PQqrQnzrQN1ehYGf4I6','https://job-nest.s3.ap-southeast-1.amazonaws.com/user-avatar-default.jpg',NULL,NULL,'0979832445',NULL,NULL,NULL,1,'2024-06-30 15:13:59',NULL,'2024-06-30 15:14:11',NULL),(8,NULL,NULL,NULL,'minhtuan09.dev@gmail.com','Nguyễn Minh','Tuấn','$2b$10$zbhTyIHtmOupm0qbpm9IpOKQFcjVzEK4uo0cN7I0GtDePr731Xjqa','https://job-nest.s3.ap-southeast-1.amazonaws.com/user-avatar-default.jpg',NULL,NULL,'0355347788',NULL,NULL,NULL,1,'2024-07-02 01:44:38',NULL,'2024-07-02 01:45:53',NULL),(9,NULL,NULL,NULL,'zcx@gmail.com','dsaf','ádf','$2b$10$mJQ1UIqxs.1UkFe3ImDTRu0rBYKI94XGmVBjptSSb2z6N7wbkO1jq','https://job-nest.s3.ap-southeast-1.amazonaws.com/user-avatar-default.jpg',NULL,NULL,'0912345678',NULL,NULL,NULL,1,'2024-07-02 16:53:38',NULL,'2024-07-02 16:53:38',NULL),(10,NULL,NULL,NULL,'zxc@gmail.com','dfgsdfg','dfgdfgdfg','$2b$10$WArLbdWrEIrhnMXfOcCtSepacxZf523lVHGD9MLbBofTVrJiSZ2Ba','https://job-nest.s3.ap-southeast-1.amazonaws.com/user-avatar-default.jpg',NULL,NULL,'0912345678',NULL,NULL,NULL,1,'2024-07-02 17:16:07',NULL,'2024-07-02 17:16:07',NULL),(11,3,NULL,NULL,'bsdkf@gmail.com','Nguyễn Van ','Nam','$2b$10$TaCcJknhQERbzE09Absh8uPKkyo05x97nWOyzim/5FavaCXT1yztC','https://job-nest.s3.ap-southeast-1.amazonaws.com/user-avatar-default.jpg',NULL,NULL,NULL,NULL,NULL,NULL,1,'2024-07-02 17:33:23',NULL,'2024-07-02 17:33:23',NULL),(12,NULL,NULL,NULL,'boomonline59@gmail.com','Lang','Long','$2b$10$AoTTcLVtyzaslsqb4AqGwubrAL58deihY26VpC8yftDQK3XIJFS5.','https://job-nest.s3.ap-southeast-1.amazonaws.com/user-avatar-default.jpg',NULL,NULL,'0988337443',NULL,NULL,NULL,1,'2024-07-03 11:06:45',NULL,'2024-07-03 11:07:24',NULL),(13,4,NULL,NULL,'tuantuan922001@gmail.com','Nguyễn Minh','Tuấn','$2b$10$.VAviO6L4XA7NXvzkbGzSOas4uivXry5ghAQzZLISMXQm/ddWAjmq','https://job-nest.s3.ap-southeast-1.amazonaws.com/user-avatar-default.jpg',NULL,NULL,NULL,NULL,NULL,NULL,1,'2024-07-04 02:45:20',NULL,'2024-07-04 02:45:41',NULL),(14,5,NULL,NULL,'company2@gmail.com','Company','2','$2b$10$mKqlpqe5.12T5IzHuONJ1O9yhpQxA6rRHenjKLjmbsaB3oUff1oVW','https://job-nest.s3.ap-southeast-1.amazonaws.com/user-avatar-default.jpg',NULL,NULL,NULL,NULL,NULL,NULL,1,'2024-07-07 06:17:08',NULL,'2024-07-07 06:17:08',NULL),(15,6,NULL,NULL,'company3@gmail.com','company','3','$2b$10$eXCNMYUQwWsm3foRTC35b.znMuuJ5cG2cKqeAdj8fOB8AyzXPQfHS','https://job-nest.s3.ap-southeast-1.amazonaws.com/user-avatar-default.jpg',NULL,NULL,NULL,NULL,NULL,NULL,1,'2024-07-07 06:27:32',NULL,'2024-07-07 06:27:32',NULL),(16,7,NULL,NULL,'company4@gmail.com','company','4','$2b$10$Pq.TO43SLG5RNuQ..cpjou6QE8lFV6xvMuS8jcCbxCau2tU6qGd32','https://job-nest.s3.ap-southeast-1.amazonaws.com/user-avatar-default.jpg',NULL,NULL,NULL,NULL,NULL,NULL,1,'2024-07-07 10:31:04',NULL,'2024-07-07 10:31:04',NULL),(17,8,NULL,NULL,'company5@gmail.com','company','5','$2b$10$pvA.PkxmO0KeBBqp9H1.Bu/lvYHR60HtiJLMDhPK6IMi/eKdFOKim','https://job-nest.s3.ap-southeast-1.amazonaws.com/user-avatar-default.jpg',NULL,NULL,NULL,NULL,NULL,NULL,1,'2024-07-07 10:56:50',NULL,'2024-07-07 10:56:50',NULL),(18,9,NULL,NULL,'comapny6@gmail.com','company','6','$2b$10$zifuq.5I0/IJ6LsH247pXui0cTxglkEgEHX7.YG3StzLGBtIKlsbu','https://job-nest.s3.ap-southeast-1.amazonaws.com/user-avatar-default.jpg',NULL,NULL,NULL,NULL,NULL,NULL,1,'2024-07-07 12:03:28',NULL,'2024-07-07 12:03:28',NULL),(19,10,NULL,NULL,'company7@gmail.com','company','7','$2b$10$6BYbUJGLkT7C9MOreOSCNeyklYYP/cARDUoAhltq.qsmTb4pzSEDW','https://job-nest.s3.ap-southeast-1.amazonaws.com/user-avatar-default.jpg',NULL,NULL,NULL,NULL,NULL,NULL,1,'2024-07-07 14:44:50',NULL,'2024-07-07 14:44:50',NULL),(20,11,NULL,NULL,'company8@gmail.com','company','8','$2b$10$OzGbTfZCmPhUWguTXJBR8uNIMTiV9bsGoI2BoMAO1o2gFclrf0z.W','https://job-nest.s3.ap-southeast-1.amazonaws.com/user-avatar-default.jpg',NULL,NULL,NULL,NULL,NULL,NULL,1,'2024-07-07 15:26:43',NULL,'2024-07-07 15:26:43',NULL),(21,12,NULL,NULL,'company9@gmail.com','company','9','$2b$10$gjB2VjdeD.NZSqjcSTu67enIQtBqltR2/gFfS.8lLAyEq6QG6CGv2','https://job-nest.s3.ap-southeast-1.amazonaws.com/user-avatar-default.jpg',NULL,NULL,NULL,NULL,NULL,NULL,1,'2024-07-07 17:06:44',NULL,'2024-07-07 17:06:44',NULL),(22,13,NULL,NULL,'company10@gmail.com','company','10','$2b$10$jecUcQ4Gx9ulJLpMeEXtr.5ASGlvXxao2/q1TvyShL6TmXAsOBGCu','https://job-nest.s3.ap-southeast-1.amazonaws.com/user-avatar-default.jpg',NULL,NULL,NULL,NULL,NULL,NULL,1,'2024-07-07 18:11:45',NULL,'2024-07-07 18:11:45',NULL),(23,NULL,NULL,NULL,'vuongben@gmail.com','Nguyễn Anh','Vương','$2b$10$iqICuIRwFQk6SBG2/MRjQuVit5x/hTLWhZ4V4f6rOs7iahghyJRkC','https://job-nest.s3.ap-southeast-1.amazonaws.com/user-avatar-default.jpg',NULL,NULL,'0987654324',NULL,NULL,NULL,1,'2024-07-07 20:17:27',NULL,'2024-07-07 20:17:27',NULL),(24,NULL,1,11,'user2@gmail.com','Nguyễn Minh','Tuấn','$2b$10$cqxIpv6lzwBRgyq2MOXKjuR4mWJQsEx65GLIu6yfumlFWETL11CSm','https://job-nest.s3.ap-southeast-1.amazonaws.com/user-avatar-default.jpg','2001-07-07 17:00:00.000',0,'0946375834',0,'Vĩnh Ngọc',2,1,'2024-07-07 20:22:26',NULL,'2024-07-08 14:52:03',NULL),(25,NULL,27,192,'user3@gmail.com','Chu Mạnh ','Tiến','$2b$10$/rao250P2.leRqc55Wm.N.4JU3CKhfJVDYzhh1AOFsMLhgn.C1nfm','https://job-nest.s3.ap-southeast-1.amazonaws.com/user-avatar-default.jpg','2001-07-07 17:00:00.000',0,'0936471883',0,'Số 16 Quế Võ',5,1,'2024-07-07 20:27:16',NULL,'2024-07-08 15:12:48',NULL),(26,NULL,37,259,'user4@gmail.com','Nguyễn Duy ','Hùng','$2b$10$G8eyCVNwr8clZV/ib40UA.xJ4LOEFJW3d3QFBFSv6Y8akTb1vGRfi','https://job-nest.s3.ap-southeast-1.amazonaws.com/user-avatar-default.jpg','2002-07-09 17:00:00.000',0,'0947328944',0,'18 tp Ninh Bình',4,1,'2024-07-08 12:06:19',NULL,'2024-07-08 12:08:37',NULL),(27,NULL,35,243,'user5@gmail.com','Trần Văn','Long','$2b$10$Ns5k7nprUZBQnSRAYFM32uT665zeDrvAJh6oXAVzPSGAbGWF3Jgh6','https://job-nest.s3.ap-southeast-1.amazonaws.com/user-avatar-default.jpg','2003-07-16 17:00:00.000',0,'0374819354',0,'số 15 tp Phủ Lý',4,1,'2024-07-08 12:14:44',NULL,'2024-07-08 16:19:29',NULL),(28,NULL,1,29,'user6@gmail.com','Đỗ Đặng','Phương','$2b$10$GSw3sCpTCCwiQisH/kk41OExO91HK63O5nH/IUGShfZhKvcIuYwXi','https://job-nest.s3.ap-southeast-1.amazonaws.com/user-avatar-default.jpg','2001-07-12 17:00:00.000',0,'0364859183',0,'15 Ứng Hòa',4,1,'2024-07-08 12:27:32',NULL,'2024-07-08 16:21:41',NULL),(29,NULL,1,3,'user7@gmail.com','Nguyễn Thị Ngọc','Ánh','$2b$10$q6ufBzijDZtGE4l6FSqGP.MxHKwuGjUaRq8KQjrPQDeIJjVxRT4ZK','https://job-nest.s3.ap-southeast-1.amazonaws.com/user-avatar-default.jpg','1997-07-24 17:00:00.000',1,'0935275839',0,'Số 17 Tây Hồ',4,1,'2024-07-08 14:38:48',NULL,'2024-07-08 16:40:27',NULL),(30,NULL,1,4,'user8@gmail.com','Lê Thị Thùy','Dương','$2b$10$vtTY.7pV3Zy5jZMlhhm37us/lRCAlgABoASsDoSI.c7K/MgDqRiju','https://job-nest.s3.ap-southeast-1.amazonaws.com/user-avatar-default.jpg','1982-07-07 17:00:00.000',1,'0375839583',1,'Số 18 Long Biên',2,1,'2024-07-08 14:39:21',NULL,'2024-07-08 16:52:21',NULL),(31,NULL,79,552,'user9@gmail.com','Nguyễn Thị Kiều','Trinh','$2b$10$wibepXj4QFVwxQgp2VwhU.tfp8oXc//mTx7mB38G4hsHI.5MTobbC','https://job-nest.s3.ap-southeast-1.amazonaws.com/user-avatar-default.jpg','1991-07-07 17:00:00.000',1,'0374819264',1,'số 18',4,1,'2024-07-08 14:39:58',NULL,'2024-07-08 16:56:59',NULL),(32,NULL,24,163,'user10@gmail.com','Đàm Quân','Sơn','$2b$10$WYYhnhVBD.nX2clII2JzOOzaAr8Th9ZSQD8TF4cnFOkdgSwe3h3bO','https://job-nest.s3.ap-southeast-1.amazonaws.com/user-avatar-default.jpg','2001-04-17 17:00:00.000',0,'0374618493',0,'số 113 Lục Ngạn',5,1,'2024-07-08 14:40:45',NULL,'2024-07-08 17:00:40',NULL),(33,NULL,1,5,'user11@gmail.com','Nguyễn Minh','Thắng','$2b$10$ORvfIbEmnxpmCN2NKjtW9u77rmKs4b.Kj5QtTGTnGfq0opr0UYf7C','https://job-nest.s3.ap-southeast-1.amazonaws.com/user-avatar-default.jpg','2001-07-04 17:00:00.000',0,'0987656412',0,'phường Quan Hoa',4,1,'2024-07-08 14:41:14',NULL,'2024-07-08 17:07:20',NULL),(34,NULL,26,181,'user12@gmail.com','Nguyễn Hồng','Sơn','$2b$10$g0g6KnCw3hvEnNHknUhK/.aFPAQNgbGx2q7uXCxIVcRfrxujg7vOK','https://job-nest.s3.ap-southeast-1.amazonaws.com/user-avatar-default.jpg','2001-06-30 17:00:00.000',0,'0583629479',0,'Số 27 Vĩnh Yên',5,1,'2024-07-08 14:41:39',NULL,'2024-07-08 17:15:24',NULL),(35,NULL,1,11,'user13@gmail.com','Bùi Thị Kim','Dung','$2b$10$B31kJEx4Pu9zRTJtWaR9NOR63dlEsNq.quaEQ5fbM3eNIqd2v15FG','https://job-nest.s3.ap-southeast-1.amazonaws.com/user-avatar-default.jpg','2000-07-08 17:00:00.000',1,'0726385934',0,'Vĩnh Ngọc',2,1,'2024-07-08 14:42:22',NULL,'2024-07-08 17:17:31',NULL),(36,NULL,1,11,'user14@gmail.com','Nguyễn Việt','Khanh','$2b$10$Nw8xbQBXnW9oZEdpyPCbDOanXe9JYmbW4UvGKdvtsPDEkufjhQKTi','https://job-nest.s3.ap-southeast-1.amazonaws.com/user-avatar-default.jpg','2001-07-02 17:00:00.000',0,'0527483918',0,'Vĩnh Ngọc',5,1,'2024-07-08 14:44:11',NULL,'2024-07-08 17:20:20',NULL),(37,NULL,1,11,'user15@gmail.com','Nguyễn Thị','Hòa','$2b$10$/SmB6THw.ONPqEZnRRZD2u3O9oLgN1MLbQO1YumdXCjC3nuDqxjEC','https://job-nest.s3.ap-southeast-1.amazonaws.com/user-avatar-default.jpg','2023-07-04 17:00:00.000',1,'0365849593',1,'Tàm Xá',2,1,'2024-07-08 14:44:33',NULL,'2024-07-08 17:27:36',NULL),(38,NULL,1,6,'user16@gmail.com','Nguyễn Ngọc','Tuyết','$2b$10$kmQkhIIBJ89vNefXBHoTt.B2cZmqHBem4QaTkKh.ltfIoRN0WRj2m','https://job-nest.s3.ap-southeast-1.amazonaws.com/user-avatar-default.jpg','1994-07-08 17:00:00.000',1,'0384658395',1,'126 Láng',4,1,'2024-07-08 14:45:11',NULL,'2024-07-08 17:30:17',NULL),(39,NULL,1,3,'user17@gmail.com','Nguyễn Ngọc','Mai','$2b$10$a8uN8.vCcMo/2flODve4Se91CbFymDS5pJyKczPu/3JCZvageWvKO','https://job-nest.s3.ap-southeast-1.amazonaws.com/user-avatar-default.jpg','2000-07-08 17:00:00.000',1,'0573649163',0,' ád ád ádf',4,1,'2024-07-08 14:45:32',NULL,'2024-07-08 17:34:30',NULL),(40,NULL,1,11,'user18@gmail.com','Đinh Đức','Toàn','$2b$10$SkiSIhojzcVYhGOrKEhZO.jZfSYYARjdhht0PD1gPALSMICQ1OptG','https://job-nest.s3.ap-southeast-1.amazonaws.com/user-avatar-default.jpg','2004-07-08 17:00:00.000',0,'0373859365',0,'Vĩnh Ngọc',4,1,'2024-07-08 14:46:12',NULL,'2024-07-08 17:42:07',NULL),(41,NULL,1,11,'sonx1zys@gmail.com','Nguyễn Xuân','Hà','$2b$10$ShQ.rVGQPmgxDD13RRW6OOfr5.DCd2FKC/pa91a/QlS2YJqcS2ypm','https://job-nest.s3.amazonaws.com/images/7c8d5e0a93db147ebab4207f04606b703ec432e1ea1e76b4c24e9ba223b2b308ddfc9374d1c3ac9dbb3b62df15291a5420ffe590a39c5682d744f379a15f82c7.png','2004-06-30 17:00:00.000',0,'0987654321',0,'Vĩnh Ngọc',4,1,'2024-07-08 18:15:52',NULL,'2024-07-08 18:24:00',NULL),(42,NULL,NULL,NULL,'team28.oop@gmail.com','as','sa','$2b$10$nLwdzBW9b76ny4TBbuS4xOaunlZT8SFJz4mgxgaJl0FxzcEYzWKm.','https://job-nest.s3.ap-southeast-1.amazonaws.com/user-avatar-default.jpg',NULL,NULL,'0332243456',NULL,NULL,NULL,1,'2024-07-16 10:09:18',NULL,'2024-07-16 10:09:53',NULL),(43,14,NULL,NULL,'lbphet19@gmail.com','Thang','Nguyen','$2b$10$QdquUX8S3BQGRCrcn5suqeVIT0mdYBi5EOqB/nwrL3wNRx57WKOA.','https://job-nest.s3.ap-southeast-1.amazonaws.com/user-avatar-default.jpg',NULL,NULL,NULL,NULL,NULL,NULL,1,'2024-07-16 10:27:37',NULL,'2024-07-16 10:28:47',NULL);
/*!40000 ALTER TABLE `user` ENABLE KEYS */;
UNLOCK TABLES;

--
-- Table structure for table `user_follow_blog`
--

DROP TABLE IF EXISTS `user_follow_blog`;
/*!40101 SET @saved_cs_client     = @@character_set_client */;
/*!50503 SET character_set_client = utf8mb4 */;
CREATE TABLE `user_follow_blog` (
  `id` int NOT NULL AUTO_INCREMENT,
  `blog_id` int NOT NULL,
  `user_id` int NOT NULL,
  `create_at` timestamp NULL DEFAULT CURRENT_TIMESTAMP,
  `update_at` timestamp NULL DEFAULT CURRENT_TIMESTAMP,
  PRIMARY KEY (`id`),
  UNIQUE KEY `user_follow_blog_blog_id_user_id_key` (`blog_id`,`user_id`),
  KEY `user_follow_blog_user_id_fkey` (`user_id`),
  CONSTRAINT `user_follow_blog_blog_id_fkey` FOREIGN KEY (`blog_id`) REFERENCES `blog` (`id`) ON DELETE RESTRICT ON UPDATE CASCADE,
  CONSTRAINT `user_follow_blog_user_id_fkey` FOREIGN KEY (`user_id`) REFERENCES `user` (`id`) ON DELETE RESTRICT ON UPDATE CASCADE
) ENGINE=InnoDB AUTO_INCREMENT=5 DEFAULT CHARSET=utf8mb4 COLLATE=utf8mb4_unicode_ci;
/*!40101 SET character_set_client = @saved_cs_client */;

--
-- Dumping data for table `user_follow_blog`
--

LOCK TABLES `user_follow_blog` WRITE;
/*!40000 ALTER TABLE `user_follow_blog` DISABLE KEYS */;
INSERT INTO `user_follow_blog` VALUES (1,2,2,'2024-07-06 18:45:32','2024-07-06 18:45:32'),(2,2,26,'2024-07-08 15:43:18','2024-07-08 15:43:18'),(3,1,26,'2024-07-08 15:43:19','2024-07-08 15:43:19'),(4,3,26,'2024-07-08 15:43:20','2024-07-08 15:43:20');
/*!40000 ALTER TABLE `user_follow_blog` ENABLE KEYS */;
UNLOCK TABLES;

--
-- Table structure for table `user_follow_job`
--

DROP TABLE IF EXISTS `user_follow_job`;
/*!40101 SET @saved_cs_client     = @@character_set_client */;
/*!50503 SET character_set_client = utf8mb4 */;
CREATE TABLE `user_follow_job` (
  `id` int NOT NULL AUTO_INCREMENT,
  `job_id` int NOT NULL,
  `user_id` int NOT NULL,
  `create_at` timestamp NULL DEFAULT CURRENT_TIMESTAMP,
  `update_at` timestamp NULL DEFAULT CURRENT_TIMESTAMP,
  PRIMARY KEY (`id`),
  UNIQUE KEY `user_follow_job_job_id_user_id_key` (`job_id`,`user_id`),
  KEY `user_follow_job_user_id_fkey` (`user_id`),
  CONSTRAINT `user_follow_job_job_id_fkey` FOREIGN KEY (`job_id`) REFERENCES `job` (`id`) ON DELETE RESTRICT ON UPDATE CASCADE,
  CONSTRAINT `user_follow_job_user_id_fkey` FOREIGN KEY (`user_id`) REFERENCES `user` (`id`) ON DELETE RESTRICT ON UPDATE CASCADE
) ENGINE=InnoDB AUTO_INCREMENT=53 DEFAULT CHARSET=utf8mb4 COLLATE=utf8mb4_unicode_ci;
/*!40101 SET character_set_client = @saved_cs_client */;

--
-- Dumping data for table `user_follow_job`
--

LOCK TABLES `user_follow_job` WRITE;
/*!40000 ALTER TABLE `user_follow_job` DISABLE KEYS */;
INSERT INTO `user_follow_job` VALUES (1,1,2,'2024-06-30 10:34:07','2024-06-30 10:34:07'),(2,5,2,'2024-07-01 12:41:35','2024-07-01 12:41:35'),(4,1,9,'2024-07-02 17:02:21','2024-07-02 17:02:21'),(5,5,12,'2024-07-03 11:11:28','2024-07-03 11:11:28'),(6,5,8,'2024-07-04 02:37:36','2024-07-04 02:37:36'),(7,88,23,'2024-07-07 20:20:12','2024-07-07 20:20:12'),(8,80,23,'2024-07-07 20:20:33','2024-07-07 20:20:33'),(9,17,23,'2024-07-07 20:21:18','2024-07-07 20:21:18'),(10,86,24,'2024-07-07 20:23:21','2024-07-07 20:23:21'),(11,69,24,'2024-07-07 20:24:26','2024-07-07 20:24:26'),(12,9,24,'2024-07-07 20:25:18','2024-07-07 20:25:18'),(13,80,25,'2024-07-07 20:28:17','2024-07-07 20:28:17'),(14,83,25,'2024-07-07 20:28:19','2024-07-07 20:28:19'),(15,87,25,'2024-07-07 20:29:13','2024-07-07 20:29:13'),(16,84,25,'2024-07-07 20:29:35','2024-07-07 20:29:35'),(17,78,27,'2024-07-08 12:16:02','2024-07-08 12:16:02'),(18,82,27,'2024-07-08 12:16:11','2024-07-08 12:16:11'),(19,80,27,'2024-07-08 12:24:25','2024-07-08 12:24:25'),(20,83,26,'2024-07-08 12:25:29','2024-07-08 12:25:29'),(21,82,26,'2024-07-08 12:25:31','2024-07-08 12:25:31'),(22,1,24,'2024-07-08 15:09:45','2024-07-08 15:09:45'),(23,17,25,'2024-07-08 15:41:15','2024-07-08 15:41:15'),(24,86,25,'2024-07-08 15:41:28','2024-07-08 15:41:28'),(25,69,25,'2024-07-08 15:41:31','2024-07-08 15:41:31'),(26,81,25,'2024-07-08 15:41:45','2024-07-08 15:41:45'),(27,17,28,'2024-07-08 16:24:40','2024-07-08 16:24:40'),(28,86,28,'2024-07-08 16:25:18','2024-07-08 16:25:18'),(29,50,29,'2024-07-08 16:41:14','2024-07-08 16:41:14'),(30,55,29,'2024-07-08 16:50:12','2024-07-08 16:50:12'),(31,21,30,'2024-07-08 16:53:07','2024-07-08 16:53:07'),(32,80,33,'2024-07-08 17:09:45','2024-07-08 17:09:45'),(33,87,34,'2024-07-08 17:12:44','2024-07-08 17:12:44'),(34,83,34,'2024-07-08 17:12:49','2024-07-08 17:12:49'),(35,80,34,'2024-07-08 17:12:54','2024-07-08 17:12:54'),(36,67,35,'2024-07-08 17:18:01','2024-07-08 17:18:01'),(37,21,35,'2024-07-08 17:18:07','2024-07-08 17:18:07'),(38,14,35,'2024-07-08 17:18:10','2024-07-08 17:18:10'),(39,26,37,'2024-07-08 17:28:42','2024-07-08 17:28:42'),(40,58,38,'2024-07-08 17:31:08','2024-07-08 17:31:08'),(41,19,38,'2024-07-08 17:31:19','2024-07-08 17:31:19'),(42,37,39,'2024-07-08 17:35:13','2024-07-08 17:35:13'),(43,38,39,'2024-07-08 17:35:14','2024-07-08 17:35:14'),(44,25,40,'2024-07-08 17:42:39','2024-07-08 17:42:39'),(45,17,41,'2024-07-08 18:17:03','2024-07-08 18:17:03'),(46,86,41,'2024-07-08 18:25:08','2024-07-08 18:25:08'),(47,83,41,'2024-07-08 18:25:09','2024-07-08 18:25:09'),(48,69,41,'2024-07-08 18:25:11','2024-07-08 18:25:11'),(49,5,41,'2024-07-08 18:25:46','2024-07-08 18:25:46'),(50,17,2,'2024-07-09 15:25:14','2024-07-09 15:25:14'),(51,86,2,'2024-07-09 15:31:51','2024-07-09 15:31:51'),(52,89,42,'2024-07-16 10:36:47','2024-07-16 10:36:47');
/*!40000 ALTER TABLE `user_follow_job` ENABLE KEYS */;
UNLOCK TABLES;

--
-- Table structure for table `user_follow_tag`
--

DROP TABLE IF EXISTS `user_follow_tag`;
/*!40101 SET @saved_cs_client     = @@character_set_client */;
/*!50503 SET character_set_client = utf8mb4 */;
CREATE TABLE `user_follow_tag` (
  `id` int NOT NULL AUTO_INCREMENT,
  `tag_id` int NOT NULL,
  `user_id` int NOT NULL,
  PRIMARY KEY (`id`),
  UNIQUE KEY `user_follow_tag_tag_id_user_id_key` (`tag_id`,`user_id`),
  KEY `user_follow_tag_user_id_fkey` (`user_id`),
  CONSTRAINT `user_follow_tag_tag_id_fkey` FOREIGN KEY (`tag_id`) REFERENCES `tag` (`id`) ON DELETE RESTRICT ON UPDATE CASCADE,
  CONSTRAINT `user_follow_tag_user_id_fkey` FOREIGN KEY (`user_id`) REFERENCES `user` (`id`) ON DELETE RESTRICT ON UPDATE CASCADE
) ENGINE=InnoDB DEFAULT CHARSET=utf8mb4 COLLATE=utf8mb4_unicode_ci;
/*!40101 SET character_set_client = @saved_cs_client */;

--
-- Dumping data for table `user_follow_tag`
--

LOCK TABLES `user_follow_tag` WRITE;
/*!40000 ALTER TABLE `user_follow_tag` DISABLE KEYS */;
/*!40000 ALTER TABLE `user_follow_tag` ENABLE KEYS */;
UNLOCK TABLES;

--
-- Table structure for table `user_has_conversation`
--

DROP TABLE IF EXISTS `user_has_conversation`;
/*!40101 SET @saved_cs_client     = @@character_set_client */;
/*!50503 SET character_set_client = utf8mb4 */;
CREATE TABLE `user_has_conversation` (
  `id` int NOT NULL AUTO_INCREMENT,
  `user_id` int NOT NULL,
  `conversation_id` int NOT NULL,
  `status` tinyint NOT NULL DEFAULT '0',
  `create_at` timestamp NULL DEFAULT CURRENT_TIMESTAMP,
  `create_by` int DEFAULT NULL,
  `update_at` timestamp NULL DEFAULT CURRENT_TIMESTAMP,
  `update_by` int DEFAULT NULL,
  PRIMARY KEY (`id`),
  UNIQUE KEY `user_has_conversation_user_id_conversation_id_key` (`user_id`,`conversation_id`),
  KEY `user_has_conversation_conversation_id_fkey` (`conversation_id`),
  CONSTRAINT `user_has_conversation_conversation_id_fkey` FOREIGN KEY (`conversation_id`) REFERENCES `conversation` (`id`) ON DELETE RESTRICT ON UPDATE CASCADE,
  CONSTRAINT `user_has_conversation_user_id_fkey` FOREIGN KEY (`user_id`) REFERENCES `user` (`id`) ON DELETE RESTRICT ON UPDATE CASCADE
) ENGINE=InnoDB AUTO_INCREMENT=19 DEFAULT CHARSET=utf8mb4 COLLATE=utf8mb4_unicode_ci;
/*!40101 SET character_set_client = @saved_cs_client */;

--
-- Dumping data for table `user_has_conversation`
--

LOCK TABLES `user_has_conversation` WRITE;
/*!40000 ALTER TABLE `user_has_conversation` DISABLE KEYS */;
INSERT INTO `user_has_conversation` VALUES (1,2,1,1,'2024-06-30 11:00:47',NULL,'2024-07-16 17:55:05',NULL),(2,3,1,0,'2024-06-30 11:00:47',NULL,'2024-07-16 17:55:05',NULL),(3,5,2,1,'2024-06-30 11:30:52',NULL,'2024-06-30 11:30:52',NULL),(4,3,2,1,'2024-06-30 11:30:52',NULL,'2024-06-30 11:30:52',NULL),(9,2,5,1,'2024-07-01 14:21:13',NULL,'2024-07-01 14:21:13',NULL),(10,6,5,1,'2024-07-01 14:21:13',NULL,'2024-07-01 14:21:13',NULL),(11,9,6,0,'2024-07-02 17:02:59',NULL,'2024-07-06 17:27:38',NULL),(12,3,6,1,'2024-07-02 17:02:59',NULL,'2024-07-06 17:27:38',NULL),(13,29,7,1,'2024-07-08 16:43:19',NULL,'2024-07-08 16:44:34',NULL),(14,3,7,1,'2024-07-08 16:43:19',NULL,'2024-07-08 16:44:39',NULL),(15,40,8,0,'2024-07-08 17:36:21',NULL,'2024-07-09 13:52:27',NULL),(16,3,8,1,'2024-07-08 17:36:21',NULL,'2024-07-09 13:52:27',NULL),(17,41,9,0,'2024-07-08 18:23:43',NULL,'2024-07-09 13:52:23',NULL),(18,3,9,1,'2024-07-08 18:23:43',NULL,'2024-07-09 13:52:23',NULL);
/*!40000 ALTER TABLE `user_has_conversation` ENABLE KEYS */;
UNLOCK TABLES;

--
-- Table structure for table `user_rating_job`
--

DROP TABLE IF EXISTS `user_rating_job`;
/*!40101 SET @saved_cs_client     = @@character_set_client */;
/*!50503 SET character_set_client = utf8mb4 */;
CREATE TABLE `user_rating_job` (
  `id` int NOT NULL AUTO_INCREMENT,
  `job_id` int NOT NULL,
  `user_id` int NOT NULL,
  `score` tinyint NOT NULL,
  `create_at` timestamp NULL DEFAULT CURRENT_TIMESTAMP,
  `update_at` timestamp NULL DEFAULT CURRENT_TIMESTAMP,
  PRIMARY KEY (`id`),
  UNIQUE KEY `user_rating_job_job_id_user_id_key` (`job_id`,`user_id`),
  KEY `user_rating_job_user_id_fkey` (`user_id`),
  CONSTRAINT `user_rating_job_job_id_fkey` FOREIGN KEY (`job_id`) REFERENCES `job` (`id`) ON DELETE RESTRICT ON UPDATE CASCADE,
  CONSTRAINT `user_rating_job_user_id_fkey` FOREIGN KEY (`user_id`) REFERENCES `user` (`id`) ON DELETE RESTRICT ON UPDATE CASCADE
) ENGINE=InnoDB AUTO_INCREMENT=147 DEFAULT CHARSET=utf8mb4 COLLATE=utf8mb4_unicode_ci;
/*!40101 SET character_set_client = @saved_cs_client */;

--
-- Dumping data for table `user_rating_job`
--

LOCK TABLES `user_rating_job` WRITE;
/*!40000 ALTER TABLE `user_rating_job` DISABLE KEYS */;
INSERT INTO `user_rating_job` VALUES (1,1,2,5,'2024-06-30 10:33:37','2024-07-06 18:40:46'),(2,1,5,3,'2024-06-30 11:30:14','2024-06-30 11:30:34'),(5,1,7,1,'2024-06-30 15:41:33','2024-06-30 15:41:33'),(6,5,6,2,'2024-06-30 18:41:42','2024-06-30 18:42:11'),(7,4,6,1,'2024-06-30 18:41:50','2024-06-30 18:41:50'),(8,5,2,5,'2024-07-01 12:40:50','2024-07-02 19:10:11'),(9,4,2,5,'2024-07-01 14:20:11','2024-07-02 18:41:32'),(10,5,8,5,'2024-07-02 01:53:27','2024-07-04 02:37:42'),(12,1,9,5,'2024-07-02 17:02:17','2024-07-02 17:02:51'),(13,5,12,5,'2024-07-03 11:11:18','2024-07-03 11:11:28'),(14,7,13,5,'2024-07-04 02:52:51','2024-07-04 02:53:10'),(15,7,8,5,'2024-07-04 02:53:47','2024-07-04 02:53:57'),(16,1,3,5,'2024-07-06 17:05:49','2024-07-06 17:29:09'),(18,7,2,1,'2024-07-06 18:35:19','2024-07-06 18:35:19'),(19,9,3,5,'2024-07-07 06:14:24','2024-07-19 09:40:49'),(20,11,3,2,'2024-07-07 06:51:39','2024-07-07 06:51:47'),(21,11,2,1,'2024-07-07 06:56:31','2024-07-07 06:56:31'),(22,30,16,1,'2024-07-07 10:42:20','2024-07-07 10:42:20'),(23,47,2,1,'2024-07-07 12:19:01','2024-07-07 12:19:01'),(24,88,23,4,'2024-07-07 20:20:10','2024-07-07 20:20:12'),(25,87,23,5,'2024-07-07 20:20:15','2024-07-07 20:20:19'),(26,84,23,5,'2024-07-07 20:20:25','2024-07-07 20:20:28'),(27,80,23,4,'2024-07-07 20:20:31','2024-07-07 20:20:33'),(28,69,23,1,'2024-07-07 20:20:49','2024-07-07 20:20:49'),(29,73,23,1,'2024-07-07 20:20:51','2024-07-07 20:20:51'),(30,26,23,1,'2024-07-07 20:21:11','2024-07-07 20:21:11'),(31,17,23,3,'2024-07-07 20:21:18','2024-07-07 20:21:18'),(32,9,23,5,'2024-07-07 20:21:24','2024-07-07 20:21:32'),(33,1,23,5,'2024-07-07 20:21:26','2024-07-07 20:21:29'),(34,86,24,4,'2024-07-07 20:23:18','2024-07-07 20:23:21'),(35,87,24,5,'2024-07-07 20:23:25','2024-07-08 15:09:22'),(36,84,24,1,'2024-07-07 20:23:31','2024-07-07 20:23:31'),(37,82,24,5,'2024-07-07 20:23:39','2024-07-07 20:24:43'),(38,76,24,1,'2024-07-07 20:24:16','2024-07-07 20:24:16'),(39,69,24,4,'2024-07-07 20:24:24','2024-07-07 20:24:26'),(40,81,24,5,'2024-07-07 20:24:48','2024-07-07 20:24:51'),(41,80,24,1,'2024-07-07 20:25:03','2024-07-07 20:25:03'),(42,10,24,1,'2024-07-07 20:25:14','2024-07-07 20:25:14'),(43,9,24,3,'2024-07-07 20:25:18','2024-07-07 20:25:18'),(44,1,24,5,'2024-07-07 20:25:21','2024-07-08 15:09:47'),(45,7,24,5,'2024-07-07 20:25:31','2024-07-07 20:25:36'),(46,88,25,2,'2024-07-07 20:27:58','2024-07-07 20:29:17'),(47,87,25,5,'2024-07-07 20:28:02','2024-07-07 20:29:13'),(48,84,25,5,'2024-07-07 20:28:07','2024-07-07 20:29:35'),(49,83,25,5,'2024-07-07 20:28:10','2024-07-08 15:41:42'),(50,80,25,4,'2024-07-07 20:28:14','2024-07-07 20:28:17'),(51,76,25,1,'2024-07-07 20:28:57','2024-07-07 20:28:57'),(52,5,25,5,'2024-07-07 20:29:42','2024-07-07 20:29:46'),(53,4,25,1,'2024-07-07 20:29:56','2024-07-07 20:29:56'),(54,88,27,1,'2024-07-08 12:15:23','2024-07-08 12:15:23'),(55,87,27,5,'2024-07-08 12:15:27','2024-07-08 12:23:54'),(56,84,27,5,'2024-07-08 12:15:39','2024-07-08 12:24:06'),(57,81,27,5,'2024-07-08 12:15:44','2024-07-08 12:24:42'),(58,78,27,4,'2024-07-08 12:16:00','2024-07-08 12:16:02'),(59,82,27,4,'2024-07-08 12:16:07','2024-07-08 12:16:11'),(60,69,27,1,'2024-07-08 12:16:34','2024-07-08 12:16:34'),(61,71,27,1,'2024-07-08 12:16:35','2024-07-08 12:16:35'),(62,70,27,1,'2024-07-08 12:16:36','2024-07-08 12:16:36'),(63,9,27,1,'2024-07-08 12:16:44','2024-07-08 12:16:44'),(64,5,27,1,'2024-07-08 12:16:54','2024-07-08 12:16:54'),(65,80,27,4,'2024-07-08 12:24:23','2024-07-08 12:24:25'),(66,7,27,1,'2024-07-08 12:24:47','2024-07-08 12:24:47'),(67,87,26,5,'2024-07-08 12:25:12','2024-07-08 12:25:15'),(68,86,26,1,'2024-07-08 12:25:18','2024-07-08 12:25:18'),(69,84,26,1,'2024-07-08 12:25:24','2024-07-08 12:25:24'),(70,83,26,3,'2024-07-08 12:25:30','2024-07-08 12:25:30'),(71,82,26,4,'2024-07-08 12:25:31','2024-07-08 12:26:12'),(72,81,26,5,'2024-07-08 12:25:34','2024-07-08 12:26:16'),(73,85,26,1,'2024-07-08 12:25:43','2024-07-08 12:25:43'),(74,9,26,5,'2024-07-08 12:26:03','2024-07-08 12:26:06'),(75,7,26,1,'2024-07-08 12:26:09','2024-07-08 12:26:09'),(76,17,25,5,'2024-07-08 15:41:15','2024-07-08 15:41:21'),(77,86,25,4,'2024-07-08 15:41:25','2024-07-08 15:41:28'),(78,69,25,5,'2024-07-08 15:41:31','2024-07-08 15:41:35'),(79,81,25,3,'2024-07-08 15:41:45','2024-07-08 15:41:45'),(80,69,28,5,'2024-07-08 16:24:27','2024-07-08 16:24:30'),(81,17,28,5,'2024-07-08 16:24:35','2024-07-08 16:25:43'),(82,5,28,5,'2024-07-08 16:24:51','2024-07-08 16:24:54'),(83,86,28,5,'2024-07-08 16:25:18','2024-07-08 16:25:48'),(84,75,29,5,'2024-07-08 16:40:58','2024-07-08 16:41:01'),(85,57,29,2,'2024-07-08 16:41:07','2024-07-08 16:41:36'),(86,50,29,4,'2024-07-08 16:41:12','2024-07-08 16:41:14'),(87,49,29,2,'2024-07-08 16:41:40','2024-07-08 16:50:15'),(88,55,29,3,'2024-07-08 16:50:12','2024-07-08 16:50:12'),(89,28,30,1,'2024-07-08 16:53:03','2024-07-08 16:53:03'),(90,21,30,3,'2024-07-08 16:53:07','2024-07-08 16:53:07'),(91,14,30,5,'2024-07-08 16:53:09','2024-07-08 16:53:53'),(92,17,30,1,'2024-07-08 16:53:30','2024-07-08 16:53:30'),(93,14,31,5,'2024-07-08 16:58:30','2024-07-08 16:58:33'),(94,21,31,1,'2024-07-08 16:58:36','2024-07-08 16:58:36'),(95,28,31,1,'2024-07-08 16:58:38','2024-07-08 16:58:38'),(96,1,32,5,'2024-07-08 17:03:14','2024-07-08 17:03:32'),(97,87,32,5,'2024-07-08 17:03:36','2024-07-08 17:03:40'),(98,5,32,5,'2024-07-08 17:03:53','2024-07-08 17:04:06'),(99,87,33,5,'2024-07-08 17:09:28','2024-07-08 17:09:32'),(100,80,33,3,'2024-07-08 17:09:45','2024-07-08 17:09:45'),(101,83,33,5,'2024-07-08 17:09:48','2024-07-08 17:09:51'),(102,69,33,5,'2024-07-08 17:10:10','2024-07-08 17:10:14'),(103,5,33,5,'2024-07-08 17:10:19','2024-07-08 17:10:23'),(104,87,34,5,'2024-07-08 17:12:23','2024-07-08 17:12:44'),(105,83,34,3,'2024-07-08 17:12:49','2024-07-08 17:12:49'),(106,80,34,3,'2024-07-08 17:12:54','2024-07-08 17:12:54'),(107,67,35,5,'2024-07-08 17:18:01','2024-07-08 17:18:19'),(108,21,35,3,'2024-07-08 17:18:07','2024-07-08 17:18:07'),(109,14,35,3,'2024-07-08 17:18:10','2024-07-08 17:18:10'),(110,46,36,5,'2024-07-08 17:21:01','2024-07-08 17:21:05'),(111,45,36,5,'2024-07-08 17:21:24','2024-07-08 17:21:31'),(112,79,37,5,'2024-07-08 17:28:03','2024-07-08 17:28:08'),(113,71,37,5,'2024-07-08 17:28:11','2024-07-08 17:28:19'),(114,26,37,5,'2024-07-08 17:28:38','2024-07-08 17:28:51'),(115,58,38,3,'2024-07-08 17:31:08','2024-07-08 17:31:08'),(116,51,38,5,'2024-07-08 17:31:09','2024-07-08 17:31:13'),(117,19,38,3,'2024-07-08 17:31:19','2024-07-08 17:31:19'),(118,48,38,5,'2024-07-08 17:31:21','2024-07-08 17:31:27'),(119,37,39,3,'2024-07-08 17:35:13','2024-07-08 17:35:13'),(120,38,39,3,'2024-07-08 17:35:14','2024-07-08 17:35:14'),(121,39,39,1,'2024-07-08 17:35:16','2024-07-08 17:35:16'),(122,40,39,1,'2024-07-08 17:35:17','2024-07-08 17:35:17'),(123,42,39,1,'2024-07-08 17:35:21','2024-07-08 17:35:21'),(124,60,39,5,'2024-07-08 17:35:23','2024-07-08 17:35:26'),(125,62,39,1,'2024-07-08 17:35:29','2024-07-08 17:35:29'),(126,64,39,5,'2024-07-08 17:35:32','2024-07-08 17:35:35'),(127,88,40,1,'2024-07-08 17:42:16','2024-07-08 17:42:16'),(128,25,40,4,'2024-07-08 17:42:31','2024-07-08 17:42:39'),(129,17,41,5,'2024-07-08 18:16:58','2024-07-08 18:23:29'),(130,86,41,3,'2024-07-08 18:25:08','2024-07-08 18:25:08'),(131,83,41,3,'2024-07-08 18:25:09','2024-07-08 18:25:09'),(132,69,41,4,'2024-07-08 18:25:11','2024-07-08 18:25:14'),(133,5,41,4,'2024-07-08 18:25:46','2024-07-08 18:25:49'),(134,86,3,5,'2024-07-08 18:29:11','2024-07-09 15:34:24'),(135,17,2,5,'2024-07-09 15:24:20','2024-07-16 17:32:29'),(136,86,2,4,'2024-07-09 15:31:51','2024-07-18 10:25:43'),(137,48,2,2,'2024-07-09 16:53:53','2024-07-16 17:14:54'),(138,89,42,5,'2024-07-16 10:10:16','2024-07-16 10:36:47'),(139,74,42,1,'2024-07-16 10:17:16','2024-07-16 10:17:16'),(140,64,42,1,'2024-07-16 10:18:07','2024-07-16 10:18:07'),(141,62,42,1,'2024-07-16 10:19:05','2024-07-16 10:19:05'),(142,39,42,1,'2024-07-16 10:19:17','2024-07-16 10:19:17'),(143,20,2,3,'2024-07-16 17:16:56','2024-07-16 17:33:03'),(144,76,2,1,'2024-07-16 17:17:57','2024-07-16 17:17:57'),(145,89,2,5,'2024-07-16 17:32:09','2024-07-16 18:46:08'),(146,28,2,1,'2024-07-18 10:26:00','2024-07-18 10:26:00');
/*!40000 ALTER TABLE `user_rating_job` ENABLE KEYS */;
UNLOCK TABLES;

--
-- Table structure for table `user_role`
--

DROP TABLE IF EXISTS `user_role`;
/*!40101 SET @saved_cs_client     = @@character_set_client */;
/*!50503 SET character_set_client = utf8mb4 */;
CREATE TABLE `user_role` (
  `id` int NOT NULL AUTO_INCREMENT,
  `user_id` int NOT NULL,
  `role_id` int NOT NULL,
  PRIMARY KEY (`id`),
  UNIQUE KEY `user_role_user_id_role_id_key` (`user_id`,`role_id`),
  KEY `user_role_role_id_fkey` (`role_id`),
  CONSTRAINT `user_role_role_id_fkey` FOREIGN KEY (`role_id`) REFERENCES `role` (`id`) ON DELETE RESTRICT ON UPDATE CASCADE,
  CONSTRAINT `user_role_user_id_fkey` FOREIGN KEY (`user_id`) REFERENCES `user` (`id`) ON DELETE RESTRICT ON UPDATE CASCADE
) ENGINE=InnoDB AUTO_INCREMENT=44 DEFAULT CHARSET=utf8mb4 COLLATE=utf8mb4_unicode_ci;
/*!40101 SET character_set_client = @saved_cs_client */;

--
-- Dumping data for table `user_role`
--

LOCK TABLES `user_role` WRITE;
/*!40000 ALTER TABLE `user_role` DISABLE KEYS */;
INSERT INTO `user_role` VALUES (1,1,1),(3,2,4),(2,3,3),(4,4,4),(5,5,4),(6,6,3),(7,7,4),(8,8,4),(9,9,4),(10,10,4),(11,11,3),(12,12,4),(13,13,3),(14,14,3),(15,15,3),(16,16,3),(17,17,3),(18,18,3),(19,19,3),(20,20,3),(21,21,3),(22,22,3),(23,23,4),(24,24,4),(25,25,4),(26,26,4),(27,27,4),(28,28,4),(29,29,4),(30,30,4),(31,31,4),(32,32,4),(33,33,4),(34,34,4),(35,35,4),(36,36,4),(37,37,4),(38,38,4),(39,39,4),(40,40,4),(41,41,4),(42,42,4),(43,43,3);
/*!40000 ALTER TABLE `user_role` ENABLE KEYS */;
UNLOCK TABLES;
/*!40103 SET TIME_ZONE=@OLD_TIME_ZONE */;

/*!40101 SET SQL_MODE=@OLD_SQL_MODE */;
/*!40014 SET FOREIGN_KEY_CHECKS=@OLD_FOREIGN_KEY_CHECKS */;
/*!40014 SET UNIQUE_CHECKS=@OLD_UNIQUE_CHECKS */;
/*!40101 SET CHARACTER_SET_CLIENT=@OLD_CHARACTER_SET_CLIENT */;
/*!40101 SET CHARACTER_SET_RESULTS=@OLD_CHARACTER_SET_RESULTS */;
/*!40101 SET COLLATION_CONNECTION=@OLD_COLLATION_CONNECTION */;
/*!40111 SET SQL_NOTES=@OLD_SQL_NOTES */;

-- Dump completed on 2024-07-22  0:17:02
